CONFIG,seed=-9876543,taps=27
H,tick,birdX,birdY,velY,rotation,rotVel,rotAccel,gravity,hit,idle,score,landX,p1x,p1y,p2x,p2y,p3x,p3y,speed,warmup,rngY,rngZ
START,seed=-9876543,rngY=243217936,rngZ=751066192
I,0
S,0,80,241,-4.7,-10.0,-9.6,0.4,0.3,false,false,0,-14,77,274,234,274,391,274,2,1,243217936,751066192
S,1,80,236,-4.3999996,-19.6,-9.200001,0.4,0.3,false,false,0,-16,75,274,232,274,389,274,2,1,243217936,751066192
S,2,80,231,-4.0999994,-20.0,-8.800001,0.4,0.3,false,false,0,-18,73,274,230,274,387,274,2,1,243217936,751066192
S,3,80,227,-3.7999995,-20.0,-8.400002,0.4,0.3,false,false,0,-20,71,274,228,274,385,274,2,1,243217936,751066192
S,4,80,223,-3.4999995,-20.0,-8.000002,0.4,0.3,false,false,0,-22,69,274,226,274,383,274,2,1,243217936,751066192
S,5,80,219,-3.1999996,-20.0,-7.600002,0.4,0.3,false,false,0,0,67,274,224,274,381,274,2,1,243217936,751066192
S,6,80,216,-2.8999996,-20.0,-7.2000017,0.4,0.3,false,false,0,-2,65,274,222,274,379,274,2,1,243217936,751066192
S,7,80,213,-2.5999997,-20.0,-6.8000016,0.4,0.3,false,false,0,-4,63,274,220,274,377,274,2,1,243217936,751066192
S,8,80,210,-2.2999997,-20.0,-6.4000015,0.4,0.3,false,false,0,-6,61,274,218,274,375,274,2,1,243217936,751066192
S,9,80,208,-1.9999998,-20.0,-6.0000014,0.4,0.3,false,false,0,-8,59,274,216,274,373,274,2,1,243217936,751066192
S,10,80,206,-1.6999998,-20.0,-5.6000013,0.4,0.3,false,false,0,-10,57,274,214,274,371,274,2,1,243217936,751066192
S,11,80,204,-1.3999999,-20.0,-5.2000012,0.4,0.3,false,false,0,-12,55,274,212,274,369,274,2,1,243217936,751066192
S,12,80,202,-1.0999999,-20.0,-4.800001,0.4,0.3,false,false,0,-14,53,274,210,274,367,274,2,1,243217936,751066192
S,13,80,201,-0.7999999,-20.0,-4.400001,0.4,0.3,false,false,0,-16,51,274,208,274,365,274,2,1,243217936,751066192
S,14,80,200,-0.49999988,-20.0,-4.000001,0.4,0.3,false,false,0,-18,49,274,206,274,363,274,2,1,243217936,751066192
S,15,80,199,-0.19999987,-20.0,-3.6000009,0.4,0.3,false,false,0,-20,47,274,204,274,361,274,2,1,243217936,751066192
S,16,80,199,0.10000014,-20.0,-3.2000008,0.4,0.3,false,false,0,-22,45,274,202,274,359,274,2,1,243217936,751066192
S,17,80,199,0.40000015,-20.0,-2.8000007,0.4,0.3,false,false,0,0,43,274,200,274,357,274,2,1,243217936,751066192
S,18,80,199,0.70000017,-20.0,-2.4000006,0.4,0.3,false,false,0,-2,41,274,198,274,355,274,2,1,243217936,751066192
S,19,80,200,1.0000002,-20.0,-2.0000005,0.4,0.3,false,false,0,-4,39,274,196,274,353,274,2,1,243217936,751066192
S,20,80,201,1.3000002,-20.0,-1.6000005,0.4,0.3,false,false,0,-6,37,274,194,274,351,274,2,1,243217936,751066192
S,21,80,202,1.6000001,-20.0,-1.2000005,0.4,0.3,false,false,0,-8,35,274,192,274,349,274,2,1,243217936,751066192
S,22,80,203,1.9000001,-20.0,-0.80000055,0.4,0.3,false,false,0,-10,33,274,190,274,347,274,2,1,243217936,751066192
S,23,80,205,2.2,-20.0,-0.40000054,0.4,0.3,false,false,0,-12,31,274,188,274,345,274,2,1,243217936,751066192
S,24,80,207,2.5,-20.0,-5.364418E-7,0.4,0.3,false,false,0,-14,29,274,186,274,343,274,2,1,243217936,751066192
S,25,80,209,2.8,-20.0,0.39999947,0.4,0.3,false,false,0,-16,27,274,184,274,341,274,2,1,243217936,751066192
S,26,80,212,3.1,-19.6,0.7999995,0.4,0.3,false,false,0,-18,25,274,182,274,339,274,2,1,243217936,751066192
S,27,80,215,3.3999999,-18.800001,1.1999995,0.4,0.3,false,false,0,-20,23,274,180,274,337,274,2,1,243217936,751066192
S,28,80,218,3.6999998,-17.600002,1.5999994,0.4,0.3,false,false,0,-22,21,274,178,274,335,274,2,1,243217936,751066192
S,29,80,222,3.9999998,-16.000004,1.9999994,0.4,0.3,false,false,0,0,19,274,176,274,333,274,2,1,243217936,751066192
S,30,80,226,4.2999997,-14.000005,2.3999994,0.4,0.3,false,false,0,-2,17,274,174,274,331,274,2,1,243217936,751066192
S,31,80,230,4.6,-11.600005,2.7999995,0.4,0.3,false,false,0,-4,15,274,172,274,329,274,2,1,243217936,751066192
S,32,80,234,4.9,-8.800006,3.1999996,0.4,0.3,false,false,0,-6,13,274,170,274,327,274,2,1,243217936,751066192
S,33,80,239,5.2000003,-5.600006,3.5999997,0.4,0.3,false,false,0,-8,11,274,168,274,325,274,2,1,243217936,751066192
S,34,80,244,5.5000005,-2.0000064,3.9999998,0.4,0.3,false,false,0,-10,9,274,166,274,323,274,2,1,243217936,751066192
I,35
S,35,80,239,-4.7,-12.000007,-9.6,0.4,0.3,false,false,0,-12,7,274,164,274,321,274,2,1,243217936,751066192
S,36,80,234,-4.3999996,-20.0,-9.200001,0.4,0.3,false,false,0,-14,5,274,162,274,319,274,2,1,243217936,751066192
S,37,80,229,-4.0999994,-20.0,-8.800001,0.4,0.3,false,false,0,-16,3,274,160,274,317,274,2,1,243217936,751066192
S,38,80,225,-3.7999995,-20.0,-8.400002,0.4,0.3,false,false,0,-18,1,274,158,274,315,274,2,1,243217936,751066192
S,39,80,221,-3.4999995,-20.0,-8.000002,0.4,0.3,false,false,0,-20,-1,274,156,274,313,274,2,1,243217936,751066192
S,40,80,217,-3.1999996,-20.0,-7.600002,0.4,0.3,false,false,0,-22,-3,274,154,274,311,274,2,1,243217936,751066192
S,41,80,214,-2.8999996,-20.0,-7.2000017,0.4,0.3,false,false,0,0,-5,274,152,274,309,274,2,1,243217936,751066192
S,42,80,211,-2.5999997,-20.0,-6.8000016,0.4,0.3,false,false,0,-2,-7,274,150,274,307,274,2,1,243217936,751066192
S,43,80,208,-2.2999997,-20.0,-6.4000015,0.4,0.3,false,false,0,-4,-9,274,148,274,305,274,2,1,243217936,751066192
S,44,80,206,-1.9999998,-20.0,-6.0000014,0.4,0.3,false,false,0,-6,-11,274,146,274,303,274,2,1,243217936,751066192
S,45,80,204,-1.6999998,-20.0,-5.6000013,0.4,0.3,false,false,0,-8,-13,274,144,274,301,274,2,1,243217936,751066192
S,46,80,202,-1.3999999,-20.0,-5.2000012,0.4,0.3,false,false,0,-10,-15,274,142,274,299,274,2,1,243217936,751066192
S,47,80,200,-1.0999999,-20.0,-4.800001,0.4,0.3,false,false,0,-12,-17,274,140,274,297,274,2,1,243217936,751066192
S,48,80,199,-0.7999999,-20.0,-4.400001,0.4,0.3,false,false,0,-14,-19,274,138,274,295,274,2,1,243217936,751066192
S,49,80,198,-0.49999988,-20.0,-4.000001,0.4,0.3,false,false,0,-16,-21,274,136,274,293,274,2,1,243217936,751066192
S,50,80,197,-0.19999987,-20.0,-3.6000009,0.4,0.3,false,false,0,-18,-23,274,134,274,291,274,2,1,243217936,751066192
S,51,80,197,0.10000014,-20.0,-3.2000008,0.4,0.3,false,false,0,-20,-25,274,132,274,289,274,2,1,243217936,751066192
S,52,80,197,0.40000015,-20.0,-2.8000007,0.4,0.3,false,false,0,-22,-27,274,130,274,287,274,2,1,243217936,751066192
S,53,80,197,0.70000017,-20.0,-2.4000006,0.4,0.3,false,false,0,0,-29,274,128,274,285,274,2,1,243217936,751066192
S,54,80,198,1.0000002,-20.0,-2.0000005,0.4,0.3,false,false,0,-2,-31,274,126,274,283,274,2,1,243217936,751066192
S,55,80,199,1.3000002,-20.0,-1.6000005,0.4,0.3,false,false,0,-4,-33,274,124,274,281,274,2,1,243217936,751066192
S,56,80,200,1.6000001,-20.0,-1.2000005,0.4,0.3,false,false,0,-6,-35,274,122,274,279,274,2,1,243217936,751066192
S,57,80,201,1.9000001,-20.0,-0.80000055,0.4,0.3,false,false,0,-8,-37,274,120,274,277,274,2,1,243217936,751066192
S,58,80,203,2.2,-20.0,-0.40000054,0.4,0.3,false,false,0,-10,-39,274,118,274,275,274,2,1,243217936,751066192
S,59,80,205,2.5,-20.0,-5.364418E-7,0.4,0.3,false,false,0,-12,-41,274,116,274,273,274,2,1,243217936,751066192
S,60,80,207,2.8,-20.0,0.39999947,0.4,0.3,false,false,0,-14,-43,274,114,274,271,274,2,1,243217936,751066192
S,61,80,210,3.1,-19.6,0.7999995,0.4,0.3,false,false,0,-16,-45,274,112,274,269,274,2,1,243217936,751066192
S,62,80,213,3.3999999,-18.800001,1.1999995,0.4,0.3,false,false,0,-18,-47,274,110,274,267,274,2,1,243217936,751066192
S,63,80,216,3.6999998,-17.600002,1.5999994,0.4,0.3,false,false,0,-20,-49,274,108,274,265,274,2,1,243217936,751066192
S,64,80,220,3.9999998,-16.000004,1.9999994,0.4,0.3,false,false,0,-22,-51,274,106,274,263,274,2,1,243217936,751066192
S,65,80,224,4.2999997,-14.000005,2.3999994,0.4,0.3,false,false,0,0,-52,274,-52,274,418,283,2,0,249123711,873662868
S,66,80,228,4.6,-11.600005,2.7999995,0.4,0.3,false,false,0,-2,-54,274,416,283,573,197,2,0,384753801,90661319
S,67,80,232,4.9,-8.800006,3.1999996,0.4,0.3,false,false,0,-4,414,283,571,197,728,222,2,0,1034663870,925372422
S,68,80,237,5.2000003,-5.600006,3.5999997,0.4,0.3,false,false,0,-6,412,283,569,197,726,222,2,0,1034663870,925372422
S,69,80,242,5.5000005,-2.0000064,3.9999998,0.4,0.3,false,false,0,-8,410,283,567,197,724,222,2,0,1034663870,925372422
I,70
S,70,80,237,-4.7,-12.000007,-9.6,0.4,0.3,false,false,0,-10,408,283,565,197,722,222,2,0,1034663870,925372422
S,71,80,232,-4.3999996,-20.0,-9.200001,0.4,0.3,false,false,0,-12,406,283,563,197,720,222,2,0,1034663870,925372422
S,72,80,227,-4.0999994,-20.0,-8.800001,0.4,0.3,false,false,0,-14,404,283,561,197,718,222,2,0,1034663870,925372422
S,73,80,223,-3.7999995,-20.0,-8.400002,0.4,0.3,false,false,0,-16,402,283,559,197,716,222,2,0,1034663870,925372422
S,74,80,219,-3.4999995,-20.0,-8.000002,0.4,0.3,false,false,0,-18,400,283,557,197,714,222,2,0,1034663870,925372422
S,75,80,215,-3.1999996,-20.0,-7.600002,0.4,0.3,false,false,0,-20,398,283,555,197,712,222,2,0,1034663870,925372422
S,76,80,212,-2.8999996,-20.0,-7.2000017,0.4,0.3,false,false,0,-22,396,283,553,197,710,222,2,0,1034663870,925372422
S,77,80,209,-2.5999997,-20.0,-6.8000016,0.4,0.3,false,false,0,0,394,283,551,197,708,222,2,0,1034663870,925372422
S,78,80,206,-2.2999997,-20.0,-6.4000015,0.4,0.3,false,false,0,-2,392,283,549,197,706,222,2,0,1034663870,925372422
S,79,80,204,-1.9999998,-20.0,-6.0000014,0.4,0.3,false,false,0,-4,390,283,547,197,704,222,2,0,1034663870,925372422
S,80,80,202,-1.6999998,-20.0,-5.6000013,0.4,0.3,false,false,0,-6,388,283,545,197,702,222,2,0,1034663870,925372422
S,81,80,200,-1.3999999,-20.0,-5.2000012,0.4,0.3,false,false,0,-8,386,283,543,197,700,222,2,0,1034663870,925372422
S,82,80,198,-1.0999999,-20.0,-4.800001,0.4,0.3,false,false,0,-10,384,283,541,197,698,222,2,0,1034663870,925372422
S,83,80,197,-0.7999999,-20.0,-4.400001,0.4,0.3,false,false,0,-12,382,283,539,197,696,222,2,0,1034663870,925372422
S,84,80,196,-0.49999988,-20.0,-4.000001,0.4,0.3,false,false,0,-14,380,283,537,197,694,222,2,0,1034663870,925372422
S,85,80,195,-0.19999987,-20.0,-3.6000009,0.4,0.3,false,false,0,-16,378,283,535,197,692,222,2,0,1034663870,925372422
S,86,80,195,0.10000014,-20.0,-3.2000008,0.4,0.3,false,false,0,-18,376,283,533,197,690,222,2,0,1034663870,925372422
S,87,80,195,0.40000015,-20.0,-2.8000007,0.4,0.3,false,false,0,-20,374,283,531,197,688,222,2,0,1034663870,925372422
S,88,80,195,0.70000017,-20.0,-2.4000006,0.4,0.3,false,false,0,-22,372,283,529,197,686,222,2,0,1034663870,925372422
S,89,80,196,1.0000002,-20.0,-2.0000005,0.4,0.3,false,false,0,0,370,283,527,197,684,222,2,0,1034663870,925372422
S,90,80,197,1.3000002,-20.0,-1.6000005,0.4,0.3,false,false,0,-2,368,283,525,197,682,222,2,0,1034663870,925372422
S,91,80,198,1.6000001,-20.0,-1.2000005,0.4,0.3,false,false,0,-4,366,283,523,197,680,222,2,0,1034663870,925372422
S,92,80,199,1.9000001,-20.0,-0.80000055,0.4,0.3,false,false,0,-6,364,283,521,197,678,222,2,0,1034663870,925372422
S,93,80,201,2.2,-20.0,-0.40000054,0.4,0.3,false,false,0,-8,362,283,519,197,676,222,2,0,1034663870,925372422
S,94,80,203,2.5,-20.0,-5.364418E-7,0.4,0.3,false,false,0,-10,360,283,517,197,674,222,2,0,1034663870,925372422
S,95,80,205,2.8,-20.0,0.39999947,0.4,0.3,false,false,0,-12,358,283,515,197,672,222,2,0,1034663870,925372422
S,96,80,208,3.1,-19.6,0.7999995,0.4,0.3,false,false,0,-14,356,283,513,197,670,222,2,0,1034663870,925372422
S,97,80,211,3.3999999,-18.800001,1.1999995,0.4,0.3,false,false,0,-16,354,283,511,197,668,222,2,0,1034663870,925372422
S,98,80,214,3.6999998,-17.600002,1.5999994,0.4,0.3,false,false,0,-18,352,283,509,197,666,222,2,0,1034663870,925372422
S,99,80,218,3.9999998,-16.000004,1.9999994,0.4,0.3,false,false,0,-20,350,283,507,197,664,222,2,0,1034663870,925372422
S,100,80,222,4.2999997,-14.000005,2.3999994,0.4,0.3,false,false,0,-22,348,283,505,197,662,222,2,0,1034663870,925372422
S,101,80,226,4.6,-11.600005,2.7999995,0.4,0.3,false,false,0,0,346,283,503,197,660,222,2,0,1034663870,925372422
S,102,80,230,4.9,-8.800006,3.1999996,0.4,0.3,false,false,0,-2,344,283,501,197,658,222,2,0,1034663870,925372422
S,103,80,235,5.2000003,-5.600006,3.5999997,0.4,0.3,false,false,0,-4,342,283,499,197,656,222,2,0,1034663870,925372422
S,104,80,240,5.5000005,-2.0000064,3.9999998,0.4,0.3,false,false,0,-6,340,283,497,197,654,222,2,0,1034663870,925372422
I,105
S,105,80,235,-4.7,-12.000007,-9.6,0.4,0.3,false,false,0,-8,338,283,495,197,652,222,2,0,1034663870,925372422
S,106,80,230,-4.3999996,-20.0,-9.200001,0.4,0.3,false,false,0,-10,336,283,493,197,650,222,2,0,1034663870,925372422
S,107,80,225,-4.0999994,-20.0,-8.800001,0.4,0.3,false,false,0,-12,334,283,491,197,648,222,2,0,1034663870,925372422
S,108,80,221,-3.7999995,-20.0,-8.400002,0.4,0.3,false,false,0,-14,332,283,489,197,646,222,2,0,1034663870,925372422
S,109,80,217,-3.4999995,-20.0,-8.000002,0.4,0.3,false,false,0,-16,330,283,487,197,644,222,2,0,1034663870,925372422
S,110,80,213,-3.1999996,-20.0,-7.600002,0.4,0.3,false,false,0,-18,328,283,485,197,642,222,2,0,1034663870,925372422
S,111,80,210,-2.8999996,-20.0,-7.2000017,0.4,0.3,false,false,0,-20,326,283,483,197,640,222,2,0,1034663870,925372422
S,112,80,207,-2.5999997,-20.0,-6.8000016,0.4,0.3,false,false,0,-22,324,283,481,197,638,222,2,0,1034663870,925372422
S,113,80,204,-2.2999997,-20.0,-6.4000015,0.4,0.3,false,false,0,0,322,283,479,197,636,222,2,0,1034663870,925372422
S,114,80,202,-1.9999998,-20.0,-6.0000014,0.4,0.3,false,false,0,-2,320,283,477,197,634,222,2,0,1034663870,925372422
S,115,80,200,-1.6999998,-20.0,-5.6000013,0.4,0.3,false,false,0,-4,318,283,475,197,632,222,2,0,1034663870,925372422
S,116,80,198,-1.3999999,-20.0,-5.2000012,0.4,0.3,false,false,0,-6,316,283,473,197,630,222,2,0,1034663870,925372422
S,117,80,196,-1.0999999,-20.0,-4.800001,0.4,0.3,false,false,0,-8,314,283,471,197,628,222,2,0,1034663870,925372422
S,118,80,195,-0.7999999,-20.0,-4.400001,0.4,0.3,false,false,0,-10,312,283,469,197,626,222,2,0,1034663870,925372422
S,119,80,194,-0.49999988,-20.0,-4.000001,0.4,0.3,false,false,0,-12,310,283,467,197,624,222,2,0,1034663870,925372422
S,120,80,193,-0.19999987,-20.0,-3.6000009,0.4,0.3,false,false,0,-14,308,283,465,197,622,222,2,0,1034663870,925372422
S,121,80,193,0.10000014,-20.0,-3.2000008,0.4,0.3,false,false,0,-16,306,283,463,197,620,222,2,0,1034663870,925372422
S,122,80,193,0.40000015,-20.0,-2.8000007,0.4,0.3,false,false,0,-18,304,283,461,197,618,222,2,0,1034663870,925372422
S,123,80,193,0.70000017,-20.0,-2.4000006,0.4,0.3,false,false,0,-20,302,283,459,197,616,222,2,0,1034663870,925372422
S,124,80,194,1.0000002,-20.0,-2.0000005,0.4,0.3,false,false,0,-22,300,283,457,197,614,222,2,0,1034663870,925372422
S,125,80,195,1.3000002,-20.0,-1.6000005,0.4,0.3,false,false,0,0,298,283,455,197,612,222,2,0,1034663870,925372422
S,126,80,196,1.6000001,-20.0,-1.2000005,0.4,0.3,false,false,0,-2,296,283,453,197,610,222,2,0,1034663870,925372422
S,127,80,197,1.9000001,-20.0,-0.80000055,0.4,0.3,false,false,0,-4,294,283,451,197,608,222,2,0,1034663870,925372422
S,128,80,199,2.2,-20.0,-0.40000054,0.4,0.3,false,false,0,-6,292,283,449,197,606,222,2,0,1034663870,925372422
S,129,80,201,2.5,-20.0,-5.364418E-7,0.4,0.3,false,false,0,-8,290,283,447,197,604,222,2,0,1034663870,925372422
S,130,80,203,2.8,-20.0,0.39999947,0.4,0.3,false,false,0,-10,288,283,445,197,602,222,2,0,1034663870,925372422
S,131,80,206,3.1,-19.6,0.7999995,0.4,0.3,false,false,0,-12,286,283,443,197,600,222,2,0,1034663870,925372422
S,132,80,209,3.3999999,-18.800001,1.1999995,0.4,0.3,false,false,0,-14,284,283,441,197,598,222,2,0,1034663870,925372422
S,133,80,212,3.6999998,-17.600002,1.5999994,0.4,0.3,false,false,0,-16,282,283,439,197,596,222,2,0,1034663870,925372422
S,134,80,216,3.9999998,-16.000004,1.9999994,0.4,0.3,false,false,0,-18,280,283,437,197,594,222,2,0,1034663870,925372422
S,135,80,220,4.2999997,-14.000005,2.3999994,0.4,0.3,false,false,0,-20,278,283,435,197,592,222,2,0,1034663870,925372422
S,136,80,224,4.6,-11.600005,2.7999995,0.4,0.3,false,false,0,-22,276,283,433,197,590,222,2,0,1034663870,925372422
S,137,80,228,4.9,-8.800006,3.1999996,0.4,0.3,false,false,0,0,274,283,431,197,588,222,2,0,1034663870,925372422
S,138,80,233,5.2000003,-5.600006,3.5999997,0.4,0.3,false,false,0,-2,272,283,429,197,586,222,2,0,1034663870,925372422
S,139,80,238,5.5000005,-2.0000064,3.9999998,0.4,0.3,false,false,0,-4,270,283,427,197,584,222,2,0,1034663870,925372422
S,140,80,243,5.8000007,1.9999933,4.3999996,0.4,0.3,false,false,0,-6,268,283,425,197,582,222,2,0,1034663870,925372422
I,141
S,141,80,238,-4.7,-8.000007,-9.6,0.4,0.3,false,false,0,-8,266,283,423,197,580,222,2,0,1034663870,925372422
S,142,80,233,-4.3999996,-17.600006,-9.200001,0.4,0.3,false,false,0,-10,264,283,421,197,578,222,2,0,1034663870,925372422
S,143,80,228,-4.0999994,-20.0,-8.800001,0.4,0.3,false,false,0,-12,262,283,419,197,576,222,2,0,1034663870,925372422
S,144,80,224,-3.7999995,-20.0,-8.400002,0.4,0.3,false,false,0,-14,260,283,417,197,574,222,2,0,1034663870,925372422
S,145,80,220,-3.4999995,-20.0,-8.000002,0.4,0.3,false,false,0,-16,258,283,415,197,572,222,2,0,1034663870,925372422
S,146,80,216,-3.1999996,-20.0,-7.600002,0.4,0.3,false,false,0,-18,256,283,413,197,570,222,2,0,1034663870,925372422
S,147,80,213,-2.8999996,-20.0,-7.2000017,0.4,0.3,false,false,0,-20,254,283,411,197,568,222,2,0,1034663870,925372422
S,148,80,210,-2.5999997,-20.0,-6.8000016,0.4,0.3,false,false,0,-22,252,283,409,197,566,222,2,0,1034663870,925372422
S,149,80,207,-2.2999997,-20.0,-6.4000015,0.4,0.3,false,false,0,0,250,283,407,197,564,222,2,0,1034663870,925372422
S,150,80,205,-1.9999998,-20.0,-6.0000014,0.4,0.3,false,false,0,-2,248,283,405,197,562,222,2,0,1034663870,925372422
S,151,80,203,-1.6999998,-20.0,-5.6000013,0.4,0.3,false,false,0,-4,246,283,403,197,560,222,2,0,1034663870,925372422
S,152,80,201,-1.3999999,-20.0,-5.2000012,0.4,0.3,false,false,0,-6,244,283,401,197,558,222,2,0,1034663870,925372422
S,153,80,199,-1.0999999,-20.0,-4.800001,0.4,0.3,false,false,0,-8,242,283,399,197,556,222,2,0,1034663870,925372422
S,154,80,198,-0.7999999,-20.0,-4.400001,0.4,0.3,false,false,0,-10,240,283,397,197,554,222,2,0,1034663870,925372422
S,155,80,197,-0.49999988,-20.0,-4.000001,0.4,0.3,false,false,0,-12,238,283,395,197,552,222,2,0,1034663870,925372422
S,156,80,196,-0.19999987,-20.0,-3.6000009,0.4,0.3,false,false,0,-14,236,283,393,197,550,222,2,0,1034663870,925372422
S,157,80,196,0.10000014,-20.0,-3.2000008,0.4,0.3,false,false,0,-16,234,283,391,197,548,222,2,0,1034663870,925372422
S,158,80,196,0.40000015,-20.0,-2.8000007,0.4,0.3,false,false,0,-18,232,283,389,197,546,222,2,0,1034663870,925372422
S,159,80,196,0.70000017,-20.0,-2.4000006,0.4,0.3,false,false,0,-20,230,283,387,197,544,222,2,0,1034663870,925372422
S,160,80,197,1.0000002,-20.0,-2.0000005,0.4,0.3,false,false,0,-22,228,283,385,197,542,222,2,0,1034663870,925372422
S,161,80,198,1.3000002,-20.0,-1.6000005,0.4,0.3,false,false,0,0,226,283,383,197,540,222,2,0,1034663870,925372422
S,162,80,199,1.6000001,-20.0,-1.2000005,0.4,0.3,false,false,0,-2,224,283,381,197,538,222,2,0,1034663870,925372422
S,163,80,200,1.9000001,-20.0,-0.80000055,0.4,0.3,false,false,0,-4,222,283,379,197,536,222,2,0,1034663870,925372422
S,164,80,202,2.2,-20.0,-0.40000054,0.4,0.3,false,false,0,-6,220,283,377,197,534,222,2,0,1034663870,925372422
S,165,80,204,2.5,-20.0,-5.364418E-7,0.4,0.3,false,false,0,-8,218,283,375,197,532,222,2,0,1034663870,925372422
S,166,80,206,2.8,-20.0,0.39999947,0.4,0.3,false,false,0,-10,216,283,373,197,530,222,2,0,1034663870,925372422
S,167,80,209,3.1,-19.6,0.7999995,0.4,0.3,false,false,0,-12,214,283,371,197,528,222,2,0,1034663870,925372422
S,168,80,212,3.3999999,-18.800001,1.1999995,0.4,0.3,false,false,0,-14,212,283,369,197,526,222,2,0,1034663870,925372422
S,169,80,215,3.6999998,-17.600002,1.5999994,0.4,0.3,false,false,0,-16,210,283,367,197,524,222,2,0,1034663870,925372422
S,170,80,219,3.9999998,-16.000004,1.9999994,0.4,0.3,false,false,0,-18,208,283,365,197,522,222,2,0,1034663870,925372422
S,171,80,223,4.2999997,-14.000005,2.3999994,0.4,0.3,false,false,0,-20,206,283,363,197,520,222,2,0,1034663870,925372422
S,172,80,227,4.6,-11.600005,2.7999995,0.4,0.3,false,false,0,-22,204,283,361,197,518,222,2,0,1034663870,925372422
S,173,80,231,4.9,-8.800006,3.1999996,0.4,0.3,false,false,0,0,202,283,359,197,516,222,2,0,1034663870,925372422
S,174,80,236,5.2000003,-5.600006,3.5999997,0.4,0.3,false,false,0,-2,200,283,357,197,514,222,2,0,1034663870,925372422
S,175,80,241,5.5000005,-2.0000064,3.9999998,0.4,0.3,false,false,0,-4,198,283,355,197,512,222,2,0,1034663870,925372422
I,176
S,176,80,236,-4.7,-12.000007,-9.6,0.4,0.3,false,false,0,-6,196,283,353,197,510,222,2,0,1034663870,925372422
S,177,80,231,-4.3999996,-20.0,-9.200001,0.4,0.3,false,false,0,-8,194,283,351,197,508,222,2,0,1034663870,925372422
S,178,80,226,-4.0999994,-20.0,-8.800001,0.4,0.3,false,false,0,-10,192,283,349,197,506,222,2,0,1034663870,925372422
S,179,80,222,-3.7999995,-20.0,-8.400002,0.4,0.3,false,false,0,-12,190,283,347,197,504,222,2,0,1034663870,925372422
S,180,80,218,-3.4999995,-20.0,-8.000002,0.4,0.3,false,false,0,-14,188,283,345,197,502,222,2,0,1034663870,925372422
S,181,80,214,-3.1999996,-20.0,-7.600002,0.4,0.3,false,false,0,-16,186,283,343,197,500,222,2,0,1034663870,925372422
S,182,80,211,-2.8999996,-20.0,-7.2000017,0.4,0.3,false,false,0,-18,184,283,341,197,498,222,2,0,1034663870,925372422
S,183,80,208,-2.5999997,-20.0,-6.8000016,0.4,0.3,false,false,0,-20,182,283,339,197,496,222,2,0,1034663870,925372422
S,184,80,205,-2.2999997,-20.0,-6.4000015,0.4,0.3,false,false,0,-22,180,283,337,197,494,222,2,0,1034663870,925372422
S,185,80,203,-1.9999998,-20.0,-6.0000014,0.4,0.3,false,false,0,0,178,283,335,197,492,222,2,0,1034663870,925372422
S,186,80,201,-1.6999998,-20.0,-5.6000013,0.4,0.3,false,false,0,-2,176,283,333,197,490,222,2,0,1034663870,925372422
S,187,80,199,-1.3999999,-20.0,-5.2000012,0.4,0.3,false,false,0,-4,174,283,331,197,488,222,2,0,1034663870,925372422
S,188,80,197,-1.0999999,-20.0,-4.800001,0.4,0.3,false,false,0,-6,172,283,329,197,486,222,2,0,1034663870,925372422
S,189,80,196,-0.7999999,-20.0,-4.400001,0.4,0.3,false,false,0,-8,170,283,327,197,484,222,2,0,1034663870,925372422
S,190,80,195,-0.49999988,-20.0,-4.000001,0.4,0.3,false,false,0,-10,168,283,325,197,482,222,2,0,1034663870,925372422
S,191,80,194,-0.19999987,-20.0,-3.6000009,0.4,0.3,false,false,0,-12,166,283,323,197,480,222,2,0,1034663870,925372422
S,192,80,194,0.10000014,-20.0,-3.2000008,0.4,0.3,false,false,0,-14,164,283,321,197,478,222,2,0,1034663870,925372422
S,193,80,194,0.40000015,-20.0,-2.8000007,0.4,0.3,false,false,0,-16,162,283,319,197,476,222,2,0,1034663870,925372422
S,194,80,194,0.70000017,-20.0,-2.4000006,0.4,0.3,false,false,0,-18,160,283,317,197,474,222,2,0,1034663870,925372422
S,195,80,195,1.0000002,-20.0,-2.0000005,0.4,0.3,false,false,0,-20,158,283,315,197,472,222,2,0,1034663870,925372422
S,196,80,196,1.3000002,-20.0,-1.6000005,0.4,0.3,false,false,0,-22,156,283,313,197,470,222,2,0,1034663870,925372422
S,197,80,197,1.6000001,-20.0,-1.2000005,0.4,0.3,false,false,0,0,154,283,311,197,468,222,2,0,1034663870,925372422
S,198,80,198,1.9000001,-20.0,-0.80000055,0.4,0.3,false,false,0,-2,152,283,309,197,466,222,2,0,1034663870,925372422
S,199,80,200,2.2,-20.0,-0.40000054,0.4,0.3,false,false,0,-4,150,283,307,197,464,222,2,0,1034663870,925372422
S,200,80,202,2.5,-20.0,-5.364418E-7,0.4,0.3,false,false,0,-6,148,283,305,197,462,222,2,0,1034663870,925372422
S,201,80,204,2.8,-20.0,0.39999947,0.4,0.3,false,false,0,-8,146,283,303,197,460,222,2,0,1034663870,925372422
S,202,80,207,3.1,-19.6,0.7999995,0.4,0.3,false,false,0,-10,144,283,301,197,458,222,2,0,1034663870,925372422
S,203,80,210,3.3999999,-18.800001,1.1999995,0.4,0.3,false,false,0,-12,142,283,299,197,456,222,2,0,1034663870,925372422
S,204,80,213,3.6999998,-17.600002,1.5999994,0.4,0.3,false,false,0,-14,140,283,297,197,454,222,2,0,1034663870,925372422
S,205,80,217,3.9999998,-16.000004,1.9999994,0.4,0.3,false,false,0,-16,138,283,295,197,452,222,2,0,1034663870,925372422
S,206,80,221,4.2999997,-14.000005,2.3999994,0.4,0.3,false,false,0,-18,136,283,293,197,450,222,2,0,1034663870,925372422
S,207,80,225,4.6,-11.600005,2.7999995,0.4,0.3,false,false,0,-20,134,283,291,197,448,222,2,0,1034663870,925372422
S,208,80,229,4.9,-8.800006,3.1999996,0.4,0.3,false,false,0,-22,132,283,289,197,446,222,2,0,1034663870,925372422
S,209,80,234,5.2000003,-5.600006,3.5999997,0.4,0.3,false,false,0,0,130,283,287,197,444,222,2,0,1034663870,925372422
S,210,80,239,5.5000005,-2.0000064,3.9999998,0.4,0.3,false,false,0,-2,128,283,285,197,442,222,2,0,1034663870,925372422
S,211,80,244,5.8000007,1.9999933,4.3999996,0.4,0.3,false,false,0,-4,126,283,283,197,440,222,2,0,1034663870,925372422
I,212
S,212,80,239,-4.7,-8.000007,-9.6,0.4,0.3,false,false,0,-6,124,283,281,197,438,222,2,0,1034663870,925372422
S,213,80,234,-4.3999996,-17.600006,-9.200001,0.4,0.3,false,false,0,-8,122,283,279,197,436,222,2,0,1034663870,925372422
S,214,80,229,-4.0999994,-20.0,-8.800001,0.4,0.3,false,false,0,-10,120,283,277,197,434,222,2,0,1034663870,925372422
S,215,80,225,-3.7999995,-20.0,-8.400002,0.4,0.3,false,false,0,-12,118,283,275,197,432,222,2,0,1034663870,925372422
S,216,80,221,-3.4999995,-20.0,-8.000002,0.4,0.3,false,false,0,-14,116,283,273,197,430,222,2,0,1034663870,925372422
S,217,80,217,-3.1999996,-20.0,-7.600002,0.4,0.3,false,false,0,-16,114,283,271,197,428,222,2,0,1034663870,925372422
S,218,80,214,-2.8999996,-20.0,-7.2000017,0.4,0.3,false,false,0,-18,112,283,269,197,426,222,2,0,1034663870,925372422
S,219,80,211,-2.5999997,-20.0,-6.8000016,0.4,0.3,false,false,0,-20,110,283,267,197,424,222,2,0,1034663870,925372422
S,220,80,208,-2.2999997,-20.0,-6.4000015,0.4,0.3,false,false,0,-22,108,283,265,197,422,222,2,0,1034663870,925372422
S,221,80,206,-1.9999998,-20.0,-6.0000014,0.4,0.3,false,false,0,0,106,283,263,197,420,222,2,0,1034663870,925372422
S,222,80,204,-1.6999998,-20.0,-5.6000013,0.4,0.3,false,false,0,-2,104,283,261,197,418,222,2,0,1034663870,925372422
S,223,80,202,-1.3999999,-20.0,-5.2000012,0.4,0.3,false,false,0,-4,102,283,259,197,416,222,2,0,1034663870,925372422
S,224,80,200,-1.0999999,-20.0,-4.800001,0.4,0.3,false,false,0,-6,100,283,257,197,414,222,2,0,1034663870,925372422
S,225,80,199,-0.7999999,-20.0,-4.400001,0.4,0.3,false,false,0,-8,98,283,255,197,412,222,2,0,1034663870,925372422
S,226,80,198,-0.49999988,-20.0,-4.000001,0.4,0.3,false,false,0,-10,96,283,253,197,410,222,2,0,1034663870,925372422
S,227,80,197,-0.19999987,-20.0,-3.6000009,0.4,0.3,false,false,0,-12,94,283,251,197,408,222,2,0,1034663870,925372422
S,228,80,197,0.10000014,-20.0,-3.2000008,0.4,0.3,false,false,0,-14,92,283,249,197,406,222,2,0,1034663870,925372422
S,229,80,197,0.40000015,-20.0,-2.8000007,0.4,0.3,false,false,0,-16,90,283,247,197,404,222,2,0,1034663870,925372422
S,230,80,197,0.70000017,-20.0,-2.4000006,0.4,0.3,false,false,0,-18,88,283,245,197,402,222,2,0,1034663870,925372422
S,231,80,198,1.0000002,-20.0,-2.0000005,0.4,0.3,false,false,0,-20,86,283,243,197,400,222,2,0,1034663870,925372422
S,232,80,199,1.3000002,-20.0,-1.6000005,0.4,0.3,false,false,0,-22,84,283,241,197,398,222,2,0,1034663870,925372422
S,233,80,200,1.6000001,-20.0,-1.2000005,0.4,0.3,false,false,0,0,82,283,239,197,396,222,2,0,1034663870,925372422
S,234,80,201,1.9000001,-20.0,-0.80000055,0.4,0.3,false,false,1,-2,80,283,237,197,394,222,2,0,1034663870,925372422
S,235,80,203,2.2,-20.0,-0.40000054,0.4,0.3,false,false,1,-4,78,283,235,197,392,222,2,0,1034663870,925372422
S,236,80,205,2.5,-20.0,-5.364418E-7,0.4,0.3,false,false,1,-6,76,283,233,197,390,222,2,0,1034663870,925372422
S,237,80,207,2.8,-20.0,0.39999947,0.4,0.3,false,false,1,-8,74,283,231,197,388,222,2,0,1034663870,925372422
S,238,80,210,3.1,-19.6,0.7999995,0.4,0.3,false,false,1,-10,72,283,229,197,386,222,2,0,1034663870,925372422
S,239,80,213,3.3999999,-18.800001,1.1999995,0.4,0.3,false,false,1,-12,70,283,227,197,384,222,2,0,1034663870,925372422
S,240,80,216,3.6999998,-17.600002,1.5999994,0.4,0.3,false,false,1,-14,68,283,225,197,382,222,2,0,1034663870,925372422
S,241,80,220,3.9999998,-16.000004,1.9999994,0.4,0.3,false,false,1,-16,66,283,223,197,380,222,2,0,1034663870,925372422
S,242,80,224,4.2999997,-14.000005,2.3999994,0.4,0.3,false,false,1,-18,64,283,221,197,378,222,2,0,1034663870,925372422
S,243,80,228,4.6,-11.600005,2.7999995,0.4,0.3,false,false,1,-20,62,283,219,197,376,222,2,0,1034663870,925372422
S,244,80,232,4.9,-8.800006,3.1999996,0.4,0.3,false,false,1,-22,60,283,217,197,374,222,2,0,1034663870,925372422
S,245,80,237,5.2000003,-5.600006,3.5999997,0.4,0.3,false,false,1,0,58,283,215,197,372,222,2,0,1034663870,925372422
S,246,80,242,5.5000005,-2.0000064,3.9999998,0.4,0.3,false,false,1,-2,56,283,213,197,370,222,2,0,1034663870,925372422
I,247
S,247,80,237,-4.7,-12.000007,-9.6,0.4,0.3,false,false,1,-4,54,283,211,197,368,222,2,0,1034663870,925372422
S,248,80,232,-4.3999996,-20.0,-9.200001,0.4,0.3,false,false,1,-6,52,283,209,197,366,222,2,0,1034663870,925372422
S,249,80,227,-4.0999994,-20.0,-8.800001,0.4,0.3,false,false,1,-8,50,283,207,197,364,222,2,0,1034663870,925372422
S,250,80,223,-3.7999995,-20.0,-8.400002,0.4,0.3,false,false,1,-10,48,283,205,197,362,222,2,0,1034663870,925372422
S,251,80,219,-3.4999995,-20.0,-8.000002,0.4,0.3,false,false,1,-12,46,283,203,197,360,222,2,0,1034663870,925372422
S,252,80,215,-3.1999996,-20.0,-7.600002,0.4,0.3,false,false,1,-14,44,283,201,197,358,222,2,0,1034663870,925372422
S,253,80,212,-2.8999996,-20.0,-7.2000017,0.4,0.3,false,false,1,-16,42,283,199,197,356,222,2,0,1034663870,925372422
S,254,80,209,-2.5999997,-20.0,-6.8000016,0.4,0.3,false,false,1,-18,40,283,197,197,354,222,2,0,1034663870,925372422
S,255,80,206,-2.2999997,-20.0,-6.4000015,0.4,0.3,false,false,1,-20,38,283,195,197,352,222,2,0,1034663870,925372422
S,256,80,204,-1.9999998,-20.0,-6.0000014,0.4,0.3,false,false,1,-22,36,283,193,197,350,222,2,0,1034663870,925372422
S,257,80,202,-1.6999998,-20.0,-5.6000013,0.4,0.3,false,false,1,0,34,283,191,197,348,222,2,0,1034663870,925372422
S,258,80,200,-1.3999999,-20.0,-5.2000012,0.4,0.3,false,false,1,-2,32,283,189,197,346,222,2,0,1034663870,925372422
S,259,80,198,-1.0999999,-20.0,-4.800001,0.4,0.3,false,false,1,-4,30,283,187,197,344,222,2,0,1034663870,925372422
S,260,80,197,-0.7999999,-20.0,-4.400001,0.4,0.3,false,false,1,-6,28,283,185,197,342,222,2,0,1034663870,925372422
S,261,80,196,-0.49999988,-20.0,-4.000001,0.4,0.3,false,false,1,-8,26,283,183,197,340,222,2,0,1034663870,925372422
S,262,80,195,-0.19999987,-20.0,-3.6000009,0.4,0.3,false,false,1,-10,24,283,181,197,338,222,2,0,1034663870,925372422
S,263,80,195,0.10000014,-20.0,-3.2000008,0.4,0.3,false,false,1,-12,22,283,179,197,336,222,2,0,1034663870,925372422
S,264,80,195,0.40000015,-20.0,-2.8000007,0.4,0.3,false,false,1,-14,20,283,177,197,334,222,2,0,1034663870,925372422
S,265,80,195,0.70000017,-20.0,-2.4000006,0.4,0.3,false,false,1,-16,18,283,175,197,332,222,2,0,1034663870,925372422
S,266,80,196,1.0000002,-20.0,-2.0000005,0.4,0.3,false,false,1,-18,16,283,173,197,330,222,2,0,1034663870,925372422
S,267,80,197,1.3000002,-20.0,-1.6000005,0.4,0.3,false,false,1,-20,14,283,171,197,328,222,2,0,1034663870,925372422
S,268,80,198,1.6000001,-20.0,-1.2000005,0.4,0.3,false,false,1,-22,12,283,169,197,326,222,2,0,1034663870,925372422
S,269,80,199,1.9000001,-20.0,-0.80000055,0.4,0.3,false,false,1,0,10,283,167,197,324,222,2,0,1034663870,925372422
S,270,80,201,2.2,-20.0,-0.40000054,0.4,0.3,false,false,1,-2,8,283,165,197,322,222,2,0,1034663870,925372422
I,271
S,271,80,196,-4.7,-20.0,-9.6,0.4,0.3,false,false,1,-4,6,283,163,197,320,222,2,0,1034663870,925372422
S,272,80,191,-4.3999996,-20.0,-9.200001,0.4,0.3,false,false,1,-6,4,283,161,197,318,222,2,0,1034663870,925372422
S,273,80,186,-4.0999994,-20.0,-8.800001,0.4,0.3,false,false,1,-8,2,283,159,197,316,222,2,0,1034663870,925372422
S,274,80,182,-3.7999995,-20.0,-8.400002,0.4,0.3,false,false,1,-10,0,283,157,197,314,222,2,0,1034663870,925372422
S,275,80,178,-3.4999995,-20.0,-8.000002,0.4,0.3,false,false,1,-12,-2,283,155,197,312,222,2,0,1034663870,925372422
S,276,80,174,-3.1999996,-20.0,-7.600002,0.4,0.3,false,false,1,-14,-4,283,153,197,310,222,2,0,1034663870,925372422
S,277,80,171,-2.8999996,-20.0,-7.2000017,0.4,0.3,false,false,1,-16,-6,283,151,197,308,222,2,0,1034663870,925372422
S,278,80,168,-2.5999997,-20.0,-6.8000016,0.4,0.3,false,false,1,-18,-8,283,149,197,306,222,2,0,1034663870,925372422
S,279,80,165,-2.2999997,-20.0,-6.4000015,0.4,0.3,false,false,1,-20,-10,283,147,197,304,222,2,0,1034663870,925372422
S,280,80,163,-1.9999998,-20.0,-6.0000014,0.4,0.3,false,false,1,-22,-12,283,145,197,302,222,2,0,1034663870,925372422
S,281,80,161,-1.6999998,-20.0,-5.6000013,0.4,0.3,false,false,1,0,-14,283,143,197,300,222,2,0,1034663870,925372422
S,282,80,159,-1.3999999,-20.0,-5.2000012,0.4,0.3,false,false,1,-2,-16,283,141,197,298,222,2,0,1034663870,925372422
S,283,80,157,-1.0999999,-20.0,-4.800001,0.4,0.3,false,false,1,-4,-18,283,139,197,296,222,2,0,1034663870,925372422
S,284,80,156,-0.7999999,-20.0,-4.400001,0.4,0.3,false,false,1,-6,-20,283,137,197,294,222,2,0,1034663870,925372422
S,285,80,155,-0.49999988,-20.0,-4.000001,0.4,0.3,false,false,1,-8,-22,283,135,197,292,222,2,0,1034663870,925372422
S,286,80,154,-0.19999987,-20.0,-3.6000009,0.4,0.3,false,false,1,-10,-24,283,133,197,290,222,2,0,1034663870,925372422
S,287,80,154,0.10000014,-20.0,-3.2000008,0.4,0.3,false,false,1,-12,-26,283,131,197,288,222,2,0,1034663870,925372422
S,288,80,154,0.40000015,-20.0,-2.8000007,0.4,0.3,false,false,1,-14,-28,283,129,197,286,222,2,0,1034663870,925372422
S,289,80,154,0.70000017,-20.0,-2.4000006,0.4,0.3,false,false,1,-16,-30,283,127,197,284,222,2,0,1034663870,925372422
S,290,80,155,1.0000002,-20.0,-2.0000005,0.4,0.3,false,false,1,-18,-32,283,125,197,282,222,2,0,1034663870,925372422
S,291,80,156,1.3000002,-20.0,-1.6000005,0.4,0.3,false,false,1,-20,-34,283,123,197,280,222,2,0,1034663870,925372422
S,292,80,157,1.6000001,-20.0,-1.2000005,0.4,0.3,false,false,1,-22,-36,283,121,197,278,222,2,0,1034663870,925372422
S,293,80,158,1.9000001,-20.0,-0.80000055,0.4,0.3,false,false,1,0,-38,283,119,197,276,222,2,0,1034663870,925372422
S,294,80,160,2.2,-20.0,-0.40000054,0.4,0.3,false,false,1,-2,-40,283,117,197,274,222,2,0,1034663870,925372422
I,295
S,295,80,155,-4.7,-20.0,-9.6,0.4,0.3,false,false,1,-4,-42,283,115,197,272,222,2,0,1034663870,925372422
S,296,80,150,-4.3999996,-20.0,-9.200001,0.4,0.3,false,false,1,-6,-44,283,113,197,270,222,2,0,1034663870,925372422
S,297,80,145,-4.0999994,-20.0,-8.800001,0.4,0.3,false,false,1,-8,-46,283,111,197,268,222,2,0,1034663870,925372422
S,298,80,141,-3.7999995,-20.0,-8.400002,0.4,0.3,false,false,1,-10,-48,283,109,197,266,222,2,0,1034663870,925372422
S,299,80,137,-3.4999995,-20.0,-8.000002,0.4,0.3,false,false,1,-12,-50,283,107,197,264,222,2,0,1034663870,925372422
S,300,80,133,-3.1999996,-20.0,-7.600002,0.4,0.3,false,false,1,-14,-52,283,105,197,262,222,2,0,1034663870,925372422
S,301,80,130,-2.8999996,-20.0,-7.2000017,0.4,0.3,false,false,1,-16,103,197,260,222,417,311,2,0,846699787,151660958
S,302,80,127,-2.5999997,-20.0,-6.8000016,0.4,0.3,false,false,1,-18,101,197,258,222,415,311,2,0,846699787,151660958
S,303,80,124,-2.2999997,-20.0,-6.4000015,0.4,0.3,false,false,1,-20,99,197,256,222,413,311,2,0,846699787,151660958
S,304,80,122,-1.9999998,-20.0,-6.0000014,0.4,0.3,false,false,1,-22,97,197,254,222,411,311,2,0,846699787,151660958
S,305,80,120,-1.6999998,-20.0,-5.6000013,0.4,0.3,false,false,1,0,95,197,252,222,409,311,2,0,846699787,151660958
S,306,80,118,-1.3999999,-20.0,-5.2000012,0.4,0.3,false,false,1,-2,93,197,250,222,407,311,2,0,846699787,151660958
S,307,80,116,-1.0999999,-20.0,-4.800001,0.4,0.3,false,false,1,-4,91,197,248,222,405,311,2,0,846699787,151660958
S,308,80,115,-0.7999999,-20.0,-4.400001,0.4,0.3,false,false,1,-6,89,197,246,222,403,311,2,0,846699787,151660958
S,309,80,114,-0.49999988,-20.0,-4.000001,0.4,0.3,false,false,1,-8,87,197,244,222,401,311,2,0,846699787,151660958
S,310,80,113,-0.19999987,-20.0,-3.6000009,0.4,0.3,false,false,1,-10,85,197,242,222,399,311,2,0,846699787,151660958
S,311,80,113,0.10000014,-20.0,-3.2000008,0.4,0.3,false,false,1,-12,83,197,240,222,397,311,2,0,846699787,151660958
S,312,80,113,0.40000015,-20.0,-2.8000007,0.4,0.3,false,false,1,-14,81,197,238,222,395,311,2,0,846699787,151660958
S,313,80,113,0.70000017,-20.0,-2.4000006,0.4,0.3,false,false,2,-16,79,197,236,222,393,311,2,0,846699787,151660958
S,314,80,114,1.0000002,-20.0,-2.0000005,0.4,0.3,false,false,2,-18,77,197,234,222,391,311,2,0,846699787,151660958
S,315,80,115,1.3000002,-20.0,-1.6000005,0.4,0.3,false,false,2,-20,75,197,232,222,389,311,2,0,846699787,151660958
S,316,80,116,1.6000001,-20.0,-1.2000005,0.4,0.3,false,false,2,-22,73,197,230,222,387,311,2,0,846699787,151660958
S,317,80,117,1.9000001,-20.0,-0.80000055,0.4,0.3,false,false,2,0,71,197,228,222,385,311,2,0,846699787,151660958
S,318,80,119,2.2,-20.0,-0.40000054,0.4,0.3,false,false,2,-2,69,197,226,222,383,311,2,0,846699787,151660958
S,319,80,121,2.5,-20.0,-5.364418E-7,0.4,0.3,false,false,2,-4,67,197,224,222,381,311,2,0,846699787,151660958
S,320,80,123,2.8,-20.0,0.39999947,0.4,0.3,false,false,2,-6,65,197,222,222,379,311,2,0,846699787,151660958
S,321,80,126,3.1,-19.6,0.7999995,0.4,0.3,false,false,2,-8,63,197,220,222,377,311,2,0,846699787,151660958
S,322,80,129,3.3999999,-18.800001,1.1999995,0.4,0.3,false,false,2,-10,61,197,218,222,375,311,2,0,846699787,151660958
S,323,80,132,3.6999998,-17.600002,1.5999994,0.4,0.3,false,false,2,-12,59,197,216,222,373,311,2,0,846699787,151660958
S,324,80,136,3.9999998,-16.000004,1.9999994,0.4,0.3,false,false,2,-14,57,197,214,222,371,311,2,0,846699787,151660958
S,325,80,140,4.2999997,-14.000005,2.3999994,0.4,0.3,false,false,2,-16,55,197,212,222,369,311,2,0,846699787,151660958
S,326,80,144,4.6,-11.600005,2.7999995,0.4,0.3,false,false,2,-18,53,197,210,222,367,311,2,0,846699787,151660958
S,327,80,148,4.9,-8.800006,3.1999996,0.4,0.3,false,false,2,-20,51,197,208,222,365,311,2,0,846699787,151660958
S,328,80,153,5.2000003,-5.600006,3.5999997,0.4,0.3,false,false,2,-22,49,197,206,222,363,311,2,0,846699787,151660958
S,329,80,158,5.5000005,-2.0000064,3.9999998,0.4,0.3,false,false,2,0,47,197,204,222,361,311,2,0,846699787,151660958
I,330
S,330,80,153,-4.7,-12.000007,-9.6,0.4,0.3,false,false,2,-2,45,197,202,222,359,311,2,0,846699787,151660958
S,331,80,148,-4.3999996,-20.0,-9.200001,0.4,0.3,false,false,2,-4,43,197,200,222,357,311,2,0,846699787,151660958
S,332,80,143,-4.0999994,-20.0,-8.800001,0.4,0.3,false,false,2,-6,41,197,198,222,355,311,2,0,846699787,151660958
S,333,80,139,-3.7999995,-20.0,-8.400002,0.4,0.3,false,false,2,-8,39,197,196,222,353,311,2,0,846699787,151660958
S,334,80,135,-3.4999995,-20.0,-8.000002,0.4,0.3,false,false,2,-10,37,197,194,222,351,311,2,0,846699787,151660958
S,335,80,131,-3.1999996,-20.0,-7.600002,0.4,0.3,false,false,2,-12,35,197,192,222,349,311,2,0,846699787,151660958
S,336,80,128,-2.8999996,-20.0,-7.2000017,0.4,0.3,false,false,2,-14,33,197,190,222,347,311,2,0,846699787,151660958
S,337,80,125,-2.5999997,-20.0,-6.8000016,0.4,0.3,false,false,2,-16,31,197,188,222,345,311,2,0,846699787,151660958
S,338,80,122,-2.2999997,-20.0,-6.4000015,0.4,0.3,false,false,2,-18,29,197,186,222,343,311,2,0,846699787,151660958
S,339,80,120,-1.9999998,-20.0,-6.0000014,0.4,0.3,false,false,2,-20,27,197,184,222,341,311,2,0,846699787,151660958
S,340,80,118,-1.6999998,-20.0,-5.6000013,0.4,0.3,false,false,2,-22,25,197,182,222,339,311,2,0,846699787,151660958
S,341,80,116,-1.3999999,-20.0,-5.2000012,0.4,0.3,false,false,2,0,23,197,180,222,337,311,2,0,846699787,151660958
S,342,80,114,-1.0999999,-20.0,-4.800001,0.4,0.3,false,false,2,-2,21,197,178,222,335,311,2,0,846699787,151660958
S,343,80,113,-0.7999999,-20.0,-4.400001,0.4,0.3,false,false,2,-4,19,197,176,222,333,311,2,0,846699787,151660958
S,344,80,112,-0.49999988,-20.0,-4.000001,0.4,0.3,false,false,2,-6,17,197,174,222,331,311,2,0,846699787,151660958
S,345,80,111,-0.19999987,-20.0,-3.6000009,0.4,0.3,false,false,2,-8,15,197,172,222,329,311,2,0,846699787,151660958
S,346,80,111,0.10000014,-20.0,-3.2000008,0.4,0.3,false,false,2,-10,13,197,170,222,327,311,2,0,846699787,151660958
S,347,80,111,0.40000015,-20.0,-2.8000007,0.4,0.3,false,false,2,-12,11,197,168,222,325,311,2,0,846699787,151660958
S,348,80,111,0.70000017,-20.0,-2.4000006,0.4,0.3,false,false,2,-14,9,197,166,222,323,311,2,0,846699787,151660958
S,349,80,112,1.0000002,-20.0,-2.0000005,0.4,0.3,false,false,2,-16,7,197,164,222,321,311,2,0,846699787,151660958
S,350,80,113,1.3000002,-20.0,-1.6000005,0.4,0.3,false,false,2,-18,5,197,162,222,319,311,2,0,846699787,151660958
S,351,80,114,1.6000001,-20.0,-1.2000005,0.4,0.3,false,false,2,-20,3,197,160,222,317,311,2,0,846699787,151660958
S,352,80,115,1.9000001,-20.0,-0.80000055,0.4,0.3,false,false,2,-22,1,197,158,222,315,311,2,0,846699787,151660958
S,353,80,117,2.2,-20.0,-0.40000054,0.4,0.3,false,false,2,0,-1,197,156,222,313,311,2,0,846699787,151660958
S,354,80,119,2.5,-20.0,-5.364418E-7,0.4,0.3,false,false,2,-2,-3,197,154,222,311,311,2,0,846699787,151660958
S,355,80,121,2.8,-20.0,0.39999947,0.4,0.3,false,false,2,-4,-5,197,152,222,309,311,2,0,846699787,151660958
S,356,80,124,3.1,-19.6,0.7999995,0.4,0.3,false,false,2,-6,-7,197,150,222,307,311,2,0,846699787,151660958
S,357,80,127,3.3999999,-18.800001,1.1999995,0.4,0.3,false,false,2,-8,-9,197,148,222,305,311,2,0,846699787,151660958
S,358,80,130,3.6999998,-17.600002,1.5999994,0.4,0.3,false,false,2,-10,-11,197,146,222,303,311,2,0,846699787,151660958
S,359,80,134,3.9999998,-16.000004,1.9999994,0.4,0.3,false,false,2,-12,-13,197,144,222,301,311,2,0,846699787,151660958
S,360,80,138,4.2999997,-14.000005,2.3999994,0.4,0.3,false,false,2,-14,-15,197,142,222,299,311,2,0,846699787,151660958
S,361,80,142,4.6,-11.600005,2.7999995,0.4,0.3,false,false,2,-16,-17,197,140,222,297,311,2,0,846699787,151660958
S,362,80,146,4.9,-8.800006,3.1999996,0.4,0.3,false,false,2,-18,-19,197,138,222,295,311,2,0,846699787,151660958
S,363,80,151,5.2000003,-5.600006,3.5999997,0.4,0.3,false,false,2,-20,-21,197,136,222,293,311,2,0,846699787,151660958
S,364,80,156,5.5000005,-2.0000064,3.9999998,0.4,0.3,false,false,2,-22,-23,197,134,222,291,311,2,0,846699787,151660958
S,365,80,161,5.8000007,1.9999933,4.3999996,0.4,0.3,false,false,2,0,-25,197,132,222,289,311,2,0,846699787,151660958
S,366,80,167,6.100001,6.399993,4.7999997,0.4,0.3,false,false,2,-2,-27,197,130,222,287,311,2,0,846699787,151660958
S,367,80,173,6.400001,11.199993,5.2,0.4,0.3,false,false,2,-4,-29,197,128,222,285,311,2,0,846699787,151660958
S,368,80,179,6.7000012,16.399994,5.6,0.4,0.3,false,false,2,-6,-31,197,126,222,283,311,2,0,846699787,151660958
I,369
S,369,80,174,-4.7,6.399994,-9.6,0.4,0.3,false,false,2,-8,-33,197,124,222,281,311,2,0,846699787,151660958
S,370,80,169,-4.3999996,-3.2000065,-9.200001,0.4,0.3,false,false,2,-10,-35,197,122,222,279,311,2,0,846699787,151660958
S,371,80,164,-4.0999994,-12.400007,-8.800001,0.4,0.3,false,false,2,-12,-37,197,120,222,277,311,2,0,846699787,151660958
S,372,80,160,-3.7999995,-20.0,-8.400002,0.4,0.3,false,false,2,-14,-39,197,118,222,275,311,2,0,846699787,151660958
S,373,80,156,-3.4999995,-20.0,-8.000002,0.4,0.3,false,false,2,-16,-41,197,116,222,273,311,2,0,846699787,151660958
S,374,80,152,-3.1999996,-20.0,-7.600002,0.4,0.3,false,false,2,-18,-43,197,114,222,271,311,2,0,846699787,151660958
S,375,80,149,-2.8999996,-20.0,-7.2000017,0.4,0.3,false,false,2,-20,-45,197,112,222,269,311,2,0,846699787,151660958
S,376,80,146,-2.5999997,-20.0,-6.8000016,0.4,0.3,false,false,2,-22,-47,197,110,222,267,311,2,0,846699787,151660958
S,377,80,143,-2.2999997,-20.0,-6.4000015,0.4,0.3,false,false,2,0,-49,197,108,222,265,311,2,0,846699787,151660958
S,378,80,141,-1.9999998,-20.0,-6.0000014,0.4,0.3,false,false,2,-2,-51,197,106,222,263,311,2,0,846699787,151660958
S,379,80,139,-1.6999998,-20.0,-5.6000013,0.4,0.3,false,false,2,-4,104,222,261,311,418,259,2,0,723666919,393870040
S,380,80,137,-1.3999999,-20.0,-5.2000012,0.4,0.3,false,false,2,-6,102,222,259,311,416,259,2,0,723666919,393870040
S,381,80,135,-1.0999999,-20.0,-4.800001,0.4,0.3,false,false,2,-8,100,222,257,311,414,259,2,0,723666919,393870040
S,382,80,134,-0.7999999,-20.0,-4.400001,0.4,0.3,false,false,2,-10,98,222,255,311,412,259,2,0,723666919,393870040
S,383,80,133,-0.49999988,-20.0,-4.000001,0.4,0.3,false,false,2,-12,96,222,253,311,410,259,2,0,723666919,393870040
S,384,80,132,-0.19999987,-20.0,-3.6000009,0.4,0.3,false,false,2,-14,94,222,251,311,408,259,2,0,723666919,393870040
S,385,80,132,0.10000014,-20.0,-3.2000008,0.4,0.3,false,false,2,-16,92,222,249,311,406,259,2,0,723666919,393870040
S,386,80,132,0.40000015,-20.0,-2.8000007,0.4,0.3,false,false,2,-18,90,222,247,311,404,259,2,0,723666919,393870040
S,387,80,132,0.70000017,-20.0,-2.4000006,0.4,0.3,false,false,2,-20,88,222,245,311,402,259,2,0,723666919,393870040
S,388,80,133,1.0000002,-20.0,-2.0000005,0.4,0.3,false,false,2,-22,86,222,243,311,400,259,2,0,723666919,393870040
S,389,80,134,1.3000002,-20.0,-1.6000005,0.4,0.3,false,false,2,0,84,222,241,311,398,259,2,0,723666919,393870040
S,390,80,135,1.6000001,-20.0,-1.2000005,0.4,0.3,false,false,2,-2,82,222,239,311,396,259,2,0,723666919,393870040
S,391,80,136,1.9000001,-20.0,-0.80000055,0.4,0.3,false,false,3,-4,80,222,237,311,394,259,2,0,723666919,393870040
S,392,80,138,2.2,-20.0,-0.40000054,0.4,0.3,false,false,3,-6,78,222,235,311,392,259,2,0,723666919,393870040
S,393,80,140,2.5,-20.0,-5.364418E-7,0.4,0.3,false,false,3,-8,76,222,233,311,390,259,2,0,723666919,393870040
S,394,80,142,2.8,-20.0,0.39999947,0.4,0.3,false,false,3,-10,74,222,231,311,388,259,2,0,723666919,393870040
S,395,80,145,3.1,-19.6,0.7999995,0.4,0.3,false,false,3,-12,72,222,229,311,386,259,2,0,723666919,393870040
S,396,80,148,3.3999999,-18.800001,1.1999995,0.4,0.3,false,false,3,-14,70,222,227,311,384,259,2,0,723666919,393870040
S,397,80,151,3.6999998,-17.600002,1.5999994,0.4,0.3,false,false,3,-16,68,222,225,311,382,259,2,0,723666919,393870040
S,398,80,155,3.9999998,-16.000004,1.9999994,0.4,0.3,false,false,3,-18,66,222,223,311,380,259,2,0,723666919,393870040
S,399,80,159,4.2999997,-14.000005,2.3999994,0.4,0.3,false,false,3,-20,64,222,221,311,378,259,2,0,723666919,393870040
S,400,80,163,4.6,-11.600005,2.7999995,0.4,0.3,false,false,3,-22,62,222,219,311,376,259,2,0,723666919,393870040
S,401,80,167,4.9,-8.800006,3.1999996,0.4,0.3,false,false,3,0,60,222,217,311,374,259,2,0,723666919,393870040
S,402,80,172,5.2000003,-5.600006,3.5999997,0.4,0.3,false,false,3,-2,58,222,215,311,372,259,2,0,723666919,393870040
S,403,80,177,5.5000005,-2.0000064,3.9999998,0.4,0.3,false,false,3,-4,56,222,213,311,370,259,2,0,723666919,393870040
S,404,80,182,5.8000007,1.9999933,4.3999996,0.4,0.3,false,false,3,-6,54,222,211,311,368,259,2,0,723666919,393870040
I,405
S,405,80,177,-4.7,-8.000007,-9.6,0.4,0.3,false,false,3,-8,52,222,209,311,366,259,2,0,723666919,393870040
S,406,80,172,-4.3999996,-17.600006,-9.200001,0.4,0.3,false,false,3,-10,50,222,207,311,364,259,2,0,723666919,393870040
S,407,80,167,-4.0999994,-20.0,-8.800001,0.4,0.3,false,false,3,-12,48,222,205,311,362,259,2,0,723666919,393870040
S,408,80,163,-3.7999995,-20.0,-8.400002,0.4,0.3,false,false,3,-14,46,222,203,311,360,259,2,0,723666919,393870040
S,409,80,159,-3.4999995,-20.0,-8.000002,0.4,0.3,false,false,3,-16,44,222,201,311,358,259,2,0,723666919,393870040
S,410,80,155,-3.1999996,-20.0,-7.600002,0.4,0.3,false,false,3,-18,42,222,199,311,356,259,2,0,723666919,393870040
S,411,80,152,-2.8999996,-20.0,-7.2000017,0.4,0.3,false,false,3,-20,40,222,197,311,354,259,2,0,723666919,393870040
S,412,80,149,-2.5999997,-20.0,-6.8000016,0.4,0.3,false,false,3,-22,38,222,195,311,352,259,2,0,723666919,393870040
S,413,80,146,-2.2999997,-20.0,-6.4000015,0.4,0.3,false,false,3,0,36,222,193,311,350,259,2,0,723666919,393870040
S,414,80,144,-1.9999998,-20.0,-6.0000014,0.4,0.3,false,false,3,-2,34,222,191,311,348,259,2,0,723666919,393870040
S,415,80,142,-1.6999998,-20.0,-5.6000013,0.4,0.3,false,false,3,-4,32,222,189,311,346,259,2,0,723666919,393870040
S,416,80,140,-1.3999999,-20.0,-5.2000012,0.4,0.3,false,false,3,-6,30,222,187,311,344,259,2,0,723666919,393870040
S,417,80,138,-1.0999999,-20.0,-4.800001,0.4,0.3,false,false,3,-8,28,222,185,311,342,259,2,0,723666919,393870040
S,418,80,137,-0.7999999,-20.0,-4.400001,0.4,0.3,false,false,3,-10,26,222,183,311,340,259,2,0,723666919,393870040
S,419,80,136,-0.49999988,-20.0,-4.000001,0.4,0.3,false,false,3,-12,24,222,181,311,338,259,2,0,723666919,393870040
S,420,80,135,-0.19999987,-20.0,-3.6000009,0.4,0.3,false,false,3,-14,22,222,179,311,336,259,2,0,723666919,393870040
S,421,80,135,0.10000014,-20.0,-3.2000008,0.4,0.3,false,false,3,-16,20,222,177,311,334,259,2,0,723666919,393870040
S,422,80,135,0.40000015,-20.0,-2.8000007,0.4,0.3,false,false,3,-18,18,222,175,311,332,259,2,0,723666919,393870040
S,423,80,135,0.70000017,-20.0,-2.4000006,0.4,0.3,false,false,3,-20,16,222,173,311,330,259,2,0,723666919,393870040
S,424,80,136,1.0000002,-20.0,-2.0000005,0.4,0.3,false,false,3,-22,14,222,171,311,328,259,2,0,723666919,393870040
S,425,80,137,1.3000002,-20.0,-1.6000005,0.4,0.3,false,false,3,0,12,222,169,311,326,259,2,0,723666919,393870040
S,426,80,138,1.6000001,-20.0,-1.2000005,0.4,0.3,false,false,3,-2,10,222,167,311,324,259,2,0,723666919,393870040
S,427,80,139,1.9000001,-20.0,-0.80000055,0.4,0.3,false,false,3,-4,8,222,165,311,322,259,2,0,723666919,393870040
S,428,80,141,2.2,-20.0,-0.40000054,0.4,0.3,false,false,3,-6,6,222,163,311,320,259,2,0,723666919,393870040
S,429,80,143,2.5,-20.0,-5.364418E-7,0.4,0.3,false,false,3,-8,4,222,161,311,318,259,2,0,723666919,393870040
S,430,80,145,2.8,-20.0,0.39999947,0.4,0.3,false,false,3,-10,2,222,159,311,316,259,2,0,723666919,393870040
S,431,80,148,3.1,-19.6,0.7999995,0.4,0.3,false,false,3,-12,0,222,157,311,314,259,2,0,723666919,393870040
S,432,80,151,3.3999999,-18.800001,1.1999995,0.4,0.3,false,false,3,-14,-2,222,155,311,312,259,2,0,723666919,393870040
S,433,80,154,3.6999998,-17.600002,1.5999994,0.4,0.3,false,false,3,-16,-4,222,153,311,310,259,2,0,723666919,393870040
S,434,80,158,3.9999998,-16.000004,1.9999994,0.4,0.3,false,false,3,-18,-6,222,151,311,308,259,2,0,723666919,393870040
S,435,80,162,4.2999997,-14.000005,2.3999994,0.4,0.3,false,false,3,-20,-8,222,149,311,306,259,2,0,723666919,393870040
S,436,80,166,4.6,-11.600005,2.7999995,0.4,0.3,false,false,3,-22,-10,222,147,311,304,259,2,0,723666919,393870040
S,437,80,170,4.9,-8.800006,3.1999996,0.4,0.3,false,false,3,0,-12,222,145,311,302,259,2,0,723666919,393870040
S,438,80,175,5.2000003,-5.600006,3.5999997,0.4,0.3,false,false,3,-2,-14,222,143,311,300,259,2,0,723666919,393870040
S,439,80,180,5.5000005,-2.0000064,3.9999998,0.4,0.3,false,false,3,-4,-16,222,141,311,298,259,2,0,723666919,393870040
S,440,80,185,5.8000007,1.9999933,4.3999996,0.4,0.3,false,false,3,-6,-18,222,139,311,296,259,2,0,723666919,393870040
S,441,80,191,6.100001,6.399993,4.7999997,0.4,0.3,false,false,3,-8,-20,222,137,311,294,259,2,0,723666919,393870040
S,442,80,197,6.400001,11.199993,5.2,0.4,0.3,false,false,3,-10,-22,222,135,311,292,259,2,0,723666919,393870040
S,443,80,203,6.7000012,16.399994,5.6,0.4,0.3,false,false,3,-12,-24,222,133,311,290,259,2,0,723666919,393870040
S,444,80,210,7.0000014,21.999994,6.0,0.4,0.3,false,false,3,-14,-26,222,131,311,288,259,2,0,723666919,393870040
S,445,80,217,7.3000016,27.999994,6.4,0.4,0.3,false,false,3,-16,-28,222,129,311,286,259,2,0,723666919,393870040
S,446,80,224,7.600002,34.399994,6.8,0.4,0.3,false,false,3,-18,-30,222,127,311,284,259,2,0,723666919,393870040
S,447,80,231,7.900002,41.199993,7.2000003,0.4,0.3,false,false,3,-20,-32,222,125,311,282,259,2,0,723666919,393870040
S,448,80,239,8.0,48.399994,7.6000004,0.4,0.3,false,false,3,-22,-34,222,123,311,280,259,2,0,723666919,393870040
S,449,80,247,8.0,55.999992,8.0,0.4,0.3,false,false,3,0,-36,222,121,311,278,259,2,0,723666919,393870040
S,450,80,255,8.0,63.999992,8.4,0.4,0.3,false,false,3,-2,-38,222,119,311,276,259,2,0,723666919,393870040
S,451,80,263,8.0,72.399994,8.799999,0.4,0.3,false,false,3,-4,-40,222,117,311,274,259,2,0,723666919,393870040
S,452,80,271,8.0,81.2,9.199999,0.4,0.3,false,false,3,-6,-42,222,115,311,272,259,2,0,723666919,393870040
I,453
S,453,80,266,-4.7,71.2,-9.6,0.4,0.3,false,false,3,-8,-44,222,113,311,270,259,2,0,723666919,393870040
S,454,80,261,-4.3999996,61.6,-9.200001,0.4,0.3,false,false,3,-10,-46,222,111,311,268,259,2,0,723666919,393870040
S,455,80,256,-4.0999994,52.399998,-8.800001,0.4,0.3,false,false,3,-12,-48,222,109,311,266,259,2,0,723666919,393870040
S,456,80,252,-3.7999995,43.6,-8.400002,0.4,0.3,false,false,3,-14,-50,222,107,311,264,259,2,0,723666919,393870040
S,457,80,248,-3.4999995,35.199997,-8.000002,0.4,0.3,false,false,3,-16,-52,222,105,311,262,259,2,0,723666919,393870040
S,458,80,244,-3.1999996,27.199995,-7.600002,0.4,0.3,false,false,3,-18,103,311,260,259,417,250,2,0,331337042,-1920959983
S,459,80,241,-2.8999996,19.599993,-7.2000017,0.4,0.3,false,false,3,-20,101,311,258,259,415,250,2,0,331337042,-1920959983
S,460,80,238,-2.5999997,12.399991,-6.8000016,0.4,0.3,false,false,3,-22,99,311,256,259,413,250,2,0,331337042,-1920959983
S,461,80,235,-2.2999997,5.5999894,-6.4000015,0.4,0.3,false,false,3,0,97,311,254,259,411,250,2,0,331337042,-1920959983
S,462,80,233,-1.9999998,-0.8000121,-6.0000014,0.4,0.3,false,false,3,-2,95,311,252,259,409,250,2,0,331337042,-1920959983
S,463,80,231,-1.6999998,-6.8000135,-5.6000013,0.4,0.3,false,false,3,-4,93,311,250,259,407,250,2,0,331337042,-1920959983
S,464,80,229,-1.3999999,-12.400015,-5.2000012,0.4,0.3,false,false,3,-6,91,311,248,259,405,250,2,0,331337042,-1920959983
S,465,80,227,-1.0999999,-17.600016,-4.800001,0.4,0.3,false,false,3,-8,89,311,246,259,403,250,2,0,331337042,-1920959983
S,466,80,226,-0.7999999,-20.0,-4.400001,0.4,0.3,false,false,3,-10,87,311,244,259,401,250,2,0,331337042,-1920959983
S,467,80,225,-0.49999988,-20.0,-4.000001,0.4,0.3,false,false,3,-12,85,311,242,259,399,250,2,0,331337042,-1920959983
S,468,80,224,-0.19999987,-20.0,-3.6000009,0.4,0.3,false,false,3,-14,83,311,240,259,397,250,2,0,331337042,-1920959983
S,469,80,224,0.10000014,-20.0,-3.2000008,0.4,0.3,false,false,3,-16,81,311,238,259,395,250,2,0,331337042,-1920959983
S,470,80,224,0.40000015,-20.0,-2.8000007,0.4,0.3,false,false,4,-18,79,311,236,259,393,250,2,0,331337042,-1920959983
S,471,80,224,0.70000017,-20.0,-2.4000006,0.4,0.3,false,false,4,-20,77,311,234,259,391,250,2,0,331337042,-1920959983
S,472,80,225,1.0000002,-20.0,-2.0000005,0.4,0.3,false,false,4,-22,75,311,232,259,389,250,2,0,331337042,-1920959983
S,473,80,226,1.3000002,-20.0,-1.6000005,0.4,0.3,false,false,4,0,73,311,230,259,387,250,2,0,331337042,-1920959983
S,474,80,227,1.6000001,-20.0,-1.2000005,0.4,0.3,false,false,4,-2,71,311,228,259,385,250,2,0,331337042,-1920959983
S,475,80,228,1.9000001,-20.0,-0.80000055,0.4,0.3,false,false,4,-4,69,311,226,259,383,250,2,0,331337042,-1920959983
S,476,80,230,2.2,-20.0,-0.40000054,0.4,0.3,false,false,4,-6,67,311,224,259,381,250,2,0,331337042,-1920959983
S,477,80,232,2.5,-20.0,-5.364418E-7,0.4,0.3,false,false,4,-8,65,311,222,259,379,250,2,0,331337042,-1920959983
S,478,80,234,2.8,-20.0,0.39999947,0.4,0.3,false,false,4,-10,63,311,220,259,377,250,2,0,331337042,-1920959983
S,479,80,237,3.1,-19.6,0.7999995,0.4,0.3,false,false,4,-12,61,311,218,259,375,250,2,0,331337042,-1920959983
S,480,80,240,3.3999999,-18.800001,1.1999995,0.4,0.3,false,false,4,-14,59,311,216,259,373,250,2,0,331337042,-1920959983
S,481,80,243,3.6999998,-17.600002,1.5999994,0.4,0.3,false,false,4,-16,57,311,214,259,371,250,2,0,331337042,-1920959983
S,482,80,247,3.9999998,-16.000004,1.9999994,0.4,0.3,false,false,4,-18,55,311,212,259,369,250,2,0,331337042,-1920959983
S,483,80,251,4.2999997,-14.000005,2.3999994,0.4,0.3,false,false,4,-20,53,311,210,259,367,250,2,0,331337042,-1920959983
S,484,80,255,4.6,-11.600005,2.7999995,0.4,0.3,false,false,4,-22,51,311,208,259,365,250,2,0,331337042,-1920959983
S,485,80,259,4.9,-8.800006,3.1999996,0.4,0.3,false,false,4,0,49,311,206,259,363,250,2,0,331337042,-1920959983
S,486,80,264,5.2000003,-5.600006,3.5999997,0.4,0.3,false,false,4,-2,47,311,204,259,361,250,2,0,331337042,-1920959983
S,487,80,269,5.5000005,-2.0000064,3.9999998,0.4,0.3,false,false,4,-4,45,311,202,259,359,250,2,0,331337042,-1920959983
I,488
S,488,80,264,-4.7,-12.000007,-9.6,0.4,0.3,false,false,4,-6,43,311,200,259,357,250,2,0,331337042,-1920959983
S,489,80,259,-4.3999996,-20.0,-9.200001,0.4,0.3,false,false,4,-8,41,311,198,259,355,250,2,0,331337042,-1920959983
S,490,80,254,-4.0999994,-20.0,-8.800001,0.4,0.3,false,false,4,-10,39,311,196,259,353,250,2,0,331337042,-1920959983
S,491,80,250,-3.7999995,-20.0,-8.400002,0.4,0.3,false,false,4,-12,37,311,194,259,351,250,2,0,331337042,-1920959983
S,492,80,246,-3.4999995,-20.0,-8.000002,0.4,0.3,false,false,4,-14,35,311,192,259,349,250,2,0,331337042,-1920959983
S,493,80,242,-3.1999996,-20.0,-7.600002,0.4,0.3,false,false,4,-16,33,311,190,259,347,250,2,0,331337042,-1920959983
S,494,80,239,-2.8999996,-20.0,-7.2000017,0.4,0.3,false,false,4,-18,31,311,188,259,345,250,2,0,331337042,-1920959983
S,495,80,236,-2.5999997,-20.0,-6.8000016,0.4,0.3,false,false,4,-20,29,311,186,259,343,250,2,0,331337042,-1920959983
S,496,80,233,-2.2999997,-20.0,-6.4000015,0.4,0.3,false,false,4,-22,27,311,184,259,341,250,2,0,331337042,-1920959983
S,497,80,231,-1.9999998,-20.0,-6.0000014,0.4,0.3,false,false,4,0,25,311,182,259,339,250,2,0,331337042,-1920959983
S,498,80,229,-1.6999998,-20.0,-5.6000013,0.4,0.3,false,false,4,-2,23,311,180,259,337,250,2,0,331337042,-1920959983
S,499,80,227,-1.3999999,-20.0,-5.2000012,0.4,0.3,false,false,4,-4,21,311,178,259,335,250,2,0,331337042,-1920959983
S,500,80,225,-1.0999999,-20.0,-4.800001,0.4,0.3,false,false,4,-6,19,311,176,259,333,250,2,0,331337042,-1920959983
S,501,80,224,-0.7999999,-20.0,-4.400001,0.4,0.3,false,false,4,-8,17,311,174,259,331,250,2,0,331337042,-1920959983
S,502,80,223,-0.49999988,-20.0,-4.000001,0.4,0.3,false,false,4,-10,15,311,172,259,329,250,2,0,331337042,-1920959983
S,503,80,222,-0.19999987,-20.0,-3.6000009,0.4,0.3,false,false,4,-12,13,311,170,259,327,250,2,0,331337042,-1920959983
S,504,80,222,0.10000014,-20.0,-3.2000008,0.4,0.3,false,false,4,-14,11,311,168,259,325,250,2,0,331337042,-1920959983
S,505,80,222,0.40000015,-20.0,-2.8000007,0.4,0.3,false,false,4,-16,9,311,166,259,323,250,2,0,331337042,-1920959983
S,506,80,222,0.70000017,-20.0,-2.4000006,0.4,0.3,false,false,4,-18,7,311,164,259,321,250,2,0,331337042,-1920959983
S,507,80,223,1.0000002,-20.0,-2.0000005,0.4,0.3,false,false,4,-20,5,311,162,259,319,250,2,0,331337042,-1920959983
S,508,80,224,1.3000002,-20.0,-1.6000005,0.4,0.3,false,false,4,-22,3,311,160,259,317,250,2,0,331337042,-1920959983
S,509,80,225,1.6000001,-20.0,-1.2000005,0.4,0.3,false,false,4,0,1,311,158,259,315,250,2,0,331337042,-1920959983
S,510,80,226,1.9000001,-20.0,-0.80000055,0.4,0.3,false,false,4,-2,-1,311,156,259,313,250,2,0,331337042,-1920959983
S,511,80,228,2.2,-20.0,-0.40000054,0.4,0.3,false,false,4,-4,-3,311,154,259,311,250,2,0,331337042,-1920959983
I,512
S,512,80,223,-4.7,-20.0,-9.6,0.4,0.3,false,false,4,-6,-5,311,152,259,309,250,2,0,331337042,-1920959983
S,513,80,218,-4.3999996,-20.0,-9.200001,0.4,0.3,false,false,4,-8,-7,311,150,259,307,250,2,0,331337042,-1920959983
S,514,80,213,-4.0999994,-20.0,-8.800001,0.4,0.3,false,false,4,-10,-9,311,148,259,305,250,2,0,331337042,-1920959983
S,515,80,209,-3.7999995,-20.0,-8.400002,0.4,0.3,false,false,4,-12,-11,311,146,259,303,250,2,0,331337042,-1920959983
S,516,80,205,-3.4999995,-20.0,-8.000002,0.4,0.3,false,false,4,-14,-13,311,144,259,301,250,2,0,331337042,-1920959983
S,517,80,201,-3.1999996,-20.0,-7.600002,0.4,0.3,false,false,4,-16,-15,311,142,259,299,250,2,0,331337042,-1920959983
S,518,80,198,-2.8999996,-20.0,-7.2000017,0.4,0.3,false,false,4,-18,-17,311,140,259,297,250,2,0,331337042,-1920959983
S,519,80,195,-2.5999997,-20.0,-6.8000016,0.4,0.3,false,false,4,-20,-19,311,138,259,295,250,2,0,331337042,-1920959983
S,520,80,192,-2.2999997,-20.0,-6.4000015,0.4,0.3,false,false,4,-22,-21,311,136,259,293,250,2,0,331337042,-1920959983
S,521,80,190,-1.9999998,-20.0,-6.0000014,0.4,0.3,false,false,4,0,-23,311,134,259,291,250,2,0,331337042,-1920959983
S,522,80,188,-1.6999998,-20.0,-5.6000013,0.4,0.3,false,false,4,-2,-25,311,132,259,289,250,2,0,331337042,-1920959983
S,523,80,186,-1.3999999,-20.0,-5.2000012,0.4,0.3,false,false,4,-4,-27,311,130,259,287,250,2,0,331337042,-1920959983
S,524,80,184,-1.0999999,-20.0,-4.800001,0.4,0.3,false,false,4,-6,-29,311,128,259,285,250,2,0,331337042,-1920959983
S,525,80,183,-0.7999999,-20.0,-4.400001,0.4,0.3,false,false,4,-8,-31,311,126,259,283,250,2,0,331337042,-1920959983
S,526,80,182,-0.49999988,-20.0,-4.000001,0.4,0.3,false,false,4,-10,-33,311,124,259,281,250,2,0,331337042,-1920959983
S,527,80,181,-0.19999987,-20.0,-3.6000009,0.4,0.3,false,false,4,-12,-35,311,122,259,279,250,2,0,331337042,-1920959983
S,528,80,181,0.10000014,-20.0,-3.2000008,0.4,0.3,false,false,4,-14,-37,311,120,259,277,250,2,0,331337042,-1920959983
S,529,80,181,0.40000015,-20.0,-2.8000007,0.4,0.3,false,false,4,-16,-39,311,118,259,275,250,2,0,331337042,-1920959983
S,530,80,181,0.70000017,-20.0,-2.4000006,0.4,0.3,false,false,4,-18,-41,311,116,259,273,250,2,0,331337042,-1920959983
S,531,80,182,1.0000002,-20.0,-2.0000005,0.4,0.3,false,false,4,-20,-43,311,114,259,271,250,2,0,331337042,-1920959983
S,532,80,183,1.3000002,-20.0,-1.6000005,0.4,0.3,false,false,4,-22,-45,311,112,259,269,250,2,0,331337042,-1920959983
S,533,80,184,1.6000001,-20.0,-1.2000005,0.4,0.3,false,false,4,0,-47,311,110,259,267,250,2,0,331337042,-1920959983
S,534,80,185,1.9000001,-20.0,-0.80000055,0.4,0.3,false,false,4,-2,-49,311,108,259,265,250,2,0,331337042,-1920959983
S,535,80,187,2.2,-20.0,-0.40000054,0.4,0.3,false,false,4,-4,-51,311,106,259,263,250,2,0,331337042,-1920959983
S,536,80,189,2.5,-20.0,-5.364418E-7,0.4,0.3,false,false,4,-6,104,259,261,250,418,287,2,0,946121055,1155214969
S,537,80,191,2.8,-20.0,0.39999947,0.4,0.3,false,false,4,-8,102,259,259,250,416,287,2,0,946121055,1155214969
S,538,80,194,3.1,-19.6,0.7999995,0.4,0.3,false,false,4,-10,100,259,257,250,414,287,2,0,946121055,1155214969
S,539,80,197,3.3999999,-18.800001,1.1999995,0.4,0.3,false,false,4,-12,98,259,255,250,412,287,2,0,946121055,1155214969
S,540,80,200,3.6999998,-17.600002,1.5999994,0.4,0.3,false,false,4,-14,96,259,253,250,410,287,2,0,946121055,1155214969
S,541,80,204,3.9999998,-16.000004,1.9999994,0.4,0.3,false,false,4,-16,94,259,251,250,408,287,2,0,946121055,1155214969
S,542,80,208,4.2999997,-14.000005,2.3999994,0.4,0.3,false,false,4,-18,92,259,249,250,406,287,2,0,946121055,1155214969
S,543,80,212,4.6,-11.600005,2.7999995,0.4,0.3,false,false,4,-20,90,259,247,250,404,287,2,0,946121055,1155214969
S,544,80,216,4.9,-8.800006,3.1999996,0.4,0.3,false,false,4,-22,88,259,245,250,402,287,2,0,946121055,1155214969
I,545
S,545,80,211,-4.7,-18.800007,-9.6,0.4,0.3,false,false,4,0,86,259,243,250,400,287,2,0,946121055,1155214969
S,546,80,206,-4.3999996,-20.0,-9.200001,0.4,0.3,false,false,4,-2,84,259,241,250,398,287,2,0,946121055,1155214969
S,547,80,201,-4.0999994,-20.0,-8.800001,0.4,0.3,false,false,4,-4,82,259,239,250,396,287,2,0,946121055,1155214969
S,548,80,197,-3.7999995,-20.0,-8.400002,0.4,0.3,false,false,5,-6,80,259,237,250,394,287,2,0,946121055,1155214969
S,549,80,193,-3.4999995,-20.0,-8.000002,0.4,0.3,false,false,5,-8,78,259,235,250,392,287,2,0,946121055,1155214969
S,550,80,189,-3.1999996,-20.0,-7.600002,0.4,0.3,false,false,5,-10,76,259,233,250,390,287,2,0,946121055,1155214969
S,551,80,186,-2.8999996,-20.0,-7.2000017,0.4,0.3,false,false,5,-12,74,259,231,250,388,287,2,0,946121055,1155214969
S,552,80,183,-2.5999997,-20.0,-6.8000016,0.4,0.3,false,false,5,-14,72,259,229,250,386,287,2,0,946121055,1155214969
S,553,80,180,-2.2999997,-20.0,-6.4000015,0.4,0.3,false,false,5,-16,70,259,227,250,384,287,2,0,946121055,1155214969
S,554,80,178,-1.9999998,-20.0,-6.0000014,0.4,0.3,false,false,5,-18,68,259,225,250,382,287,2,0,946121055,1155214969
S,555,80,176,-1.6999998,-20.0,-5.6000013,0.4,0.3,false,false,5,-20,66,259,223,250,380,287,2,0,946121055,1155214969
S,556,80,174,-1.3999999,-20.0,-5.2000012,0.4,0.3,false,false,5,-22,64,259,221,250,378,287,2,0,946121055,1155214969
S,557,80,172,-1.0999999,-20.0,-4.800001,0.4,0.3,false,false,5,0,62,259,219,250,376,287,2,0,946121055,1155214969
S,558,80,171,-0.7999999,-20.0,-4.400001,0.4,0.3,false,false,5,-2,60,259,217,250,374,287,2,0,946121055,1155214969
S,559,80,170,-0.49999988,-20.0,-4.000001,0.4,0.3,false,false,5,-4,58,259,215,250,372,287,2,0,946121055,1155214969
S,560,80,169,-0.19999987,-20.0,-3.6000009,0.4,0.3,false,false,5,-6,56,259,213,250,370,287,2,0,946121055,1155214969
S,561,80,169,0.10000014,-20.0,-3.2000008,0.4,0.3,false,false,5,-8,54,259,211,250,368,287,2,0,946121055,1155214969
S,562,80,169,0.40000015,-20.0,-2.8000007,0.4,0.3,false,false,5,-10,52,259,209,250,366,287,2,0,946121055,1155214969
S,563,80,169,0.70000017,-20.0,-2.4000006,0.4,0.3,false,false,5,-12,50,259,207,250,364,287,2,0,946121055,1155214969
S,564,80,170,1.0000002,-20.0,-2.0000005,0.4,0.3,false,false,5,-14,48,259,205,250,362,287,2,0,946121055,1155214969
S,565,80,171,1.3000002,-20.0,-1.6000005,0.4,0.3,false,false,5,-16,46,259,203,250,360,287,2,0,946121055,1155214969
S,566,80,172,1.6000001,-20.0,-1.2000005,0.4,0.3,false,false,5,-18,44,259,201,250,358,287,2,0,946121055,1155214969
S,567,80,173,1.9000001,-20.0,-0.80000055,0.4,0.3,false,false,5,-20,42,259,199,250,356,287,2,0,946121055,1155214969
S,568,80,175,2.2,-20.0,-0.40000054,0.4,0.3,false,false,5,-22,40,259,197,250,354,287,2,0,946121055,1155214969
S,569,80,177,2.5,-20.0,-5.364418E-7,0.4,0.3,false,false,5,0,38,259,195,250,352,287,2,0,946121055,1155214969
S,570,80,179,2.8,-20.0,0.39999947,0.4,0.3,false,false,5,-2,36,259,193,250,350,287,2,0,946121055,1155214969
S,571,80,182,3.1,-19.6,0.7999995,0.4,0.3,false,false,5,-4,34,259,191,250,348,287,2,0,946121055,1155214969
S,572,80,185,3.3999999,-18.800001,1.1999995,0.4,0.3,false,false,5,-6,32,259,189,250,346,287,2,0,946121055,1155214969
S,573,80,188,3.6999998,-17.600002,1.5999994,0.4,0.3,false,false,5,-8,30,259,187,250,344,287,2,0,946121055,1155214969
S,574,80,192,3.9999998,-16.000004,1.9999994,0.4,0.3,false,false,5,-10,28,259,185,250,342,287,2,0,946121055,1155214969
S,575,80,196,4.2999997,-14.000005,2.3999994,0.4,0.3,false,false,5,-12,26,259,183,250,340,287,2,0,946121055,1155214969
S,576,80,200,4.6,-11.600005,2.7999995,0.4,0.3,false,false,5,-14,24,259,181,250,338,287,2,0,946121055,1155214969
S,577,80,204,4.9,-8.800006,3.1999996,0.4,0.3,false,false,5,-16,22,259,179,250,336,287,2,0,946121055,1155214969
S,578,80,209,5.2000003,-5.600006,3.5999997,0.4,0.3,false,false,5,-18,20,259,177,250,334,287,2,0,946121055,1155214969
I,579
S,579,80,204,-4.7,-15.600006,-9.6,0.4,0.3,false,false,5,-20,18,259,175,250,332,287,2,0,946121055,1155214969
S,580,80,199,-4.3999996,-20.0,-9.200001,0.4,0.3,false,false,5,-22,16,259,173,250,330,287,2,0,946121055,1155214969
S,581,80,194,-4.0999994,-20.0,-8.800001,0.4,0.3,false,false,5,0,14,259,171,250,328,287,2,0,946121055,1155214969
S,582,80,190,-3.7999995,-20.0,-8.400002,0.4,0.3,false,false,5,-2,12,259,169,250,326,287,2,0,946121055,1155214969
S,583,80,186,-3.4999995,-20.0,-8.000002,0.4,0.3,false,false,5,-4,10,259,167,250,324,287,2,0,946121055,1155214969
S,584,80,182,-3.1999996,-20.0,-7.600002,0.4,0.3,false,false,5,-6,8,259,165,250,322,287,2,0,946121055,1155214969
S,585,80,179,-2.8999996,-20.0,-7.2000017,0.4,0.3,false,false,5,-8,6,259,163,250,320,287,2,0,946121055,1155214969
S,586,80,176,-2.5999997,-20.0,-6.8000016,0.4,0.3,false,false,5,-10,4,259,161,250,318,287,2,0,946121055,1155214969
S,587,80,173,-2.2999997,-20.0,-6.4000015,0.4,0.3,false,false,5,-12,2,259,159,250,316,287,2,0,946121055,1155214969
S,588,80,171,-1.9999998,-20.0,-6.0000014,0.4,0.3,false,false,5,-14,0,259,157,250,314,287,2,0,946121055,1155214969
S,589,80,169,-1.6999998,-20.0,-5.6000013,0.4,0.3,false,false,5,-16,-2,259,155,250,312,287,2,0,946121055,1155214969
S,590,80,167,-1.3999999,-20.0,-5.2000012,0.4,0.3,false,false,5,-18,-4,259,153,250,310,287,2,0,946121055,1155214969
S,591,80,165,-1.0999999,-20.0,-4.800001,0.4,0.3,false,false,5,-20,-6,259,151,250,308,287,2,0,946121055,1155214969
S,592,80,164,-0.7999999,-20.0,-4.400001,0.4,0.3,false,false,5,-22,-8,259,149,250,306,287,2,0,946121055,1155214969
S,593,80,163,-0.49999988,-20.0,-4.000001,0.4,0.3,false,false,5,0,-10,259,147,250,304,287,2,0,946121055,1155214969
S,594,80,162,-0.19999987,-20.0,-3.6000009,0.4,0.3,false,false,5,-2,-12,259,145,250,302,287,2,0,946121055,1155214969
S,595,80,162,0.10000014,-20.0,-3.2000008,0.4,0.3,false,false,5,-4,-14,259,143,250,300,287,2,0,946121055,1155214969
S,596,80,162,0.40000015,-20.0,-2.8000007,0.4,0.3,false,false,5,-6,-16,259,141,250,298,287,2,0,946121055,1155214969
S,597,80,162,0.70000017,-20.0,-2.4000006,0.4,0.3,false,false,5,-8,-18,259,139,250,296,287,2,0,946121055,1155214969
S,598,80,163,1.0000002,-20.0,-2.0000005,0.4,0.3,false,false,5,-10,-20,259,137,250,294,287,2,0,946121055,1155214969
S,599,80,164,1.3000002,-20.0,-1.6000005,0.4,0.3,false,false,5,-12,-22,259,135,250,292,287,2,0,946121055,1155214969
S,600,80,165,1.6000001,-20.0,-1.2000005,0.4,0.3,false,false,5,-14,-24,259,133,250,290,287,2,0,946121055,1155214969
S,601,80,166,1.9000001,-20.0,-0.80000055,0.4,0.3,false,false,5,-16,-26,259,131,250,288,287,2,0,946121055,1155214969
S,602,80,168,2.2,-20.0,-0.40000054,0.4,0.3,false,false,5,-18,-28,259,129,250,286,287,2,0,946121055,1155214969
S,603,80,170,2.5,-20.0,-5.364418E-7,0.4,0.3,false,false,5,-20,-30,259,127,250,284,287,2,0,946121055,1155214969
S,604,80,172,2.8,-20.0,0.39999947,0.4,0.3,false,false,5,-22,-32,259,125,250,282,287,2,0,946121055,1155214969
S,605,80,175,3.1,-19.6,0.7999995,0.4,0.3,false,false,5,0,-34,259,123,250,280,287,2,0,946121055,1155214969
S,606,80,178,3.3999999,-18.800001,1.1999995,0.4,0.3,false,false,5,-2,-36,259,121,250,278,287,2,0,946121055,1155214969
S,607,80,181,3.6999998,-17.600002,1.5999994,0.4,0.3,false,false,5,-4,-38,259,119,250,276,287,2,0,946121055,1155214969
S,608,80,185,3.9999998,-16.000004,1.9999994,0.4,0.3,false,false,5,-6,-40,259,117,250,274,287,2,0,946121055,1155214969
S,609,80,189,4.2999997,-14.000005,2.3999994,0.4,0.3,false,false,5,-8,-42,259,115,250,272,287,2,0,946121055,1155214969
S,610,80,193,4.6,-11.600005,2.7999995,0.4,0.3,false,false,5,-10,-44,259,113,250,270,287,2,0,946121055,1155214969
S,611,80,197,4.9,-8.800006,3.1999996,0.4,0.3,false,false,5,-12,-46,259,111,250,268,287,2,0,946121055,1155214969
S,612,80,202,5.2000003,-5.600006,3.5999997,0.4,0.3,false,false,5,-14,-48,259,109,250,266,287,2,0,946121055,1155214969
S,613,80,207,5.5000005,-2.0000064,3.9999998,0.4,0.3,false,false,5,-16,-50,259,107,250,264,287,2,0,946121055,1155214969
I,614
S,614,80,202,-4.7,-12.000007,-9.6,0.4,0.3,false,false,5,-18,-52,259,105,250,262,287,2,0,946121055,1155214969
S,615,80,197,-4.3999996,-20.0,-9.200001,0.4,0.3,false,false,5,-20,103,250,260,287,417,296,2,0,780476436,439837820
S,616,80,192,-4.0999994,-20.0,-8.800001,0.4,0.3,false,false,5,-22,101,250,258,287,415,296,2,0,780476436,439837820
S,617,80,188,-3.7999995,-20.0,-8.400002,0.4,0.3,false,false,5,0,99,250,256,287,413,296,2,0,780476436,439837820
S,618,80,184,-3.4999995,-20.0,-8.000002,0.4,0.3,false,false,5,-2,97,250,254,287,411,296,2,0,780476436,439837820
S,619,80,180,-3.1999996,-20.0,-7.600002,0.4,0.3,false,false,5,-4,95,250,252,287,409,296,2,0,780476436,439837820
S,620,80,177,-2.8999996,-20.0,-7.2000017,0.4,0.3,false,false,5,-6,93,250,250,287,407,296,2,0,780476436,439837820
S,621,80,174,-2.5999997,-20.0,-6.8000016,0.4,0.3,false,false,5,-8,91,250,248,287,405,296,2,0,780476436,439837820
S,622,80,171,-2.2999997,-20.0,-6.4000015,0.4,0.3,false,false,5,-10,89,250,246,287,403,296,2,0,780476436,439837820
S,623,80,169,-1.9999998,-20.0,-6.0000014,0.4,0.3,false,false,5,-12,87,250,244,287,401,296,2,0,780476436,439837820
S,624,80,167,-1.6999998,-20.0,-5.6000013,0.4,0.3,false,false,5,-14,85,250,242,287,399,296,2,0,780476436,439837820
S,625,80,165,-1.3999999,-20.0,-5.2000012,0.4,0.3,false,false,5,-16,83,250,240,287,397,296,2,0,780476436,439837820
S,626,80,163,-1.0999999,-20.0,-4.800001,0.4,0.3,false,false,5,-18,81,250,238,287,395,296,2,0,780476436,439837820
S,627,80,162,-0.7999999,-20.0,-4.400001,0.4,0.3,false,false,6,-20,79,250,236,287,393,296,2,0,780476436,439837820
S,628,80,161,-0.49999988,-20.0,-4.000001,0.4,0.3,false,false,6,-22,77,250,234,287,391,296,2,0,780476436,439837820
S,629,80,160,-0.19999987,-20.0,-3.6000009,0.4,0.3,false,false,6,0,75,250,232,287,389,296,2,0,780476436,439837820
S,630,80,160,0.10000014,-20.0,-3.2000008,0.4,0.3,false,false,6,-2,73,250,230,287,387,296,2,0,780476436,439837820
S,631,80,160,0.40000015,-20.0,-2.8000007,0.4,0.3,false,false,6,-4,71,250,228,287,385,296,2,0,780476436,439837820
S,632,80,160,0.70000017,-20.0,-2.4000006,0.4,0.3,false,false,6,-6,69,250,226,287,383,296,2,0,780476436,439837820
S,633,80,161,1.0000002,-20.0,-2.0000005,0.4,0.3,false,false,6,-8,67,250,224,287,381,296,2,0,780476436,439837820
S,634,80,162,1.3000002,-20.0,-1.6000005,0.4,0.3,false,false,6,-10,65,250,222,287,379,296,2,0,780476436,439837820
S,635,80,163,1.6000001,-20.0,-1.2000005,0.4,0.3,false,false,6,-12,63,250,220,287,377,296,2,0,780476436,439837820
S,636,80,164,1.9000001,-20.0,-0.80000055,0.4,0.3,false,false,6,-14,61,250,218,287,375,296,2,0,780476436,439837820
S,637,80,166,2.2,-20.0,-0.40000054,0.4,0.3,false,false,6,-16,59,250,216,287,373,296,2,0,780476436,439837820
S,638,80,168,2.5,-20.0,-5.364418E-7,0.4,0.3,false,false,6,-18,57,250,214,287,371,296,2,0,780476436,439837820
S,639,80,170,2.8,-20.0,0.39999947,0.4,0.3,false,false,6,-20,55,250,212,287,369,296,2,0,780476436,439837820
S,640,80,173,3.1,-19.6,0.7999995,0.4,0.3,false,false,6,-22,53,250,210,287,367,296,2,0,780476436,439837820
S,641,80,176,3.3999999,-18.800001,1.1999995,0.4,0.3,false,false,6,0,51,250,208,287,365,296,2,0,780476436,439837820
S,642,80,179,3.6999998,-17.600002,1.5999994,0.4,0.3,false,false,6,-2,49,250,206,287,363,296,2,0,780476436,439837820
S,643,80,183,3.9999998,-16.000004,1.9999994,0.4,0.3,false,false,6,-4,47,250,204,287,361,296,2,0,780476436,439837820
S,644,80,187,4.2999997,-14.000005,2.3999994,0.4,0.3,false,false,6,-6,45,250,202,287,359,296,2,0,780476436,439837820
S,645,80,191,4.6,-11.600005,2.7999995,0.4,0.3,false,false,6,-8,43,250,200,287,357,296,2,0,780476436,439837820
S,646,80,195,4.9,-8.800006,3.1999996,0.4,0.3,false,false,6,-10,41,250,198,287,355,296,2,0,780476436,439837820
S,647,80,200,5.2000003,-5.600006,3.5999997,0.4,0.3,false,false,6,-12,39,250,196,287,353,296,2,0,780476436,439837820
S,648,80,205,5.5000005,-2.0000064,3.9999998,0.4,0.3,false,false,6,-14,37,250,194,287,351,296,2,0,780476436,439837820
S,649,80,210,5.8000007,1.9999933,4.3999996,0.4,0.3,false,false,6,-16,35,250,192,287,349,296,2,0,780476436,439837820
I,650
S,650,80,205,-4.7,-8.000007,-9.6,0.4,0.3,false,false,6,-18,33,250,190,287,347,296,2,0,780476436,439837820
S,651,80,200,-4.3999996,-17.600006,-9.200001,0.4,0.3,false,false,6,-20,31,250,188,287,345,296,2,0,780476436,439837820
S,652,80,195,-4.0999994,-20.0,-8.800001,0.4,0.3,false,false,6,-22,29,250,186,287,343,296,2,0,780476436,439837820
S,653,80,191,-3.7999995,-20.0,-8.400002,0.4,0.3,false,false,6,0,27,250,184,287,341,296,2,0,780476436,439837820
S,654,80,187,-3.4999995,-20.0,-8.000002,0.4,0.3,false,false,6,-2,25,250,182,287,339,296,2,0,780476436,439837820
S,655,80,183,-3.1999996,-20.0,-7.600002,0.4,0.3,false,false,6,-4,23,250,180,287,337,296,2,0,780476436,439837820
S,656,80,180,-2.8999996,-20.0,-7.2000017,0.4,0.3,false,false,6,-6,21,250,178,287,335,296,2,0,780476436,439837820
S,657,80,177,-2.5999997,-20.0,-6.8000016,0.4,0.3,false,false,6,-8,19,250,176,287,333,296,2,0,780476436,439837820
S,658,80,174,-2.2999997,-20.0,-6.4000015,0.4,0.3,false,false,6,-10,17,250,174,287,331,296,2,0,780476436,439837820
S,659,80,172,-1.9999998,-20.0,-6.0000014,0.4,0.3,false,false,6,-12,15,250,172,287,329,296,2,0,780476436,439837820
S,660,80,170,-1.6999998,-20.0,-5.6000013,0.4,0.3,false,false,6,-14,13,250,170,287,327,296,2,0,780476436,439837820
S,661,80,168,-1.3999999,-20.0,-5.2000012,0.4,0.3,false,false,6,-16,11,250,168,287,325,296,2,0,780476436,439837820
S,662,80,166,-1.0999999,-20.0,-4.800001,0.4,0.3,false,false,6,-18,9,250,166,287,323,296,2,0,780476436,439837820
S,663,80,165,-0.7999999,-20.0,-4.400001,0.4,0.3,false,false,6,-20,7,250,164,287,321,296,2,0,780476436,439837820
S,664,80,164,-0.49999988,-20.0,-4.000001,0.4,0.3,false,false,6,-22,5,250,162,287,319,296,2,0,780476436,439837820
S,665,80,163,-0.19999987,-20.0,-3.6000009,0.4,0.3,false,false,6,0,3,250,160,287,317,296,2,0,780476436,439837820
S,666,80,163,0.10000014,-20.0,-3.2000008,0.4,0.3,false,false,6,-2,1,250,158,287,315,296,2,0,780476436,439837820
S,667,80,163,0.40000015,-20.0,-2.8000007,0.4,0.3,false,false,6,-4,-1,250,156,287,313,296,2,0,780476436,439837820
S,668,80,163,0.70000017,-20.0,-2.4000006,0.4,0.3,false,false,6,-6,-3,250,154,287,311,296,2,0,780476436,439837820
S,669,80,164,1.0000002,-20.0,-2.0000005,0.4,0.3,false,false,6,-8,-5,250,152,287,309,296,2,0,780476436,439837820
S,670,80,165,1.3000002,-20.0,-1.6000005,0.4,0.3,false,false,6,-10,-7,250,150,287,307,296,2,0,780476436,439837820
S,671,80,166,1.6000001,-20.0,-1.2000005,0.4,0.3,false,false,6,-12,-9,250,148,287,305,296,2,0,780476436,439837820
S,672,80,167,1.9000001,-20.0,-0.80000055,0.4,0.3,false,false,6,-14,-11,250,146,287,303,296,2,0,780476436,439837820
S,673,80,169,2.2,-20.0,-0.40000054,0.4,0.3,false,false,6,-16,-13,250,144,287,301,296,2,0,780476436,439837820
S,674,80,171,2.5,-20.0,-5.364418E-7,0.4,0.3,false,false,6,-18,-15,250,142,287,299,296,2,0,780476436,439837820
S,675,80,173,2.8,-20.0,0.39999947,0.4,0.3,false,false,6,-20,-17,250,140,287,297,296,2,0,780476436,439837820
S,676,80,176,3.1,-19.6,0.7999995,0.4,0.3,false,false,6,-22,-19,250,138,287,295,296,2,0,780476436,439837820
S,677,80,179,3.3999999,-18.800001,1.1999995,0.4,0.3,false,false,6,0,-21,250,136,287,293,296,2,0,780476436,439837820
S,678,80,182,3.6999998,-17.600002,1.5999994,0.4,0.3,false,false,6,-2,-23,250,134,287,291,296,2,0,780476436,439837820
S,679,80,186,3.9999998,-16.000004,1.9999994,0.4,0.3,false,false,6,-4,-25,250,132,287,289,296,2,0,780476436,439837820
S,680,80,190,4.2999997,-14.000005,2.3999994,0.4,0.3,false,false,6,-6,-27,250,130,287,287,296,2,0,780476436,439837820
S,681,80,194,4.6,-11.600005,2.7999995,0.4,0.3,false,false,6,-8,-29,250,128,287,285,296,2,0,780476436,439837820
S,682,80,198,4.9,-8.800006,3.1999996,0.4,0.3,false,false,6,-10,-31,250,126,287,283,296,2,0,780476436,439837820
S,683,80,203,5.2000003,-5.600006,3.5999997,0.4,0.3,false,false,6,-12,-33,250,124,287,281,296,2,0,780476436,439837820
S,684,80,208,5.5000005,-2.0000064,3.9999998,0.4,0.3,false,false,6,-14,-35,250,122,287,279,296,2,0,780476436,439837820
S,685,80,213,5.8000007,1.9999933,4.3999996,0.4,0.3,false,false,6,-16,-37,250,120,287,277,296,2,0,780476436,439837820
S,686,80,219,6.100001,6.399993,4.7999997,0.4,0.3,false,false,6,-18,-39,250,118,287,275,296,2,0,780476436,439837820
S,687,80,225,6.400001,11.199993,5.2,0.4,0.3,false,false,6,-20,-41,250,116,287,273,296,2,0,780476436,439837820
S,688,80,231,6.7000012,16.399994,5.6,0.4,0.3,false,false,6,-22,-43,250,114,287,271,296,2,0,780476436,439837820
S,689,80,238,7.0000014,21.999994,6.0,0.4,0.3,false,false,6,0,-45,250,112,287,269,296,2,0,780476436,439837820
S,690,80,245,7.3000016,27.999994,6.4,0.4,0.3,false,false,6,-2,-47,250,110,287,267,296,2,0,780476436,439837820
I,691
S,691,80,240,-4.7,17.999994,-9.6,0.4,0.3,false,false,6,-4,-49,250,108,287,265,296,2,0,780476436,439837820
S,692,80,235,-4.3999996,8.399994,-9.200001,0.4,0.3,false,false,6,-6,-51,250,106,287,263,296,2,0,780476436,439837820
S,693,80,230,-4.0999994,-0.80000687,-8.800001,0.4,0.3,false,false,6,-8,104,287,261,296,418,305,2,0,147827909,950997267
S,694,80,226,-3.7999995,-9.600008,-8.400002,0.4,0.3,false,false,6,-10,102,287,259,296,416,305,2,0,147827909,950997267
S,695,80,222,-3.4999995,-18.00001,-8.000002,0.4,0.3,false,false,6,-12,100,287,257,296,414,305,2,0,147827909,950997267
S,696,80,218,-3.1999996,-20.0,-7.600002,0.4,0.3,false,false,6,-14,98,287,255,296,412,305,2,0,147827909,950997267
S,697,80,215,-2.8999996,-20.0,-7.2000017,0.4,0.3,false,false,6,-16,96,287,253,296,410,305,2,0,147827909,950997267
S,698,80,212,-2.5999997,-20.0,-6.8000016,0.4,0.3,false,false,6,-18,94,287,251,296,408,305,2,0,147827909,950997267
S,699,80,209,-2.2999997,-20.0,-6.4000015,0.4,0.3,false,false,6,-20,92,287,249,296,406,305,2,0,147827909,950997267
S,700,80,207,-1.9999998,-20.0,-6.0000014,0.4,0.3,false,false,6,-22,90,287,247,296,404,305,2,0,147827909,950997267
S,701,80,205,-1.6999998,-20.0,-5.6000013,0.4,0.3,false,false,6,0,88,287,245,296,402,305,2,0,147827909,950997267
S,702,80,203,-1.3999999,-20.0,-5.2000012,0.4,0.3,false,false,6,-2,86,287,243,296,400,305,2,0,147827909,950997267
S,703,80,201,-1.0999999,-20.0,-4.800001,0.4,0.3,false,false,6,-4,84,287,241,296,398,305,2,0,147827909,950997267
S,704,80,200,-0.7999999,-20.0,-4.400001,0.4,0.3,false,false,6,-6,82,287,239,296,396,305,2,0,147827909,950997267
S,705,80,199,-0.49999988,-20.0,-4.000001,0.4,0.3,false,false,7,-8,80,287,237,296,394,305,2,0,147827909,950997267
S,706,80,198,-0.19999987,-20.0,-3.6000009,0.4,0.3,false,false,7,-10,78,287,235,296,392,305,2,0,147827909,950997267
S,707,80,198,0.10000014,-20.0,-3.2000008,0.4,0.3,false,false,7,-12,76,287,233,296,390,305,2,0,147827909,950997267
S,708,80,198,0.40000015,-20.0,-2.8000007,0.4,0.3,false,false,7,-14,74,287,231,296,388,305,2,0,147827909,950997267
S,709,80,198,0.70000017,-20.0,-2.4000006,0.4,0.3,false,false,7,-16,72,287,229,296,386,305,2,0,147827909,950997267
S,710,80,199,1.0000002,-20.0,-2.0000005,0.4,0.3,false,false,7,-18,70,287,227,296,384,305,2,0,147827909,950997267
S,711,80,200,1.3000002,-20.0,-1.6000005,0.4,0.3,false,false,7,-20,68,287,225,296,382,305,2,0,147827909,950997267
S,712,80,201,1.6000001,-20.0,-1.2000005,0.4,0.3,false,false,7,-22,66,287,223,296,380,305,2,0,147827909,950997267
S,713,80,202,1.9000001,-20.0,-0.80000055,0.4,0.3,false,false,7,0,64,287,221,296,378,305,2,0,147827909,950997267
S,714,80,204,2.2,-20.0,-0.40000054,0.4,0.3,false,false,7,-2,62,287,219,296,376,305,2,0,147827909,950997267
S,715,80,206,2.5,-20.0,-5.364418E-7,0.4,0.3,false,false,7,-4,60,287,217,296,374,305,2,0,147827909,950997267
S,716,80,208,2.8,-20.0,0.39999947,0.4,0.3,false,false,7,-6,58,287,215,296,372,305,2,0,147827909,950997267
S,717,80,211,3.1,-19.6,0.7999995,0.4,0.3,false,false,7,-8,56,287,213,296,370,305,2,0,147827909,950997267
S,718,80,214,3.3999999,-18.800001,1.1999995,0.4,0.3,false,false,7,-10,54,287,211,296,368,305,2,0,147827909,950997267
S,719,80,217,3.6999998,-17.600002,1.5999994,0.4,0.3,false,false,7,-12,52,287,209,296,366,305,2,0,147827909,950997267
S,720,80,221,3.9999998,-16.000004,1.9999994,0.4,0.3,false,false,7,-14,50,287,207,296,364,305,2,0,147827909,950997267
S,721,80,225,4.2999997,-14.000005,2.3999994,0.4,0.3,false,false,7,-16,48,287,205,296,362,305,2,0,147827909,950997267
S,722,80,229,4.6,-11.600005,2.7999995,0.4,0.3,false,false,7,-18,46,287,203,296,360,305,2,0,147827909,950997267
S,723,80,233,4.9,-8.800006,3.1999996,0.4,0.3,false,false,7,-20,44,287,201,296,358,305,2,0,147827909,950997267
S,724,80,238,5.2000003,-5.600006,3.5999997,0.4,0.3,false,false,7,-22,42,287,199,296,356,305,2,0,147827909,950997267
S,725,80,243,5.5000005,-2.0000064,3.9999998,0.4,0.3,false,false,7,0,40,287,197,296,354,305,2,0,147827909,950997267
S,726,80,248,5.8000007,1.9999933,4.3999996,0.4,0.3,false,false,7,-2,38,287,195,296,352,305,2,0,147827909,950997267
I,727
S,727,80,243,-4.7,-8.000007,-9.6,0.4,0.3,false,false,7,-4,36,287,193,296,350,305,2,0,147827909,950997267
S,728,80,238,-4.3999996,-17.600006,-9.200001,0.4,0.3,false,false,7,-6,34,287,191,296,348,305,2,0,147827909,950997267
S,729,80,233,-4.0999994,-20.0,-8.800001,0.4,0.3,false,false,7,-8,32,287,189,296,346,305,2,0,147827909,950997267
S,730,80,229,-3.7999995,-20.0,-8.400002,0.4,0.3,false,false,7,-10,30,287,187,296,344,305,2,0,147827909,950997267
S,731,80,225,-3.4999995,-20.0,-8.000002,0.4,0.3,false,false,7,-12,28,287,185,296,342,305,2,0,147827909,950997267
S,732,80,221,-3.1999996,-20.0,-7.600002,0.4,0.3,false,false,7,-14,26,287,183,296,340,305,2,0,147827909,950997267
S,733,80,218,-2.8999996,-20.0,-7.2000017,0.4,0.3,false,false,7,-16,24,287,181,296,338,305,2,0,147827909,950997267
S,734,80,215,-2.5999997,-20.0,-6.8000016,0.4,0.3,false,false,7,-18,22,287,179,296,336,305,2,0,147827909,950997267
S,735,80,212,-2.2999997,-20.0,-6.4000015,0.4,0.3,false,false,7,-20,20,287,177,296,334,305,2,0,147827909,950997267
S,736,80,210,-1.9999998,-20.0,-6.0000014,0.4,0.3,false,false,7,-22,18,287,175,296,332,305,2,0,147827909,950997267
S,737,80,208,-1.6999998,-20.0,-5.6000013,0.4,0.3,false,false,7,0,16,287,173,296,330,305,2,0,147827909,950997267
S,738,80,206,-1.3999999,-20.0,-5.2000012,0.4,0.3,false,false,7,-2,14,287,171,296,328,305,2,0,147827909,950997267
S,739,80,204,-1.0999999,-20.0,-4.800001,0.4,0.3,false,false,7,-4,12,287,169,296,326,305,2,0,147827909,950997267
S,740,80,203,-0.7999999,-20.0,-4.400001,0.4,0.3,false,false,7,-6,10,287,167,296,324,305,2,0,147827909,950997267
S,741,80,202,-0.49999988,-20.0,-4.000001,0.4,0.3,false,false,7,-8,8,287,165,296,322,305,2,0,147827909,950997267
S,742,80,201,-0.19999987,-20.0,-3.6000009,0.4,0.3,false,false,7,-10,6,287,163,296,320,305,2,0,147827909,950997267
S,743,80,201,0.10000014,-20.0,-3.2000008,0.4,0.3,false,false,7,-12,4,287,161,296,318,305,2,0,147827909,950997267
S,744,80,201,0.40000015,-20.0,-2.8000007,0.4,0.3,false,false,7,-14,2,287,159,296,316,305,2,0,147827909,950997267
S,745,80,201,0.70000017,-20.0,-2.4000006,0.4,0.3,false,false,7,-16,0,287,157,296,314,305,2,0,147827909,950997267
S,746,80,202,1.0000002,-20.0,-2.0000005,0.4,0.3,false,false,7,-18,-2,287,155,296,312,305,2,0,147827909,950997267
S,747,80,203,1.3000002,-20.0,-1.6000005,0.4,0.3,false,false,7,-20,-4,287,153,296,310,305,2,0,147827909,950997267
S,748,80,204,1.6000001,-20.0,-1.2000005,0.4,0.3,false,false,7,-22,-6,287,151,296,308,305,2,0,147827909,950997267
S,749,80,205,1.9000001,-20.0,-0.80000055,0.4,0.3,false,false,7,0,-8,287,149,296,306,305,2,0,147827909,950997267
S,750,80,207,2.2,-20.0,-0.40000054,0.4,0.3,false,false,7,-2,-10,287,147,296,304,305,2,0,147827909,950997267
S,751,80,209,2.5,-20.0,-5.364418E-7,0.4,0.3,false,false,7,-4,-12,287,145,296,302,305,2,0,147827909,950997267
S,752,80,211,2.8,-20.0,0.39999947,0.4,0.3,false,false,7,-6,-14,287,143,296,300,305,2,0,147827909,950997267
S,753,80,214,3.1,-19.6,0.7999995,0.4,0.3,false,false,7,-8,-16,287,141,296,298,305,2,0,147827909,950997267
S,754,80,217,3.3999999,-18.800001,1.1999995,0.4,0.3,false,false,7,-10,-18,287,139,296,296,305,2,0,147827909,950997267
S,755,80,220,3.6999998,-17.600002,1.5999994,0.4,0.3,false,false,7,-12,-20,287,137,296,294,305,2,0,147827909,950997267
S,756,80,224,3.9999998,-16.000004,1.9999994,0.4,0.3,false,false,7,-14,-22,287,135,296,292,305,2,0,147827909,950997267
S,757,80,228,4.2999997,-14.000005,2.3999994,0.4,0.3,false,false,7,-16,-24,287,133,296,290,305,2,0,147827909,950997267
S,758,80,232,4.6,-11.600005,2.7999995,0.4,0.3,false,false,7,-18,-26,287,131,296,288,305,2,0,147827909,950997267
S,759,80,236,4.9,-8.800006,3.1999996,0.4,0.3,false,false,7,-20,-28,287,129,296,286,305,2,0,147827909,950997267
S,760,80,241,5.2000003,-5.600006,3.5999997,0.4,0.3,false,false,7,-22,-30,287,127,296,284,305,2,0,147827909,950997267
S,761,80,246,5.5000005,-2.0000064,3.9999998,0.4,0.3,false,false,7,0,-32,287,125,296,282,305,2,0,147827909,950997267
S,762,80,251,5.8000007,1.9999933,4.3999996,0.4,0.3,false,false,7,-2,-34,287,123,296,280,305,2,0,147827909,950997267
S,763,80,257,6.100001,6.399993,4.7999997,0.4,0.3,false,false,7,-4,-36,287,121,296,278,305,2,0,147827909,950997267
I,764
S,764,80,252,-4.7,-3.600007,-9.6,0.4,0.3,false,false,7,-6,-38,287,119,296,276,305,2,0,147827909,950997267
S,765,80,247,-4.3999996,-13.200007,-9.200001,0.4,0.3,false,false,7,-8,-40,287,117,296,274,305,2,0,147827909,950997267
S,766,80,242,-4.0999994,-20.0,-8.800001,0.4,0.3,false,false,7,-10,-42,287,115,296,272,305,2,0,147827909,950997267
S,767,80,238,-3.7999995,-20.0,-8.400002,0.4,0.3,false,false,7,-12,-44,287,113,296,270,305,2,0,147827909,950997267
S,768,80,234,-3.4999995,-20.0,-8.000002,0.4,0.3,false,false,7,-14,-46,287,111,296,268,305,2,0,147827909,950997267
S,769,80,230,-3.1999996,-20.0,-7.600002,0.4,0.3,false,false,7,-16,-48,287,109,296,266,305,2,0,147827909,950997267
S,770,80,227,-2.8999996,-20.0,-7.2000017,0.4,0.3,false,false,7,-18,-50,287,107,296,264,305,2,0,147827909,950997267
S,771,80,224,-2.5999997,-20.0,-6.8000016,0.4,0.3,false,false,7,-20,-52,287,105,296,262,305,2,0,147827909,950997267
S,772,80,221,-2.2999997,-20.0,-6.4000015,0.4,0.3,false,false,7,-22,103,296,260,305,417,359,2,0,796124255,161606010
S,773,80,219,-1.9999998,-20.0,-6.0000014,0.4,0.3,false,false,7,0,101,296,258,305,415,359,2,0,796124255,161606010
S,774,80,217,-1.6999998,-20.0,-5.6000013,0.4,0.3,false,false,7,-2,99,296,256,305,413,359,2,0,796124255,161606010
S,775,80,215,-1.3999999,-20.0,-5.2000012,0.4,0.3,false,false,7,-4,97,296,254,305,411,359,2,0,796124255,161606010
S,776,80,213,-1.0999999,-20.0,-4.800001,0.4,0.3,false,false,7,-6,95,296,252,305,409,359,2,0,796124255,161606010
S,777,80,212,-0.7999999,-20.0,-4.400001,0.4,0.3,false,false,7,-8,93,296,250,305,407,359,2,0,796124255,161606010
S,778,80,211,-0.49999988,-20.0,-4.000001,0.4,0.3,false,false,7,-10,91,296,248,305,405,359,2,0,796124255,161606010
S,779,80,210,-0.19999987,-20.0,-3.6000009,0.4,0.3,false,false,7,-12,89,296,246,305,403,359,2,0,796124255,161606010
S,780,80,210,0.10000014,-20.0,-3.2000008,0.4,0.3,false,false,7,-14,87,296,244,305,401,359,2,0,796124255,161606010
S,781,80,210,0.40000015,-20.0,-2.8000007,0.4,0.3,false,false,7,-16,85,296,242,305,399,359,2,0,796124255,161606010
S,782,80,210,0.70000017,-20.0,-2.4000006,0.4,0.3,false,false,7,-18,83,296,240,305,397,359,2,0,796124255,161606010
S,783,80,211,1.0000002,-20.0,-2.0000005,0.4,0.3,false,false,7,-20,81,296,238,305,395,359,2,0,796124255,161606010
S,784,80,212,1.3000002,-20.0,-1.6000005,0.4,0.3,false,false,8,-22,79,296,236,305,393,359,2,0,796124255,161606010
S,785,80,213,1.6000001,-20.0,-1.2000005,0.4,0.3,false,false,8,0,77,296,234,305,391,359,2,0,796124255,161606010
S,786,80,214,1.9000001,-20.0,-0.80000055,0.4,0.3,false,false,8,-2,75,296,232,305,389,359,2,0,796124255,161606010
S,787,80,216,2.2,-20.0,-0.40000054,0.4,0.3,false,false,8,-4,73,296,230,305,387,359,2,0,796124255,161606010
S,788,80,218,2.5,-20.0,-5.364418E-7,0.4,0.3,false,false,8,-6,71,296,228,305,385,359,2,0,796124255,161606010
S,789,80,220,2.8,-20.0,0.39999947,0.4,0.3,false,false,8,-8,69,296,226,305,383,359,2,0,796124255,161606010
S,790,80,223,3.1,-19.6,0.7999995,0.4,0.3,false,false,8,-10,67,296,224,305,381,359,2,0,796124255,161606010
S,791,80,226,3.3999999,-18.800001,1.1999995,0.4,0.3,false,false,8,-12,65,296,222,305,379,359,2,0,796124255,161606010
S,792,80,229,3.6999998,-17.600002,1.5999994,0.4,0.3,false,false,8,-14,63,296,220,305,377,359,2,0,796124255,161606010
S,793,80,233,3.9999998,-16.000004,1.9999994,0.4,0.3,false,false,8,-16,61,296,218,305,375,359,2,0,796124255,161606010
S,794,80,237,4.2999997,-14.000005,2.3999994,0.4,0.3,false,false,8,-18,59,296,216,305,373,359,2,0,796124255,161606010
S,795,80,241,4.6,-11.600005,2.7999995,0.4,0.3,false,false,8,-20,57,296,214,305,371,359,2,0,796124255,161606010
S,796,80,245,4.9,-8.800006,3.1999996,0.4,0.3,false,false,8,-22,55,296,212,305,369,359,2,0,796124255,161606010
S,797,80,250,5.2000003,-5.600006,3.5999997,0.4,0.3,false,false,8,0,53,296,210,305,367,359,2,0,796124255,161606010
S,798,80,255,5.5000005,-2.0000064,3.9999998,0.4,0.3,false,false,8,-2,51,296,208,305,365,359,2,0,796124255,161606010
I,799
S,799,80,250,-4.7,-12.000007,-9.6,0.4,0.3,false,false,8,-4,49,296,206,305,363,359,2,0,796124255,161606010
S,800,80,245,-4.3999996,-20.0,-9.200001,0.4,0.3,false,false,8,-6,47,296,204,305,361,359,2,0,796124255,161606010
S,801,80,240,-4.0999994,-20.0,-8.800001,0.4,0.3,false,false,8,-8,45,296,202,305,359,359,2,0,796124255,161606010
S,802,80,236,-3.7999995,-20.0,-8.400002,0.4,0.3,false,false,8,-10,43,296,200,305,357,359,2,0,796124255,161606010
S,803,80,232,-3.4999995,-20.0,-8.000002,0.4,0.3,false,false,8,-12,41,296,198,305,355,359,2,0,796124255,161606010
S,804,80,228,-3.1999996,-20.0,-7.600002,0.4,0.3,false,false,8,-14,39,296,196,305,353,359,2,0,796124255,161606010
S,805,80,225,-2.8999996,-20.0,-7.2000017,0.4,0.3,false,false,8,-16,37,296,194,305,351,359,2,0,796124255,161606010
S,806,80,222,-2.5999997,-20.0,-6.8000016,0.4,0.3,false,false,8,-18,35,296,192,305,349,359,2,0,796124255,161606010
S,807,80,219,-2.2999997,-20.0,-6.4000015,0.4,0.3,false,false,8,-20,33,296,190,305,347,359,2,0,796124255,161606010
S,808,80,217,-1.9999998,-20.0,-6.0000014,0.4,0.3,false,false,8,-22,31,296,188,305,345,359,2,0,796124255,161606010
S,809,80,215,-1.6999998,-20.0,-5.6000013,0.4,0.3,false,false,8,0,29,296,186,305,343,359,2,0,796124255,161606010
S,810,80,213,-1.3999999,-20.0,-5.2000012,0.4,0.3,false,false,8,-2,27,296,184,305,341,359,2,0,796124255,161606010
S,811,80,211,-1.0999999,-20.0,-4.800001,0.4,0.3,false,false,8,-4,25,296,182,305,339,359,2,0,796124255,161606010
S,812,80,210,-0.7999999,-20.0,-4.400001,0.4,0.3,false,false,8,-6,23,296,180,305,337,359,2,0,796124255,161606010
S,813,80,209,-0.49999988,-20.0,-4.000001,0.4,0.3,false,false,8,-8,21,296,178,305,335,359,2,0,796124255,161606010
S,814,80,208,-0.19999987,-20.0,-3.6000009,0.4,0.3,false,false,8,-10,19,296,176,305,333,359,2,0,796124255,161606010
S,815,80,208,0.10000014,-20.0,-3.2000008,0.4,0.3,false,false,8,-12,17,296,174,305,331,359,2,0,796124255,161606010
S,816,80,208,0.40000015,-20.0,-2.8000007,0.4,0.3,false,false,8,-14,15,296,172,305,329,359,2,0,796124255,161606010
S,817,80,208,0.70000017,-20.0,-2.4000006,0.4,0.3,false,false,8,-16,13,296,170,305,327,359,2,0,796124255,161606010
S,818,80,209,1.0000002,-20.0,-2.0000005,0.4,0.3,false,false,8,-18,11,296,168,305,325,359,2,0,796124255,161606010
S,819,80,210,1.3000002,-20.0,-1.6000005,0.4,0.3,false,false,8,-20,9,296,166,305,323,359,2,0,796124255,161606010
S,820,80,211,1.6000001,-20.0,-1.2000005,0.4,0.3,false,false,8,-22,7,296,164,305,321,359,2,0,796124255,161606010
S,821,80,212,1.9000001,-20.0,-0.80000055,0.4,0.3,false,false,8,0,5,296,162,305,319,359,2,0,796124255,161606010
S,822,80,214,2.2,-20.0,-0.40000054,0.4,0.3,false,false,8,-2,3,296,160,305,317,359,2,0,796124255,161606010
S,823,80,216,2.5,-20.0,-5.364418E-7,0.4,0.3,false,false,8,-4,1,296,158,305,315,359,2,0,796124255,161606010
S,824,80,218,2.8,-20.0,0.39999947,0.4,0.3,false,false,8,-6,-1,296,156,305,313,359,2,0,796124255,161606010
S,825,80,221,3.1,-19.6,0.7999995,0.4,0.3,false,false,8,-8,-3,296,154,305,311,359,2,0,796124255,161606010
S,826,80,224,3.3999999,-18.800001,1.1999995,0.4,0.3,false,false,8,-10,-5,296,152,305,309,359,2,0,796124255,161606010
S,827,80,227,3.6999998,-17.600002,1.5999994,0.4,0.3,false,false,8,-12,-7,296,150,305,307,359,2,0,796124255,161606010
S,828,80,231,3.9999998,-16.000004,1.9999994,0.4,0.3,false,false,8,-14,-9,296,148,305,305,359,2,0,796124255,161606010
S,829,80,235,4.2999997,-14.000005,2.3999994,0.4,0.3,false,false,8,-16,-11,296,146,305,303,359,2,0,796124255,161606010
S,830,80,239,4.6,-11.600005,2.7999995,0.4,0.3,false,false,8,-18,-13,296,144,305,301,359,2,0,796124255,161606010
S,831,80,243,4.9,-8.800006,3.1999996,0.4,0.3,false,false,8,-20,-15,296,142,305,299,359,2,0,796124255,161606010
S,832,80,248,5.2000003,-5.600006,3.5999997,0.4,0.3,false,false,8,-22,-17,296,140,305,297,359,2,0,796124255,161606010
S,833,80,253,5.5000005,-2.0000064,3.9999998,0.4,0.3,false,false,8,0,-19,296,138,305,295,359,2,0,796124255,161606010
S,834,80,258,5.8000007,1.9999933,4.3999996,0.4,0.3,false,false,8,-2,-21,296,136,305,293,359,2,0,796124255,161606010
S,835,80,264,6.100001,6.399993,4.7999997,0.4,0.3,false,false,8,-4,-23,296,134,305,291,359,2,0,796124255,161606010
I,836
S,836,80,259,-4.7,-3.600007,-9.6,0.4,0.3,false,false,8,-6,-25,296,132,305,289,359,2,0,796124255,161606010
S,837,80,254,-4.3999996,-13.200007,-9.200001,0.4,0.3,false,false,8,-8,-27,296,130,305,287,359,2,0,796124255,161606010
S,838,80,249,-4.0999994,-20.0,-8.800001,0.4,0.3,false,false,8,-10,-29,296,128,305,285,359,2,0,796124255,161606010
S,839,80,245,-3.7999995,-20.0,-8.400002,0.4,0.3,false,false,8,-12,-31,296,126,305,283,359,2,0,796124255,161606010
S,840,80,241,-3.4999995,-20.0,-8.000002,0.4,0.3,false,false,8,-14,-33,296,124,305,281,359,2,0,796124255,161606010
S,841,80,237,-3.1999996,-20.0,-7.600002,0.4,0.3,false,false,8,-16,-35,296,122,305,279,359,2,0,796124255,161606010
S,842,80,234,-2.8999996,-20.0,-7.2000017,0.4,0.3,false,false,8,-18,-37,296,120,305,277,359,2,0,796124255,161606010
S,843,80,231,-2.5999997,-20.0,-6.8000016,0.4,0.3,false,false,8,-20,-39,296,118,305,275,359,2,0,796124255,161606010
S,844,80,228,-2.2999997,-20.0,-6.4000015,0.4,0.3,false,false,8,-22,-41,296,116,305,273,359,2,0,796124255,161606010
S,845,80,226,-1.9999998,-20.0,-6.0000014,0.4,0.3,false,false,8,0,-43,296,114,305,271,359,2,0,796124255,161606010
S,846,80,224,-1.6999998,-20.0,-5.6000013,0.4,0.3,false,false,8,-2,-45,296,112,305,269,359,2,0,796124255,161606010
S,847,80,222,-1.3999999,-20.0,-5.2000012,0.4,0.3,false,false,8,-4,-47,296,110,305,267,359,2,0,796124255,161606010
S,848,80,220,-1.0999999,-20.0,-4.800001,0.4,0.3,false,false,8,-6,-49,296,108,305,265,359,2,0,796124255,161606010
S,849,80,219,-0.7999999,-20.0,-4.400001,0.4,0.3,false,false,8,-8,-51,296,106,305,263,359,2,0,796124255,161606010
S,850,80,218,-0.49999988,-20.0,-4.000001,0.4,0.3,false,false,8,-10,104,305,261,359,418,205,2,0,1052346147,-2085327701
S,851,80,217,-0.19999987,-20.0,-3.6000009,0.4,0.3,false,false,8,-12,102,305,259,359,416,205,2,0,1052346147,-2085327701
S,852,80,217,0.10000014,-20.0,-3.2000008,0.4,0.3,false,false,8,-14,100,305,257,359,414,205,2,0,1052346147,-2085327701
S,853,80,217,0.40000015,-20.0,-2.8000007,0.4,0.3,false,false,8,-16,98,305,255,359,412,205,2,0,1052346147,-2085327701
S,854,80,217,0.70000017,-20.0,-2.4000006,0.4,0.3,false,false,8,-18,96,305,253,359,410,205,2,0,1052346147,-2085327701
S,855,80,218,1.0000002,-20.0,-2.0000005,0.4,0.3,false,false,8,-20,94,305,251,359,408,205,2,0,1052346147,-2085327701
S,856,80,219,1.3000002,-20.0,-1.6000005,0.4,0.3,false,false,8,-22,92,305,249,359,406,205,2,0,1052346147,-2085327701
S,857,80,220,1.6000001,-20.0,-1.2000005,0.4,0.3,false,false,8,0,90,305,247,359,404,205,2,0,1052346147,-2085327701
S,858,80,221,1.9000001,-20.0,-0.80000055,0.4,0.3,false,false,8,-2,88,305,245,359,402,205,2,0,1052346147,-2085327701
S,859,80,223,2.2,-20.0,-0.40000054,0.4,0.3,false,false,8,-4,86,305,243,359,400,205,2,0,1052346147,-2085327701
S,860,80,225,2.5,-20.0,-5.364418E-7,0.4,0.3,false,false,8,-6,84,305,241,359,398,205,2,0,1052346147,-2085327701
S,861,80,227,2.8,-20.0,0.39999947,0.4,0.3,false,false,8,-8,82,305,239,359,396,205,2,0,1052346147,-2085327701
S,862,80,230,3.1,-19.6,0.7999995,0.4,0.3,false,false,9,-10,80,305,237,359,394,205,2,0,1052346147,-2085327701
S,863,80,233,3.3999999,-18.800001,1.1999995,0.4,0.3,false,false,9,-12,78,305,235,359,392,205,2,0,1052346147,-2085327701
S,864,80,236,3.6999998,-17.600002,1.5999994,0.4,0.3,false,false,9,-14,76,305,233,359,390,205,2,0,1052346147,-2085327701
S,865,80,240,3.9999998,-16.000004,1.9999994,0.4,0.3,false,false,9,-16,74,305,231,359,388,205,2,0,1052346147,-2085327701
S,866,80,244,4.2999997,-14.000005,2.3999994,0.4,0.3,false,false,9,-18,72,305,229,359,386,205,2,0,1052346147,-2085327701
S,867,80,248,4.6,-11.600005,2.7999995,0.4,0.3,false,false,9,-20,70,305,227,359,384,205,2,0,1052346147,-2085327701
S,868,80,252,4.9,-8.800006,3.1999996,0.4,0.3,false,false,9,-22,68,305,225,359,382,205,2,0,1052346147,-2085327701
S,869,80,257,5.2000003,-5.600006,3.5999997,0.4,0.3,false,false,9,0,66,305,223,359,380,205,2,0,1052346147,-2085327701
S,870,80,262,5.5000005,-2.0000064,3.9999998,0.4,0.3,false,false,9,-2,64,305,221,359,378,205,2,0,1052346147,-2085327701
I,871
S,871,80,257,-4.7,-12.000007,-9.6,0.4,0.3,false,false,9,-4,62,305,219,359,376,205,2,0,1052346147,-2085327701
S,872,80,252,-4.3999996,-20.0,-9.200001,0.4,0.3,false,false,9,-6,60,305,217,359,374,205,2,0,1052346147,-2085327701
S,873,80,247,-4.0999994,-20.0,-8.800001,0.4,0.3,false,false,9,-8,58,305,215,359,372,205,2,0,1052346147,-2085327701
S,874,80,243,-3.7999995,-20.0,-8.400002,0.4,0.3,false,false,9,-10,56,305,213,359,370,205,2,0,1052346147,-2085327701
S,875,80,239,-3.4999995,-20.0,-8.000002,0.4,0.3,false,false,9,-12,54,305,211,359,368,205,2,0,1052346147,-2085327701
S,876,80,235,-3.1999996,-20.0,-7.600002,0.4,0.3,false,false,9,-14,52,305,209,359,366,205,2,0,1052346147,-2085327701
S,877,80,232,-2.8999996,-20.0,-7.2000017,0.4,0.3,false,false,9,-16,50,305,207,359,364,205,2,0,1052346147,-2085327701
S,878,80,229,-2.5999997,-20.0,-6.8000016,0.4,0.3,false,false,9,-18,48,305,205,359,362,205,2,0,1052346147,-2085327701
S,879,80,226,-2.2999997,-20.0,-6.4000015,0.4,0.3,false,false,9,-20,46,305,203,359,360,205,2,0,1052346147,-2085327701
S,880,80,224,-1.9999998,-20.0,-6.0000014,0.4,0.3,false,false,9,-22,44,305,201,359,358,205,2,0,1052346147,-2085327701
S,881,80,222,-1.6999998,-20.0,-5.6000013,0.4,0.3,false,false,9,0,42,305,199,359,356,205,2,0,1052346147,-2085327701
S,882,80,220,-1.3999999,-20.0,-5.2000012,0.4,0.3,false,false,9,-2,40,305,197,359,354,205,2,0,1052346147,-2085327701
S,883,80,218,-1.0999999,-20.0,-4.800001,0.4,0.3,false,false,9,-4,38,305,195,359,352,205,2,0,1052346147,-2085327701
S,884,80,217,-0.7999999,-20.0,-4.400001,0.4,0.3,false,false,9,-6,36,305,193,359,350,205,2,0,1052346147,-2085327701
S,885,80,216,-0.49999988,-20.0,-4.000001,0.4,0.3,false,false,9,-8,34,305,191,359,348,205,2,0,1052346147,-2085327701
S,886,80,215,-0.19999987,-20.0,-3.6000009,0.4,0.3,false,false,9,-10,32,305,189,359,346,205,2,0,1052346147,-2085327701
S,887,80,215,0.10000014,-20.0,-3.2000008,0.4,0.3,false,false,9,-12,30,305,187,359,344,205,2,0,1052346147,-2085327701
S,888,80,215,0.40000015,-20.0,-2.8000007,0.4,0.3,false,false,9,-14,28,305,185,359,342,205,2,0,1052346147,-2085327701
S,889,80,215,0.70000017,-20.0,-2.4000006,0.4,0.3,false,false,9,-16,26,305,183,359,340,205,2,0,1052346147,-2085327701
S,890,80,216,1.0000002,-20.0,-2.0000005,0.4,0.3,false,false,9,-18,24,305,181,359,338,205,2,0,1052346147,-2085327701
S,891,80,217,1.3000002,-20.0,-1.6000005,0.4,0.3,false,false,9,-20,22,305,179,359,336,205,2,0,1052346147,-2085327701
S,892,80,218,1.6000001,-20.0,-1.2000005,0.4,0.3,false,false,9,-22,20,305,177,359,334,205,2,0,1052346147,-2085327701
S,893,80,219,1.9000001,-20.0,-0.80000055,0.4,0.3,false,false,9,0,18,305,175,359,332,205,2,0,1052346147,-2085327701
S,894,80,221,2.2,-20.0,-0.40000054,0.4,0.3,false,false,9,-2,16,305,173,359,330,205,2,0,1052346147,-2085327701
S,895,80,223,2.5,-20.0,-5.364418E-7,0.4,0.3,false,false,9,-4,14,305,171,359,328,205,2,0,1052346147,-2085327701
S,896,80,225,2.8,-20.0,0.39999947,0.4,0.3,false,false,9,-6,12,305,169,359,326,205,2,0,1052346147,-2085327701
S,897,80,228,3.1,-19.6,0.7999995,0.4,0.3,false,false,9,-8,10,305,167,359,324,205,2,0,1052346147,-2085327701
S,898,80,231,3.3999999,-18.800001,1.1999995,0.4,0.3,false,false,9,-10,8,305,165,359,322,205,2,0,1052346147,-2085327701
S,899,80,234,3.6999998,-17.600002,1.5999994,0.4,0.3,false,false,9,-12,6,305,163,359,320,205,2,0,1052346147,-2085327701
S,900,80,238,3.9999998,-16.000004,1.9999994,0.4,0.3,false,false,9,-14,4,305,161,359,318,205,2,0,1052346147,-2085327701
S,901,80,242,4.2999997,-14.000005,2.3999994,0.4,0.3,false,false,9,-16,2,305,159,359,316,205,2,0,1052346147,-2085327701
S,902,80,246,4.6,-11.600005,2.7999995,0.4,0.3,false,false,9,-18,0,305,157,359,314,205,2,0,1052346147,-2085327701
S,903,80,250,4.9,-8.800006,3.1999996,0.4,0.3,false,false,9,-20,-2,305,155,359,312,205,2,0,1052346147,-2085327701
S,904,80,255,5.2000003,-5.600006,3.5999997,0.4,0.3,false,false,9,-22,-4,305,153,359,310,205,2,0,1052346147,-2085327701
S,905,80,260,5.5000005,-2.0000064,3.9999998,0.4,0.3,false,false,9,0,-6,305,151,359,308,205,2,0,1052346147,-2085327701
S,906,80,265,5.8000007,1.9999933,4.3999996,0.4,0.3,false,false,9,-2,-8,305,149,359,306,205,2,0,1052346147,-2085327701
S,907,80,271,6.100001,6.399993,4.7999997,0.4,0.3,false,false,9,-4,-10,305,147,359,304,205,2,0,1052346147,-2085327701
S,908,80,277,6.400001,11.199993,5.2,0.4,0.3,false,false,9,-6,-12,305,145,359,302,205,2,0,1052346147,-2085327701
S,909,80,283,6.7000012,16.399994,5.6,0.4,0.3,false,false,9,-8,-14,305,143,359,300,205,2,0,1052346147,-2085327701
S,910,80,290,7.0000014,21.999994,6.0,0.4,0.3,false,false,9,-10,-16,305,141,359,298,205,2,0,1052346147,-2085327701
S,911,80,297,7.3000016,27.999994,6.4,0.4,0.3,false,false,9,-12,-18,305,139,359,296,205,2,0,1052346147,-2085327701
S,912,80,304,7.600002,34.399994,6.8,0.4,0.3,false,false,9,-14,-20,305,137,359,294,205,2,0,1052346147,-2085327701
S,913,80,311,7.900002,41.199993,7.2000003,0.4,0.3,false,false,9,-16,-22,305,135,359,292,205,2,0,1052346147,-2085327701
S,914,80,319,8.0,48.399994,7.6000004,0.4,0.3,false,false,9,-18,-24,305,133,359,290,205,2,0,1052346147,-2085327701
I,915
S,915,80,314,-4.7,38.399994,-9.6,0.4,0.3,false,false,9,-20,-26,305,131,359,288,205,2,0,1052346147,-2085327701
S,916,80,309,-4.3999996,28.799994,-9.200001,0.4,0.3,false,false,9,-22,-28,305,129,359,286,205,2,0,1052346147,-2085327701
S,917,80,304,-4.0999994,19.599993,-8.800001,0.4,0.3,false,false,9,0,-30,305,127,359,284,205,2,0,1052346147,-2085327701
S,918,80,300,-3.7999995,10.799992,-8.400002,0.4,0.3,false,false,9,-2,-32,305,125,359,282,205,2,0,1052346147,-2085327701
S,919,80,296,-3.4999995,2.39999,-8.000002,0.4,0.3,false,false,9,-4,-34,305,123,359,280,205,2,0,1052346147,-2085327701
S,920,80,292,-3.1999996,-5.600012,-7.600002,0.4,0.3,false,false,9,-6,-36,305,121,359,278,205,2,0,1052346147,-2085327701
S,921,80,289,-2.8999996,-13.200014,-7.2000017,0.4,0.3,false,false,9,-8,-38,305,119,359,276,205,2,0,1052346147,-2085327701
S,922,80,286,-2.5999997,-20.0,-6.8000016,0.4,0.3,false,false,9,-10,-40,305,117,359,274,205,2,0,1052346147,-2085327701
S,923,80,283,-2.2999997,-20.0,-6.4000015,0.4,0.3,false,false,9,-12,-42,305,115,359,272,205,2,0,1052346147,-2085327701
S,924,80,281,-1.9999998,-20.0,-6.0000014,0.4,0.3,false,false,9,-14,-44,305,113,359,270,205,2,0,1052346147,-2085327701
S,925,80,279,-1.6999998,-20.0,-5.6000013,0.4,0.3,false,false,9,-16,-46,305,111,359,268,205,2,0,1052346147,-2085327701
S,926,80,277,-1.3999999,-20.0,-5.2000012,0.4,0.3,false,false,9,-18,-48,305,109,359,266,205,2,0,1052346147,-2085327701
S,927,80,275,-1.0999999,-20.0,-4.800001,0.4,0.3,false,false,9,-20,-50,305,107,359,264,205,2,0,1052346147,-2085327701
S,928,80,274,-0.7999999,-20.0,-4.400001,0.4,0.3,false,false,9,-22,-52,305,105,359,262,205,2,0,1052346147,-2085327701
S,929,80,273,-0.49999988,-20.0,-4.000001,0.4,0.3,false,false,9,0,103,359,260,205,417,261,2,0,622726057,1028408791
S,930,80,272,-0.19999987,-20.0,-3.6000009,0.4,0.3,false,false,9,-2,101,359,258,205,415,261,2,0,622726057,1028408791
S,931,80,272,0.10000014,-20.0,-3.2000008,0.4,0.3,false,false,9,-4,99,359,256,205,413,261,2,0,622726057,1028408791
S,932,80,272,0.40000015,-20.0,-2.8000007,0.4,0.3,false,false,9,-6,97,359,254,205,411,261,2,0,622726057,1028408791
S,933,80,272,0.70000017,-20.0,-2.4000006,0.4,0.3,false,false,9,-8,95,359,252,205,409,261,2,0,622726057,1028408791
S,934,80,273,1.0000002,-20.0,-2.0000005,0.4,0.3,false,false,9,-10,93,359,250,205,407,261,2,0,622726057,1028408791
S,935,80,274,1.3000002,-20.0,-1.6000005,0.4,0.3,false,false,9,-12,91,359,248,205,405,261,2,0,622726057,1028408791
S,936,80,275,1.6000001,-20.0,-1.2000005,0.4,0.3,false,false,9,-14,89,359,246,205,403,261,2,0,622726057,1028408791
S,937,80,276,1.9000001,-20.0,-0.80000055,0.4,0.3,false,false,9,-16,87,359,244,205,401,261,2,0,622726057,1028408791
S,938,80,278,2.2,-20.0,-0.40000054,0.4,0.3,false,false,9,-18,85,359,242,205,399,261,2,0,622726057,1028408791
S,939,80,280,2.5,-20.0,-5.364418E-7,0.4,0.3,false,false,9,-20,83,359,240,205,397,261,2,0,622726057,1028408791
S,940,80,282,2.8,-20.0,0.39999947,0.4,0.3,false,false,9,-22,81,359,238,205,395,261,2,0,622726057,1028408791
S,941,80,285,3.1,-19.6,0.7999995,0.4,0.3,false,false,10,0,79,359,236,205,393,261,2,0,622726057,1028408791
S,942,80,288,3.3999999,-18.800001,1.1999995,0.4,0.3,false,false,10,-2,77,359,234,205,391,261,2,0,622726057,1028408791
S,943,80,291,3.6999998,-17.600002,1.5999994,0.4,0.3,false,false,10,-4,75,359,232,205,389,261,2,0,622726057,1028408791
S,944,80,295,3.9999998,-16.000004,1.9999994,0.4,0.3,false,false,10,-6,73,359,230,205,387,261,2,0,622726057,1028408791
S,945,80,299,4.2999997,-14.000005,2.3999994,0.4,0.3,false,false,10,-8,71,359,228,205,385,261,2,0,622726057,1028408791
S,946,80,303,4.6,-11.600005,2.7999995,0.4,0.3,false,false,10,-10,69,359,226,205,383,261,2,0,622726057,1028408791
S,947,80,307,4.9,-8.800006,3.1999996,0.4,0.3,false,false,10,-12,67,359,224,205,381,261,2,0,622726057,1028408791
S,948,80,312,5.2000003,-5.600006,3.5999997,0.4,0.3,false,false,10,-14,65,359,222,205,379,261,2,0,622726057,1028408791
S,949,80,317,5.5000005,-2.0000064,3.9999998,0.4,0.3,false,false,10,-16,63,359,220,205,377,261,2,0,622726057,1028408791
S,950,80,322,5.8000007,1.9999933,4.3999996,0.4,0.3,false,false,10,-18,61,359,218,205,375,261,2,0,622726057,1028408791
S,951,80,328,6.100001,6.399993,4.7999997,0.4,0.3,false,false,10,-20,59,359,216,205,373,261,2,0,622726057,1028408791
S,952,80,334,6.400001,11.199993,5.2,0.4,0.3,false,false,10,-22,57,359,214,205,371,261,2,0,622726057,1028408791
S,953,80,340,6.7000012,16.399994,5.6,0.4,0.3,true,false,10,0,55,359,212,205,369,261,0,0,622726057,1028408791
END,953,score=10
