CONFIG,seed=987654321,taps=51
H,tick,birdX,birdY,velY,rotation,rotVel,rotAccel,gravity,hit,idle,score,landX,p1x,p1y,p2x,p2y,p3x,p3y,speed,warmup,rngY,rngZ
START,seed=987654321,rngY=729893710,rngZ=1486768404
I,0
S,0,80,241,-4.7,-10.0,-9.6,0.4,0.3,false,false,0,-14,77,274,234,274,391,274,2,1,729893710,1486768404
S,1,80,236,-4.3999996,-19.6,-9.200001,0.4,0.3,false,false,0,-16,75,274,232,274,389,274,2,1,729893710,1486768404
S,2,80,231,-4.0999994,-20.0,-8.800001,0.4,0.3,false,false,0,-18,73,274,230,274,387,274,2,1,729893710,1486768404
S,3,80,227,-3.7999995,-20.0,-8.400002,0.4,0.3,false,false,0,-20,71,274,228,274,385,274,2,1,729893710,1486768404
S,4,80,223,-3.4999995,-20.0,-8.000002,0.4,0.3,false,false,0,-22,69,274,226,274,383,274,2,1,729893710,1486768404
S,5,80,219,-3.1999996,-20.0,-7.600002,0.4,0.3,false,false,0,0,67,274,224,274,381,274,2,1,729893710,1486768404
S,6,80,216,-2.8999996,-20.0,-7.2000017,0.4,0.3,false,false,0,-2,65,274,222,274,379,274,2,1,729893710,1486768404
S,7,80,213,-2.5999997,-20.0,-6.8000016,0.4,0.3,false,false,0,-4,63,274,220,274,377,274,2,1,729893710,1486768404
S,8,80,210,-2.2999997,-20.0,-6.4000015,0.4,0.3,false,false,0,-6,61,274,218,274,375,274,2,1,729893710,1486768404
S,9,80,208,-1.9999998,-20.0,-6.0000014,0.4,0.3,false,false,0,-8,59,274,216,274,373,274,2,1,729893710,1486768404
S,10,80,206,-1.6999998,-20.0,-5.6000013,0.4,0.3,false,false,0,-10,57,274,214,274,371,274,2,1,729893710,1486768404
S,11,80,204,-1.3999999,-20.0,-5.2000012,0.4,0.3,false,false,0,-12,55,274,212,274,369,274,2,1,729893710,1486768404
S,12,80,202,-1.0999999,-20.0,-4.800001,0.4,0.3,false,false,0,-14,53,274,210,274,367,274,2,1,729893710,1486768404
S,13,80,201,-0.7999999,-20.0,-4.400001,0.4,0.3,false,false,0,-16,51,274,208,274,365,274,2,1,729893710,1486768404
S,14,80,200,-0.49999988,-20.0,-4.000001,0.4,0.3,false,false,0,-18,49,274,206,274,363,274,2,1,729893710,1486768404
S,15,80,199,-0.19999987,-20.0,-3.6000009,0.4,0.3,false,false,0,-20,47,274,204,274,361,274,2,1,729893710,1486768404
S,16,80,199,0.10000014,-20.0,-3.2000008,0.4,0.3,false,false,0,-22,45,274,202,274,359,274,2,1,729893710,1486768404
S,17,80,199,0.40000015,-20.0,-2.8000007,0.4,0.3,false,false,0,0,43,274,200,274,357,274,2,1,729893710,1486768404
S,18,80,199,0.70000017,-20.0,-2.4000006,0.4,0.3,false,false,0,-2,41,274,198,274,355,274,2,1,729893710,1486768404
S,19,80,200,1.0000002,-20.0,-2.0000005,0.4,0.3,false,false,0,-4,39,274,196,274,353,274,2,1,729893710,1486768404
S,20,80,201,1.3000002,-20.0,-1.6000005,0.4,0.3,false,false,0,-6,37,274,194,274,351,274,2,1,729893710,1486768404
S,21,80,202,1.6000001,-20.0,-1.2000005,0.4,0.3,false,false,0,-8,35,274,192,274,349,274,2,1,729893710,1486768404
S,22,80,203,1.9000001,-20.0,-0.80000055,0.4,0.3,false,false,0,-10,33,274,190,274,347,274,2,1,729893710,1486768404
S,23,80,205,2.2,-20.0,-0.40000054,0.4,0.3,false,false,0,-12,31,274,188,274,345,274,2,1,729893710,1486768404
S,24,80,207,2.5,-20.0,-5.364418E-7,0.4,0.3,false,false,0,-14,29,274,186,274,343,274,2,1,729893710,1486768404
S,25,80,209,2.8,-20.0,0.39999947,0.4,0.3,false,false,0,-16,27,274,184,274,341,274,2,1,729893710,1486768404
S,26,80,212,3.1,-19.6,0.7999995,0.4,0.3,false,false,0,-18,25,274,182,274,339,274,2,1,729893710,1486768404
S,27,80,215,3.3999999,-18.800001,1.1999995,0.4,0.3,false,false,0,-20,23,274,180,274,337,274,2,1,729893710,1486768404
S,28,80,218,3.6999998,-17.600002,1.5999994,0.4,0.3,false,false,0,-22,21,274,178,274,335,274,2,1,729893710,1486768404
S,29,80,222,3.9999998,-16.000004,1.9999994,0.4,0.3,false,false,0,0,19,274,176,274,333,274,2,1,729893710,1486768404
S,30,80,226,4.2999997,-14.000005,2.3999994,0.4,0.3,false,false,0,-2,17,274,174,274,331,274,2,1,729893710,1486768404
S,31,80,230,4.6,-11.600005,2.7999995,0.4,0.3,false,false,0,-4,15,274,172,274,329,274,2,1,729893710,1486768404
S,32,80,234,4.9,-8.800006,3.1999996,0.4,0.3,false,false,0,-6,13,274,170,274,327,274,2,1,729893710,1486768404
S,33,80,239,5.2000003,-5.600006,3.5999997,0.4,0.3,false,false,0,-8,11,274,168,274,325,274,2,1,729893710,1486768404
S,34,80,244,5.5000005,-2.0000064,3.9999998,0.4,0.3,false,false,0,-10,9,274,166,274,323,274,2,1,729893710,1486768404
I,35
S,35,80,239,-4.7,-12.000007,-9.6,0.4,0.3,false,false,0,-12,7,274,164,274,321,274,2,1,729893710,1486768404
S,36,80,234,-4.3999996,-20.0,-9.200001,0.4,0.3,false,false,0,-14,5,274,162,274,319,274,2,1,729893710,1486768404
S,37,80,229,-4.0999994,-20.0,-8.800001,0.4,0.3,false,false,0,-16,3,274,160,274,317,274,2,1,729893710,1486768404
S,38,80,225,-3.7999995,-20.0,-8.400002,0.4,0.3,false,false,0,-18,1,274,158,274,315,274,2,1,729893710,1486768404
S,39,80,221,-3.4999995,-20.0,-8.000002,0.4,0.3,false,false,0,-20,-1,274,156,274,313,274,2,1,729893710,1486768404
S,40,80,217,-3.1999996,-20.0,-7.600002,0.4,0.3,false,false,0,-22,-3,274,154,274,311,274,2,1,729893710,1486768404
S,41,80,214,-2.8999996,-20.0,-7.2000017,0.4,0.3,false,false,0,0,-5,274,152,274,309,274,2,1,729893710,1486768404
S,42,80,211,-2.5999997,-20.0,-6.8000016,0.4,0.3,false,false,0,-2,-7,274,150,274,307,274,2,1,729893710,1486768404
S,43,80,208,-2.2999997,-20.0,-6.4000015,0.4,0.3,false,false,0,-4,-9,274,148,274,305,274,2,1,729893710,1486768404
S,44,80,206,-1.9999998,-20.0,-6.0000014,0.4,0.3,false,false,0,-6,-11,274,146,274,303,274,2,1,729893710,1486768404
S,45,80,204,-1.6999998,-20.0,-5.6000013,0.4,0.3,false,false,0,-8,-13,274,144,274,301,274,2,1,729893710,1486768404
S,46,80,202,-1.3999999,-20.0,-5.2000012,0.4,0.3,false,false,0,-10,-15,274,142,274,299,274,2,1,729893710,1486768404
S,47,80,200,-1.0999999,-20.0,-4.800001,0.4,0.3,false,false,0,-12,-17,274,140,274,297,274,2,1,729893710,1486768404
S,48,80,199,-0.7999999,-20.0,-4.400001,0.4,0.3,false,false,0,-14,-19,274,138,274,295,274,2,1,729893710,1486768404
S,49,80,198,-0.49999988,-20.0,-4.000001,0.4,0.3,false,false,0,-16,-21,274,136,274,293,274,2,1,729893710,1486768404
S,50,80,197,-0.19999987,-20.0,-3.6000009,0.4,0.3,false,false,0,-18,-23,274,134,274,291,274,2,1,729893710,1486768404
S,51,80,197,0.10000014,-20.0,-3.2000008,0.4,0.3,false,false,0,-20,-25,274,132,274,289,274,2,1,729893710,1486768404
S,52,80,197,0.40000015,-20.0,-2.8000007,0.4,0.3,false,false,0,-22,-27,274,130,274,287,274,2,1,729893710,1486768404
S,53,80,197,0.70000017,-20.0,-2.4000006,0.4,0.3,false,false,0,0,-29,274,128,274,285,274,2,1,729893710,1486768404
S,54,80,198,1.0000002,-20.0,-2.0000005,0.4,0.3,false,false,0,-2,-31,274,126,274,283,274,2,1,729893710,1486768404
S,55,80,199,1.3000002,-20.0,-1.6000005,0.4,0.3,false,false,0,-4,-33,274,124,274,281,274,2,1,729893710,1486768404
S,56,80,200,1.6000001,-20.0,-1.2000005,0.4,0.3,false,false,0,-6,-35,274,122,274,279,274,2,1,729893710,1486768404
S,57,80,201,1.9000001,-20.0,-0.80000055,0.4,0.3,false,false,0,-8,-37,274,120,274,277,274,2,1,729893710,1486768404
S,58,80,203,2.2,-20.0,-0.40000054,0.4,0.3,false,false,0,-10,-39,274,118,274,275,274,2,1,729893710,1486768404
S,59,80,205,2.5,-20.0,-5.364418E-7,0.4,0.3,false,false,0,-12,-41,274,116,274,273,274,2,1,729893710,1486768404
S,60,80,207,2.8,-20.0,0.39999947,0.4,0.3,false,false,0,-14,-43,274,114,274,271,274,2,1,729893710,1486768404
S,61,80,210,3.1,-19.6,0.7999995,0.4,0.3,false,false,0,-16,-45,274,112,274,269,274,2,1,729893710,1486768404
S,62,80,213,3.3999999,-18.800001,1.1999995,0.4,0.3,false,false,0,-18,-47,274,110,274,267,274,2,1,729893710,1486768404
S,63,80,216,3.6999998,-17.600002,1.5999994,0.4,0.3,false,false,0,-20,-49,274,108,274,265,274,2,1,729893710,1486768404
S,64,80,220,3.9999998,-16.000004,1.9999994,0.4,0.3,false,false,0,-22,-51,274,106,274,263,274,2,1,729893710,1486768404
S,65,80,224,4.2999997,-14.000005,2.3999994,0.4,0.3,false,false,0,0,-52,274,-52,274,418,239,2,0,347015137,691638738
I,66
S,66,80,219,-4.7,-20.0,-9.6,0.4,0.3,false,false,0,-2,-54,274,416,239,573,295,2,0,36311295,1380063323
S,67,80,214,-4.3999996,-20.0,-9.200001,0.4,0.3,false,false,0,-4,414,239,571,295,728,206,2,0,78318554,230522773
S,68,80,209,-4.0999994,-20.0,-8.800001,0.4,0.3,false,false,0,-6,412,239,569,295,726,206,2,0,78318554,230522773
S,69,80,205,-3.7999995,-20.0,-8.400002,0.4,0.3,false,false,0,-8,410,239,567,295,724,206,2,0,78318554,230522773
S,70,80,201,-3.4999995,-20.0,-8.000002,0.4,0.3,false,false,0,-10,408,239,565,295,722,206,2,0,78318554,230522773
S,71,80,197,-3.1999996,-20.0,-7.600002,0.4,0.3,false,false,0,-12,406,239,563,295,720,206,2,0,78318554,230522773
S,72,80,194,-2.8999996,-20.0,-7.2000017,0.4,0.3,false,false,0,-14,404,239,561,295,718,206,2,0,78318554,230522773
S,73,80,191,-2.5999997,-20.0,-6.8000016,0.4,0.3,false,false,0,-16,402,239,559,295,716,206,2,0,78318554,230522773
S,74,80,188,-2.2999997,-20.0,-6.4000015,0.4,0.3,false,false,0,-18,400,239,557,295,714,206,2,0,78318554,230522773
S,75,80,186,-1.9999998,-20.0,-6.0000014,0.4,0.3,false,false,0,-20,398,239,555,295,712,206,2,0,78318554,230522773
S,76,80,184,-1.6999998,-20.0,-5.6000013,0.4,0.3,false,false,0,-22,396,239,553,295,710,206,2,0,78318554,230522773
S,77,80,182,-1.3999999,-20.0,-5.2000012,0.4,0.3,false,false,0,0,394,239,551,295,708,206,2,0,78318554,230522773
S,78,80,180,-1.0999999,-20.0,-4.800001,0.4,0.3,false,false,0,-2,392,239,549,295,706,206,2,0,78318554,230522773
S,79,80,179,-0.7999999,-20.0,-4.400001,0.4,0.3,false,false,0,-4,390,239,547,295,704,206,2,0,78318554,230522773
S,80,80,178,-0.49999988,-20.0,-4.000001,0.4,0.3,false,false,0,-6,388,239,545,295,702,206,2,0,78318554,230522773
S,81,80,177,-0.19999987,-20.0,-3.6000009,0.4,0.3,false,false,0,-8,386,239,543,295,700,206,2,0,78318554,230522773
S,82,80,177,0.10000014,-20.0,-3.2000008,0.4,0.3,false,false,0,-10,384,239,541,295,698,206,2,0,78318554,230522773
S,83,80,177,0.40000015,-20.0,-2.8000007,0.4,0.3,false,false,0,-12,382,239,539,295,696,206,2,0,78318554,230522773
S,84,80,177,0.70000017,-20.0,-2.4000006,0.4,0.3,false,false,0,-14,380,239,537,295,694,206,2,0,78318554,230522773
S,85,80,178,1.0000002,-20.0,-2.0000005,0.4,0.3,false,false,0,-16,378,239,535,295,692,206,2,0,78318554,230522773
S,86,80,179,1.3000002,-20.0,-1.6000005,0.4,0.3,false,false,0,-18,376,239,533,295,690,206,2,0,78318554,230522773
S,87,80,180,1.6000001,-20.0,-1.2000005,0.4,0.3,false,false,0,-20,374,239,531,295,688,206,2,0,78318554,230522773
S,88,80,181,1.9000001,-20.0,-0.80000055,0.4,0.3,false,false,0,-22,372,239,529,295,686,206,2,0,78318554,230522773
S,89,80,183,2.2,-20.0,-0.40000054,0.4,0.3,false,false,0,0,370,239,527,295,684,206,2,0,78318554,230522773
S,90,80,185,2.5,-20.0,-5.364418E-7,0.4,0.3,false,false,0,-2,368,239,525,295,682,206,2,0,78318554,230522773
S,91,80,187,2.8,-20.0,0.39999947,0.4,0.3,false,false,0,-4,366,239,523,295,680,206,2,0,78318554,230522773
S,92,80,190,3.1,-19.6,0.7999995,0.4,0.3,false,false,0,-6,364,239,521,295,678,206,2,0,78318554,230522773
S,93,80,193,3.3999999,-18.800001,1.1999995,0.4,0.3,false,false,0,-8,362,239,519,295,676,206,2,0,78318554,230522773
S,94,80,196,3.6999998,-17.600002,1.5999994,0.4,0.3,false,false,0,-10,360,239,517,295,674,206,2,0,78318554,230522773
I,95
S,95,80,191,-4.7,-20.0,-9.6,0.4,0.3,false,false,0,-12,358,239,515,295,672,206,2,0,78318554,230522773
S,96,80,186,-4.3999996,-20.0,-9.200001,0.4,0.3,false,false,0,-14,356,239,513,295,670,206,2,0,78318554,230522773
S,97,80,181,-4.0999994,-20.0,-8.800001,0.4,0.3,false,false,0,-16,354,239,511,295,668,206,2,0,78318554,230522773
S,98,80,177,-3.7999995,-20.0,-8.400002,0.4,0.3,false,false,0,-18,352,239,509,295,666,206,2,0,78318554,230522773
S,99,80,173,-3.4999995,-20.0,-8.000002,0.4,0.3,false,false,0,-20,350,239,507,295,664,206,2,0,78318554,230522773
S,100,80,169,-3.1999996,-20.0,-7.600002,0.4,0.3,false,false,0,-22,348,239,505,295,662,206,2,0,78318554,230522773
S,101,80,166,-2.8999996,-20.0,-7.2000017,0.4,0.3,false,false,0,0,346,239,503,295,660,206,2,0,78318554,230522773
S,102,80,163,-2.5999997,-20.0,-6.8000016,0.4,0.3,false,false,0,-2,344,239,501,295,658,206,2,0,78318554,230522773
S,103,80,160,-2.2999997,-20.0,-6.4000015,0.4,0.3,false,false,0,-4,342,239,499,295,656,206,2,0,78318554,230522773
S,104,80,158,-1.9999998,-20.0,-6.0000014,0.4,0.3,false,false,0,-6,340,239,497,295,654,206,2,0,78318554,230522773
S,105,80,156,-1.6999998,-20.0,-5.6000013,0.4,0.3,false,false,0,-8,338,239,495,295,652,206,2,0,78318554,230522773
S,106,80,154,-1.3999999,-20.0,-5.2000012,0.4,0.3,false,false,0,-10,336,239,493,295,650,206,2,0,78318554,230522773
S,107,80,152,-1.0999999,-20.0,-4.800001,0.4,0.3,false,false,0,-12,334,239,491,295,648,206,2,0,78318554,230522773
S,108,80,151,-0.7999999,-20.0,-4.400001,0.4,0.3,false,false,0,-14,332,239,489,295,646,206,2,0,78318554,230522773
S,109,80,150,-0.49999988,-20.0,-4.000001,0.4,0.3,false,false,0,-16,330,239,487,295,644,206,2,0,78318554,230522773
S,110,80,149,-0.19999987,-20.0,-3.6000009,0.4,0.3,false,false,0,-18,328,239,485,295,642,206,2,0,78318554,230522773
S,111,80,149,0.10000014,-20.0,-3.2000008,0.4,0.3,false,false,0,-20,326,239,483,295,640,206,2,0,78318554,230522773
S,112,80,149,0.40000015,-20.0,-2.8000007,0.4,0.3,false,false,0,-22,324,239,481,295,638,206,2,0,78318554,230522773
S,113,80,149,0.70000017,-20.0,-2.4000006,0.4,0.3,false,false,0,0,322,239,479,295,636,206,2,0,78318554,230522773
S,114,80,150,1.0000002,-20.0,-2.0000005,0.4,0.3,false,false,0,-2,320,239,477,295,634,206,2,0,78318554,230522773
S,115,80,151,1.3000002,-20.0,-1.6000005,0.4,0.3,false,false,0,-4,318,239,475,295,632,206,2,0,78318554,230522773
S,116,80,152,1.6000001,-20.0,-1.2000005,0.4,0.3,false,false,0,-6,316,239,473,295,630,206,2,0,78318554,230522773
S,117,80,153,1.9000001,-20.0,-0.80000055,0.4,0.3,false,false,0,-8,314,239,471,295,628,206,2,0,78318554,230522773
S,118,80,155,2.2,-20.0,-0.40000054,0.4,0.3,false,false,0,-10,312,239,469,295,626,206,2,0,78318554,230522773
S,119,80,157,2.5,-20.0,-5.364418E-7,0.4,0.3,false,false,0,-12,310,239,467,295,624,206,2,0,78318554,230522773
S,120,80,159,2.8,-20.0,0.39999947,0.4,0.3,false,false,0,-14,308,239,465,295,622,206,2,0,78318554,230522773
S,121,80,162,3.1,-19.6,0.7999995,0.4,0.3,false,false,0,-16,306,239,463,295,620,206,2,0,78318554,230522773
S,122,80,165,3.3999999,-18.800001,1.1999995,0.4,0.3,false,false,0,-18,304,239,461,295,618,206,2,0,78318554,230522773
S,123,80,168,3.6999998,-17.600002,1.5999994,0.4,0.3,false,false,0,-20,302,239,459,295,616,206,2,0,78318554,230522773
S,124,80,172,3.9999998,-16.000004,1.9999994,0.4,0.3,false,false,0,-22,300,239,457,295,614,206,2,0,78318554,230522773
S,125,80,176,4.2999997,-14.000005,2.3999994,0.4,0.3,false,false,0,0,298,239,455,295,612,206,2,0,78318554,230522773
S,126,80,180,4.6,-11.600005,2.7999995,0.4,0.3,false,false,0,-2,296,239,453,295,610,206,2,0,78318554,230522773
S,127,80,184,4.9,-8.800006,3.1999996,0.4,0.3,false,false,0,-4,294,239,451,295,608,206,2,0,78318554,230522773
S,128,80,189,5.2000003,-5.600006,3.5999997,0.4,0.3,false,false,0,-6,292,239,449,295,606,206,2,0,78318554,230522773
S,129,80,194,5.5000005,-2.0000064,3.9999998,0.4,0.3,false,false,0,-8,290,239,447,295,604,206,2,0,78318554,230522773
S,130,80,199,5.8000007,1.9999933,4.3999996,0.4,0.3,false,false,0,-10,288,239,445,295,602,206,2,0,78318554,230522773
I,131
S,131,80,194,-4.7,-8.000007,-9.6,0.4,0.3,false,false,0,-12,286,239,443,295,600,206,2,0,78318554,230522773
S,132,80,189,-4.3999996,-17.600006,-9.200001,0.4,0.3,false,false,0,-14,284,239,441,295,598,206,2,0,78318554,230522773
S,133,80,184,-4.0999994,-20.0,-8.800001,0.4,0.3,false,false,0,-16,282,239,439,295,596,206,2,0,78318554,230522773
S,134,80,180,-3.7999995,-20.0,-8.400002,0.4,0.3,false,false,0,-18,280,239,437,295,594,206,2,0,78318554,230522773
S,135,80,176,-3.4999995,-20.0,-8.000002,0.4,0.3,false,false,0,-20,278,239,435,295,592,206,2,0,78318554,230522773
S,136,80,172,-3.1999996,-20.0,-7.600002,0.4,0.3,false,false,0,-22,276,239,433,295,590,206,2,0,78318554,230522773
S,137,80,169,-2.8999996,-20.0,-7.2000017,0.4,0.3,false,false,0,0,274,239,431,295,588,206,2,0,78318554,230522773
S,138,80,166,-2.5999997,-20.0,-6.8000016,0.4,0.3,false,false,0,-2,272,239,429,295,586,206,2,0,78318554,230522773
S,139,80,163,-2.2999997,-20.0,-6.4000015,0.4,0.3,false,false,0,-4,270,239,427,295,584,206,2,0,78318554,230522773
S,140,80,161,-1.9999998,-20.0,-6.0000014,0.4,0.3,false,false,0,-6,268,239,425,295,582,206,2,0,78318554,230522773
S,141,80,159,-1.6999998,-20.0,-5.6000013,0.4,0.3,false,false,0,-8,266,239,423,295,580,206,2,0,78318554,230522773
S,142,80,157,-1.3999999,-20.0,-5.2000012,0.4,0.3,false,false,0,-10,264,239,421,295,578,206,2,0,78318554,230522773
S,143,80,155,-1.0999999,-20.0,-4.800001,0.4,0.3,false,false,0,-12,262,239,419,295,576,206,2,0,78318554,230522773
S,144,80,154,-0.7999999,-20.0,-4.400001,0.4,0.3,false,false,0,-14,260,239,417,295,574,206,2,0,78318554,230522773
S,145,80,153,-0.49999988,-20.0,-4.000001,0.4,0.3,false,false,0,-16,258,239,415,295,572,206,2,0,78318554,230522773
S,146,80,152,-0.19999987,-20.0,-3.6000009,0.4,0.3,false,false,0,-18,256,239,413,295,570,206,2,0,78318554,230522773
S,147,80,152,0.10000014,-20.0,-3.2000008,0.4,0.3,false,false,0,-20,254,239,411,295,568,206,2,0,78318554,230522773
S,148,80,152,0.40000015,-20.0,-2.8000007,0.4,0.3,false,false,0,-22,252,239,409,295,566,206,2,0,78318554,230522773
S,149,80,152,0.70000017,-20.0,-2.4000006,0.4,0.3,false,false,0,0,250,239,407,295,564,206,2,0,78318554,230522773
S,150,80,153,1.0000002,-20.0,-2.0000005,0.4,0.3,false,false,0,-2,248,239,405,295,562,206,2,0,78318554,230522773
S,151,80,154,1.3000002,-20.0,-1.6000005,0.4,0.3,false,false,0,-4,246,239,403,295,560,206,2,0,78318554,230522773
S,152,80,155,1.6000001,-20.0,-1.2000005,0.4,0.3,false,false,0,-6,244,239,401,295,558,206,2,0,78318554,230522773
S,153,80,156,1.9000001,-20.0,-0.80000055,0.4,0.3,false,false,0,-8,242,239,399,295,556,206,2,0,78318554,230522773
S,154,80,158,2.2,-20.0,-0.40000054,0.4,0.3,false,false,0,-10,240,239,397,295,554,206,2,0,78318554,230522773
S,155,80,160,2.5,-20.0,-5.364418E-7,0.4,0.3,false,false,0,-12,238,239,395,295,552,206,2,0,78318554,230522773
S,156,80,162,2.8,-20.0,0.39999947,0.4,0.3,false,false,0,-14,236,239,393,295,550,206,2,0,78318554,230522773
S,157,80,165,3.1,-19.6,0.7999995,0.4,0.3,false,false,0,-16,234,239,391,295,548,206,2,0,78318554,230522773
S,158,80,168,3.3999999,-18.800001,1.1999995,0.4,0.3,false,false,0,-18,232,239,389,295,546,206,2,0,78318554,230522773
S,159,80,171,3.6999998,-17.600002,1.5999994,0.4,0.3,false,false,0,-20,230,239,387,295,544,206,2,0,78318554,230522773
S,160,80,175,3.9999998,-16.000004,1.9999994,0.4,0.3,false,false,0,-22,228,239,385,295,542,206,2,0,78318554,230522773
S,161,80,179,4.2999997,-14.000005,2.3999994,0.4,0.3,false,false,0,0,226,239,383,295,540,206,2,0,78318554,230522773
S,162,80,183,4.6,-11.600005,2.7999995,0.4,0.3,false,false,0,-2,224,239,381,295,538,206,2,0,78318554,230522773
S,163,80,187,4.9,-8.800006,3.1999996,0.4,0.3,false,false,0,-4,222,239,379,295,536,206,2,0,78318554,230522773
S,164,80,192,5.2000003,-5.600006,3.5999997,0.4,0.3,false,false,0,-6,220,239,377,295,534,206,2,0,78318554,230522773
S,165,80,197,5.5000005,-2.0000064,3.9999998,0.4,0.3,false,false,0,-8,218,239,375,295,532,206,2,0,78318554,230522773
I,166
S,166,80,192,-4.7,-12.000007,-9.6,0.4,0.3,false,false,0,-10,216,239,373,295,530,206,2,0,78318554,230522773
S,167,80,187,-4.3999996,-20.0,-9.200001,0.4,0.3,false,false,0,-12,214,239,371,295,528,206,2,0,78318554,230522773
S,168,80,182,-4.0999994,-20.0,-8.800001,0.4,0.3,false,false,0,-14,212,239,369,295,526,206,2,0,78318554,230522773
S,169,80,178,-3.7999995,-20.0,-8.400002,0.4,0.3,false,false,0,-16,210,239,367,295,524,206,2,0,78318554,230522773
S,170,80,174,-3.4999995,-20.0,-8.000002,0.4,0.3,false,false,0,-18,208,239,365,295,522,206,2,0,78318554,230522773
S,171,80,170,-3.1999996,-20.0,-7.600002,0.4,0.3,false,false,0,-20,206,239,363,295,520,206,2,0,78318554,230522773
S,172,80,167,-2.8999996,-20.0,-7.2000017,0.4,0.3,false,false,0,-22,204,239,361,295,518,206,2,0,78318554,230522773
S,173,80,164,-2.5999997,-20.0,-6.8000016,0.4,0.3,false,false,0,0,202,239,359,295,516,206,2,0,78318554,230522773
S,174,80,161,-2.2999997,-20.0,-6.4000015,0.4,0.3,false,false,0,-2,200,239,357,295,514,206,2,0,78318554,230522773
S,175,80,159,-1.9999998,-20.0,-6.0000014,0.4,0.3,false,false,0,-4,198,239,355,295,512,206,2,0,78318554,230522773
S,176,80,157,-1.6999998,-20.0,-5.6000013,0.4,0.3,false,false,0,-6,196,239,353,295,510,206,2,0,78318554,230522773
S,177,80,155,-1.3999999,-20.0,-5.2000012,0.4,0.3,false,false,0,-8,194,239,351,295,508,206,2,0,78318554,230522773
S,178,80,153,-1.0999999,-20.0,-4.800001,0.4,0.3,false,false,0,-10,192,239,349,295,506,206,2,0,78318554,230522773
S,179,80,152,-0.7999999,-20.0,-4.400001,0.4,0.3,false,false,0,-12,190,239,347,295,504,206,2,0,78318554,230522773
S,180,80,151,-0.49999988,-20.0,-4.000001,0.4,0.3,false,false,0,-14,188,239,345,295,502,206,2,0,78318554,230522773
S,181,80,150,-0.19999987,-20.0,-3.6000009,0.4,0.3,false,false,0,-16,186,239,343,295,500,206,2,0,78318554,230522773
S,182,80,150,0.10000014,-20.0,-3.2000008,0.4,0.3,false,false,0,-18,184,239,341,295,498,206,2,0,78318554,230522773
S,183,80,150,0.40000015,-20.0,-2.8000007,0.4,0.3,false,false,0,-20,182,239,339,295,496,206,2,0,78318554,230522773
S,184,80,150,0.70000017,-20.0,-2.4000006,0.4,0.3,false,false,0,-22,180,239,337,295,494,206,2,0,78318554,230522773
S,185,80,151,1.0000002,-20.0,-2.0000005,0.4,0.3,false,false,0,0,178,239,335,295,492,206,2,0,78318554,230522773
S,186,80,152,1.3000002,-20.0,-1.6000005,0.4,0.3,false,false,0,-2,176,239,333,295,490,206,2,0,78318554,230522773
S,187,80,153,1.6000001,-20.0,-1.2000005,0.4,0.3,false,false,0,-4,174,239,331,295,488,206,2,0,78318554,230522773
S,188,80,154,1.9000001,-20.0,-0.80000055,0.4,0.3,false,false,0,-6,172,239,329,295,486,206,2,0,78318554,230522773
S,189,80,156,2.2,-20.0,-0.40000054,0.4,0.3,false,false,0,-8,170,239,327,295,484,206,2,0,78318554,230522773
S,190,80,158,2.5,-20.0,-5.364418E-7,0.4,0.3,false,false,0,-10,168,239,325,295,482,206,2,0,78318554,230522773
S,191,80,160,2.8,-20.0,0.39999947,0.4,0.3,false,false,0,-12,166,239,323,295,480,206,2,0,78318554,230522773
S,192,80,163,3.1,-19.6,0.7999995,0.4,0.3,false,false,0,-14,164,239,321,295,478,206,2,0,78318554,230522773
S,193,80,166,3.3999999,-18.800001,1.1999995,0.4,0.3,false,false,0,-16,162,239,319,295,476,206,2,0,78318554,230522773
S,194,80,169,3.6999998,-17.600002,1.5999994,0.4,0.3,false,false,0,-18,160,239,317,295,474,206,2,0,78318554,230522773
S,195,80,173,3.9999998,-16.000004,1.9999994,0.4,0.3,false,false,0,-20,158,239,315,295,472,206,2,0,78318554,230522773
S,196,80,177,4.2999997,-14.000005,2.3999994,0.4,0.3,false,false,0,-22,156,239,313,295,470,206,2,0,78318554,230522773
S,197,80,181,4.6,-11.600005,2.7999995,0.4,0.3,false,false,0,0,154,239,311,295,468,206,2,0,78318554,230522773
S,198,80,185,4.9,-8.800006,3.1999996,0.4,0.3,false,false,0,-2,152,239,309,295,466,206,2,0,78318554,230522773
S,199,80,190,5.2000003,-5.600006,3.5999997,0.4,0.3,false,false,0,-4,150,239,307,295,464,206,2,0,78318554,230522773
S,200,80,195,5.5000005,-2.0000064,3.9999998,0.4,0.3,false,false,0,-6,148,239,305,295,462,206,2,0,78318554,230522773
S,201,80,200,5.8000007,1.9999933,4.3999996,0.4,0.3,false,false,0,-8,146,239,303,295,460,206,2,0,78318554,230522773
I,202
S,202,80,195,-4.7,-8.000007,-9.6,0.4,0.3,false,false,0,-10,144,239,301,295,458,206,2,0,78318554,230522773
S,203,80,190,-4.3999996,-17.600006,-9.200001,0.4,0.3,false,false,0,-12,142,239,299,295,456,206,2,0,78318554,230522773
S,204,80,185,-4.0999994,-20.0,-8.800001,0.4,0.3,false,false,0,-14,140,239,297,295,454,206,2,0,78318554,230522773
S,205,80,181,-3.7999995,-20.0,-8.400002,0.4,0.3,false,false,0,-16,138,239,295,295,452,206,2,0,78318554,230522773
S,206,80,177,-3.4999995,-20.0,-8.000002,0.4,0.3,false,false,0,-18,136,239,293,295,450,206,2,0,78318554,230522773
S,207,80,173,-3.1999996,-20.0,-7.600002,0.4,0.3,false,false,0,-20,134,239,291,295,448,206,2,0,78318554,230522773
S,208,80,170,-2.8999996,-20.0,-7.2000017,0.4,0.3,false,false,0,-22,132,239,289,295,446,206,2,0,78318554,230522773
S,209,80,167,-2.5999997,-20.0,-6.8000016,0.4,0.3,false,false,0,0,130,239,287,295,444,206,2,0,78318554,230522773
S,210,80,164,-2.2999997,-20.0,-6.4000015,0.4,0.3,false,false,0,-2,128,239,285,295,442,206,2,0,78318554,230522773
S,211,80,162,-1.9999998,-20.0,-6.0000014,0.4,0.3,false,false,0,-4,126,239,283,295,440,206,2,0,78318554,230522773
S,212,80,160,-1.6999998,-20.0,-5.6000013,0.4,0.3,false,false,0,-6,124,239,281,295,438,206,2,0,78318554,230522773
S,213,80,158,-1.3999999,-20.0,-5.2000012,0.4,0.3,false,false,0,-8,122,239,279,295,436,206,2,0,78318554,230522773
S,214,80,156,-1.0999999,-20.0,-4.800001,0.4,0.3,false,false,0,-10,120,239,277,295,434,206,2,0,78318554,230522773
S,215,80,155,-0.7999999,-20.0,-4.400001,0.4,0.3,false,false,0,-12,118,239,275,295,432,206,2,0,78318554,230522773
S,216,80,154,-0.49999988,-20.0,-4.000001,0.4,0.3,false,false,0,-14,116,239,273,295,430,206,2,0,78318554,230522773
S,217,80,153,-0.19999987,-20.0,-3.6000009,0.4,0.3,false,false,0,-16,114,239,271,295,428,206,2,0,78318554,230522773
S,218,80,153,0.10000014,-20.0,-3.2000008,0.4,0.3,false,false,0,-18,112,239,269,295,426,206,2,0,78318554,230522773
S,219,80,153,0.40000015,-20.0,-2.8000007,0.4,0.3,false,false,0,-20,110,239,267,295,424,206,2,0,78318554,230522773
S,220,80,153,0.70000017,-20.0,-2.4000006,0.4,0.3,false,false,0,-22,108,239,265,295,422,206,2,0,78318554,230522773
S,221,80,154,1.0000002,-20.0,-2.0000005,0.4,0.3,false,false,0,0,106,239,263,295,420,206,2,0,78318554,230522773
S,222,80,155,1.3000002,-20.0,-1.6000005,0.4,0.3,false,false,0,-2,104,239,261,295,418,206,2,0,78318554,230522773
S,223,80,156,1.6000001,-20.0,-1.2000005,0.4,0.3,false,false,0,-4,102,239,259,295,416,206,2,0,78318554,230522773
S,224,80,157,1.9000001,-20.0,-0.80000055,0.4,0.3,false,false,0,-6,100,239,257,295,414,206,2,0,78318554,230522773
S,225,80,159,2.2,-20.0,-0.40000054,0.4,0.3,false,false,0,-8,98,239,255,295,412,206,2,0,78318554,230522773
S,226,80,161,2.5,-20.0,-5.364418E-7,0.4,0.3,false,false,0,-10,96,239,253,295,410,206,2,0,78318554,230522773
S,227,80,163,2.8,-20.0,0.39999947,0.4,0.3,false,false,0,-12,94,239,251,295,408,206,2,0,78318554,230522773
S,228,80,166,3.1,-19.6,0.7999995,0.4,0.3,false,false,0,-14,92,239,249,295,406,206,2,0,78318554,230522773
S,229,80,169,3.3999999,-18.800001,1.1999995,0.4,0.3,false,false,0,-16,90,239,247,295,404,206,2,0,78318554,230522773
S,230,80,172,3.6999998,-17.600002,1.5999994,0.4,0.3,false,false,0,-18,88,239,245,295,402,206,2,0,78318554,230522773
S,231,80,176,3.9999998,-16.000004,1.9999994,0.4,0.3,false,false,0,-20,86,239,243,295,400,206,2,0,78318554,230522773
S,232,80,180,4.2999997,-14.000005,2.3999994,0.4,0.3,false,false,0,-22,84,239,241,295,398,206,2,0,78318554,230522773
S,233,80,184,4.6,-11.600005,2.7999995,0.4,0.3,false,false,0,0,82,239,239,295,396,206,2,0,78318554,230522773
S,234,80,188,4.9,-8.800006,3.1999996,0.4,0.3,false,false,1,-2,80,239,237,295,394,206,2,0,78318554,230522773
S,235,80,193,5.2000003,-5.600006,3.5999997,0.4,0.3,false,false,1,-4,78,239,235,295,392,206,2,0,78318554,230522773
S,236,80,198,5.5000005,-2.0000064,3.9999998,0.4,0.3,false,false,1,-6,76,239,233,295,390,206,2,0,78318554,230522773
I,237
S,237,80,193,-4.7,-12.000007,-9.6,0.4,0.3,false,false,1,-8,74,239,231,295,388,206,2,0,78318554,230522773
S,238,80,188,-4.3999996,-20.0,-9.200001,0.4,0.3,false,false,1,-10,72,239,229,295,386,206,2,0,78318554,230522773
S,239,80,183,-4.0999994,-20.0,-8.800001,0.4,0.3,false,false,1,-12,70,239,227,295,384,206,2,0,78318554,230522773
S,240,80,179,-3.7999995,-20.0,-8.400002,0.4,0.3,false,false,1,-14,68,239,225,295,382,206,2,0,78318554,230522773
S,241,80,175,-3.4999995,-20.0,-8.000002,0.4,0.3,false,false,1,-16,66,239,223,295,380,206,2,0,78318554,230522773
S,242,80,171,-3.1999996,-20.0,-7.600002,0.4,0.3,false,false,1,-18,64,239,221,295,378,206,2,0,78318554,230522773
S,243,80,168,-2.8999996,-20.0,-7.2000017,0.4,0.3,false,false,1,-20,62,239,219,295,376,206,2,0,78318554,230522773
S,244,80,165,-2.5999997,-20.0,-6.8000016,0.4,0.3,false,false,1,-22,60,239,217,295,374,206,2,0,78318554,230522773
S,245,80,162,-2.2999997,-20.0,-6.4000015,0.4,0.3,false,false,1,0,58,239,215,295,372,206,2,0,78318554,230522773
S,246,80,160,-1.9999998,-20.0,-6.0000014,0.4,0.3,false,false,1,-2,56,239,213,295,370,206,2,0,78318554,230522773
S,247,80,158,-1.6999998,-20.0,-5.6000013,0.4,0.3,false,false,1,-4,54,239,211,295,368,206,2,0,78318554,230522773
S,248,80,156,-1.3999999,-20.0,-5.2000012,0.4,0.3,false,false,1,-6,52,239,209,295,366,206,2,0,78318554,230522773
S,249,80,154,-1.0999999,-20.0,-4.800001,0.4,0.3,false,false,1,-8,50,239,207,295,364,206,2,0,78318554,230522773
S,250,80,153,-0.7999999,-20.0,-4.400001,0.4,0.3,false,false,1,-10,48,239,205,295,362,206,2,0,78318554,230522773
S,251,80,152,-0.49999988,-20.0,-4.000001,0.4,0.3,false,false,1,-12,46,239,203,295,360,206,2,0,78318554,230522773
S,252,80,151,-0.19999987,-20.0,-3.6000009,0.4,0.3,false,false,1,-14,44,239,201,295,358,206,2,0,78318554,230522773
S,253,80,151,0.10000014,-20.0,-3.2000008,0.4,0.3,false,false,1,-16,42,239,199,295,356,206,2,0,78318554,230522773
S,254,80,151,0.40000015,-20.0,-2.8000007,0.4,0.3,false,false,1,-18,40,239,197,295,354,206,2,0,78318554,230522773
S,255,80,151,0.70000017,-20.0,-2.4000006,0.4,0.3,false,false,1,-20,38,239,195,295,352,206,2,0,78318554,230522773
S,256,80,152,1.0000002,-20.0,-2.0000005,0.4,0.3,false,false,1,-22,36,239,193,295,350,206,2,0,78318554,230522773
S,257,80,153,1.3000002,-20.0,-1.6000005,0.4,0.3,false,false,1,0,34,239,191,295,348,206,2,0,78318554,230522773
S,258,80,154,1.6000001,-20.0,-1.2000005,0.4,0.3,false,false,1,-2,32,239,189,295,346,206,2,0,78318554,230522773
S,259,80,155,1.9000001,-20.0,-0.80000055,0.4,0.3,false,false,1,-4,30,239,187,295,344,206,2,0,78318554,230522773
S,260,80,157,2.2,-20.0,-0.40000054,0.4,0.3,false,false,1,-6,28,239,185,295,342,206,2,0,78318554,230522773
S,261,80,159,2.5,-20.0,-5.364418E-7,0.4,0.3,false,false,1,-8,26,239,183,295,340,206,2,0,78318554,230522773
S,262,80,161,2.8,-20.0,0.39999947,0.4,0.3,false,false,1,-10,24,239,181,295,338,206,2,0,78318554,230522773
S,263,80,164,3.1,-19.6,0.7999995,0.4,0.3,false,false,1,-12,22,239,179,295,336,206,2,0,78318554,230522773
S,264,80,167,3.3999999,-18.800001,1.1999995,0.4,0.3,false,false,1,-14,20,239,177,295,334,206,2,0,78318554,230522773
S,265,80,170,3.6999998,-17.600002,1.5999994,0.4,0.3,false,false,1,-16,18,239,175,295,332,206,2,0,78318554,230522773
S,266,80,174,3.9999998,-16.000004,1.9999994,0.4,0.3,false,false,1,-18,16,239,173,295,330,206,2,0,78318554,230522773
S,267,80,178,4.2999997,-14.000005,2.3999994,0.4,0.3,false,false,1,-20,14,239,171,295,328,206,2,0,78318554,230522773
S,268,80,182,4.6,-11.600005,2.7999995,0.4,0.3,false,false,1,-22,12,239,169,295,326,206,2,0,78318554,230522773
S,269,80,186,4.9,-8.800006,3.1999996,0.4,0.3,false,false,1,0,10,239,167,295,324,206,2,0,78318554,230522773
S,270,80,191,5.2000003,-5.600006,3.5999997,0.4,0.3,false,false,1,-2,8,239,165,295,322,206,2,0,78318554,230522773
S,271,80,196,5.5000005,-2.0000064,3.9999998,0.4,0.3,false,false,1,-4,6,239,163,295,320,206,2,0,78318554,230522773
S,272,80,201,5.8000007,1.9999933,4.3999996,0.4,0.3,false,false,1,-6,4,239,161,295,318,206,2,0,78318554,230522773
S,273,80,207,6.100001,6.399993,4.7999997,0.4,0.3,false,false,1,-8,2,239,159,295,316,206,2,0,78318554,230522773
S,274,80,213,6.400001,11.199993,5.2,0.4,0.3,false,false,1,-10,0,239,157,295,314,206,2,0,78318554,230522773
S,275,80,219,6.7000012,16.399994,5.6,0.4,0.3,false,false,1,-12,-2,239,155,295,312,206,2,0,78318554,230522773
S,276,80,226,7.0000014,21.999994,6.0,0.4,0.3,false,false,1,-14,-4,239,153,295,310,206,2,0,78318554,230522773
S,277,80,233,7.3000016,27.999994,6.4,0.4,0.3,false,false,1,-16,-6,239,151,295,308,206,2,0,78318554,230522773
S,278,80,240,7.600002,34.399994,6.8,0.4,0.3,false,false,1,-18,-8,239,149,295,306,206,2,0,78318554,230522773
S,279,80,247,7.900002,41.199993,7.2000003,0.4,0.3,false,false,1,-20,-10,239,147,295,304,206,2,0,78318554,230522773
S,280,80,255,8.0,48.399994,7.6000004,0.4,0.3,false,false,1,-22,-12,239,145,295,302,206,2,0,78318554,230522773
I,281
S,281,80,250,-4.7,38.399994,-9.6,0.4,0.3,false,false,1,0,-14,239,143,295,300,206,2,0,78318554,230522773
S,282,80,245,-4.3999996,28.799994,-9.200001,0.4,0.3,false,false,1,-2,-16,239,141,295,298,206,2,0,78318554,230522773
S,283,80,240,-4.0999994,19.599993,-8.800001,0.4,0.3,false,false,1,-4,-18,239,139,295,296,206,2,0,78318554,230522773
S,284,80,236,-3.7999995,10.799992,-8.400002,0.4,0.3,false,false,1,-6,-20,239,137,295,294,206,2,0,78318554,230522773
S,285,80,232,-3.4999995,2.39999,-8.000002,0.4,0.3,false,false,1,-8,-22,239,135,295,292,206,2,0,78318554,230522773
S,286,80,228,-3.1999996,-5.600012,-7.600002,0.4,0.3,false,false,1,-10,-24,239,133,295,290,206,2,0,78318554,230522773
S,287,80,225,-2.8999996,-13.200014,-7.2000017,0.4,0.3,false,false,1,-12,-26,239,131,295,288,206,2,0,78318554,230522773
S,288,80,222,-2.5999997,-20.0,-6.8000016,0.4,0.3,false,false,1,-14,-28,239,129,295,286,206,2,0,78318554,230522773
S,289,80,219,-2.2999997,-20.0,-6.4000015,0.4,0.3,false,false,1,-16,-30,239,127,295,284,206,2,0,78318554,230522773
S,290,80,217,-1.9999998,-20.0,-6.0000014,0.4,0.3,false,false,1,-18,-32,239,125,295,282,206,2,0,78318554,230522773
S,291,80,215,-1.6999998,-20.0,-5.6000013,0.4,0.3,false,false,1,-20,-34,239,123,295,280,206,2,0,78318554,230522773
S,292,80,213,-1.3999999,-20.0,-5.2000012,0.4,0.3,false,false,1,-22,-36,239,121,295,278,206,2,0,78318554,230522773
S,293,80,211,-1.0999999,-20.0,-4.800001,0.4,0.3,false,false,1,0,-38,239,119,295,276,206,2,0,78318554,230522773
S,294,80,210,-0.7999999,-20.0,-4.400001,0.4,0.3,false,false,1,-2,-40,239,117,295,274,206,2,0,78318554,230522773
S,295,80,209,-0.49999988,-20.0,-4.000001,0.4,0.3,false,false,1,-4,-42,239,115,295,272,206,2,0,78318554,230522773
S,296,80,208,-0.19999987,-20.0,-3.6000009,0.4,0.3,false,false,1,-6,-44,239,113,295,270,206,2,0,78318554,230522773
S,297,80,208,0.10000014,-20.0,-3.2000008,0.4,0.3,false,false,1,-8,-46,239,111,295,268,206,2,0,78318554,230522773
S,298,80,208,0.40000015,-20.0,-2.8000007,0.4,0.3,false,false,1,-10,-48,239,109,295,266,206,2,0,78318554,230522773
S,299,80,208,0.70000017,-20.0,-2.4000006,0.4,0.3,false,false,1,-12,-50,239,107,295,264,206,2,0,78318554,230522773
S,300,80,209,1.0000002,-20.0,-2.0000005,0.4,0.3,false,false,1,-14,-52,239,105,295,262,206,2,0,78318554,230522773
S,301,80,210,1.3000002,-20.0,-1.6000005,0.4,0.3,false,false,1,-16,103,295,260,206,417,187,2,0,54613195,1207448026
S,302,80,211,1.6000001,-20.0,-1.2000005,0.4,0.3,false,false,1,-18,101,295,258,206,415,187,2,0,54613195,1207448026
S,303,80,212,1.9000001,-20.0,-0.80000055,0.4,0.3,false,false,1,-20,99,295,256,206,413,187,2,0,54613195,1207448026
S,304,80,214,2.2,-20.0,-0.40000054,0.4,0.3,false,false,1,-22,97,295,254,206,411,187,2,0,54613195,1207448026
S,305,80,216,2.5,-20.0,-5.364418E-7,0.4,0.3,false,false,1,0,95,295,252,206,409,187,2,0,54613195,1207448026
S,306,80,218,2.8,-20.0,0.39999947,0.4,0.3,false,false,1,-2,93,295,250,206,407,187,2,0,54613195,1207448026
S,307,80,221,3.1,-19.6,0.7999995,0.4,0.3,false,false,1,-4,91,295,248,206,405,187,2,0,54613195,1207448026
S,308,80,224,3.3999999,-18.800001,1.1999995,0.4,0.3,false,false,1,-6,89,295,246,206,403,187,2,0,54613195,1207448026
S,309,80,227,3.6999998,-17.600002,1.5999994,0.4,0.3,false,false,1,-8,87,295,244,206,401,187,2,0,54613195,1207448026
S,310,80,231,3.9999998,-16.000004,1.9999994,0.4,0.3,false,false,1,-10,85,295,242,206,399,187,2,0,54613195,1207448026
S,311,80,235,4.2999997,-14.000005,2.3999994,0.4,0.3,false,false,1,-12,83,295,240,206,397,187,2,0,54613195,1207448026
S,312,80,239,4.6,-11.600005,2.7999995,0.4,0.3,false,false,1,-14,81,295,238,206,395,187,2,0,54613195,1207448026
S,313,80,243,4.9,-8.800006,3.1999996,0.4,0.3,false,false,2,-16,79,295,236,206,393,187,2,0,54613195,1207448026
S,314,80,248,5.2000003,-5.600006,3.5999997,0.4,0.3,false,false,2,-18,77,295,234,206,391,187,2,0,54613195,1207448026
S,315,80,253,5.5000005,-2.0000064,3.9999998,0.4,0.3,false,false,2,-20,75,295,232,206,389,187,2,0,54613195,1207448026
I,316
S,316,80,248,-4.7,-12.000007,-9.6,0.4,0.3,false,false,2,-22,73,295,230,206,387,187,2,0,54613195,1207448026
S,317,80,243,-4.3999996,-20.0,-9.200001,0.4,0.3,false,false,2,0,71,295,228,206,385,187,2,0,54613195,1207448026
S,318,80,238,-4.0999994,-20.0,-8.800001,0.4,0.3,false,false,2,-2,69,295,226,206,383,187,2,0,54613195,1207448026
S,319,80,234,-3.7999995,-20.0,-8.400002,0.4,0.3,false,false,2,-4,67,295,224,206,381,187,2,0,54613195,1207448026
S,320,80,230,-3.4999995,-20.0,-8.000002,0.4,0.3,false,false,2,-6,65,295,222,206,379,187,2,0,54613195,1207448026
S,321,80,226,-3.1999996,-20.0,-7.600002,0.4,0.3,false,false,2,-8,63,295,220,206,377,187,2,0,54613195,1207448026
S,322,80,223,-2.8999996,-20.0,-7.2000017,0.4,0.3,false,false,2,-10,61,295,218,206,375,187,2,0,54613195,1207448026
S,323,80,220,-2.5999997,-20.0,-6.8000016,0.4,0.3,false,false,2,-12,59,295,216,206,373,187,2,0,54613195,1207448026
S,324,80,217,-2.2999997,-20.0,-6.4000015,0.4,0.3,false,false,2,-14,57,295,214,206,371,187,2,0,54613195,1207448026
S,325,80,215,-1.9999998,-20.0,-6.0000014,0.4,0.3,false,false,2,-16,55,295,212,206,369,187,2,0,54613195,1207448026
S,326,80,213,-1.6999998,-20.0,-5.6000013,0.4,0.3,false,false,2,-18,53,295,210,206,367,187,2,0,54613195,1207448026
S,327,80,211,-1.3999999,-20.0,-5.2000012,0.4,0.3,false,false,2,-20,51,295,208,206,365,187,2,0,54613195,1207448026
S,328,80,209,-1.0999999,-20.0,-4.800001,0.4,0.3,false,false,2,-22,49,295,206,206,363,187,2,0,54613195,1207448026
S,329,80,208,-0.7999999,-20.0,-4.400001,0.4,0.3,false,false,2,0,47,295,204,206,361,187,2,0,54613195,1207448026
S,330,80,207,-0.49999988,-20.0,-4.000001,0.4,0.3,false,false,2,-2,45,295,202,206,359,187,2,0,54613195,1207448026
S,331,80,206,-0.19999987,-20.0,-3.6000009,0.4,0.3,false,false,2,-4,43,295,200,206,357,187,2,0,54613195,1207448026
S,332,80,206,0.10000014,-20.0,-3.2000008,0.4,0.3,false,false,2,-6,41,295,198,206,355,187,2,0,54613195,1207448026
S,333,80,206,0.40000015,-20.0,-2.8000007,0.4,0.3,false,false,2,-8,39,295,196,206,353,187,2,0,54613195,1207448026
S,334,80,206,0.70000017,-20.0,-2.4000006,0.4,0.3,false,false,2,-10,37,295,194,206,351,187,2,0,54613195,1207448026
S,335,80,207,1.0000002,-20.0,-2.0000005,0.4,0.3,false,false,2,-12,35,295,192,206,349,187,2,0,54613195,1207448026
S,336,80,208,1.3000002,-20.0,-1.6000005,0.4,0.3,false,false,2,-14,33,295,190,206,347,187,2,0,54613195,1207448026
S,337,80,209,1.6000001,-20.0,-1.2000005,0.4,0.3,false,false,2,-16,31,295,188,206,345,187,2,0,54613195,1207448026
S,338,80,210,1.9000001,-20.0,-0.80000055,0.4,0.3,false,false,2,-18,29,295,186,206,343,187,2,0,54613195,1207448026
S,339,80,212,2.2,-20.0,-0.40000054,0.4,0.3,false,false,2,-20,27,295,184,206,341,187,2,0,54613195,1207448026
I,340
S,340,80,207,-4.7,-20.0,-9.6,0.4,0.3,false,false,2,-22,25,295,182,206,339,187,2,0,54613195,1207448026
S,341,80,202,-4.3999996,-20.0,-9.200001,0.4,0.3,false,false,2,0,23,295,180,206,337,187,2,0,54613195,1207448026
S,342,80,197,-4.0999994,-20.0,-8.800001,0.4,0.3,false,false,2,-2,21,295,178,206,335,187,2,0,54613195,1207448026
S,343,80,193,-3.7999995,-20.0,-8.400002,0.4,0.3,false,false,2,-4,19,295,176,206,333,187,2,0,54613195,1207448026
S,344,80,189,-3.4999995,-20.0,-8.000002,0.4,0.3,false,false,2,-6,17,295,174,206,331,187,2,0,54613195,1207448026
S,345,80,185,-3.1999996,-20.0,-7.600002,0.4,0.3,false,false,2,-8,15,295,172,206,329,187,2,0,54613195,1207448026
S,346,80,182,-2.8999996,-20.0,-7.2000017,0.4,0.3,false,false,2,-10,13,295,170,206,327,187,2,0,54613195,1207448026
S,347,80,179,-2.5999997,-20.0,-6.8000016,0.4,0.3,false,false,2,-12,11,295,168,206,325,187,2,0,54613195,1207448026
S,348,80,176,-2.2999997,-20.0,-6.4000015,0.4,0.3,false,false,2,-14,9,295,166,206,323,187,2,0,54613195,1207448026
S,349,80,174,-1.9999998,-20.0,-6.0000014,0.4,0.3,false,false,2,-16,7,295,164,206,321,187,2,0,54613195,1207448026
S,350,80,172,-1.6999998,-20.0,-5.6000013,0.4,0.3,false,false,2,-18,5,295,162,206,319,187,2,0,54613195,1207448026
S,351,80,170,-1.3999999,-20.0,-5.2000012,0.4,0.3,false,false,2,-20,3,295,160,206,317,187,2,0,54613195,1207448026
S,352,80,168,-1.0999999,-20.0,-4.800001,0.4,0.3,false,false,2,-22,1,295,158,206,315,187,2,0,54613195,1207448026
S,353,80,167,-0.7999999,-20.0,-4.400001,0.4,0.3,false,false,2,0,-1,295,156,206,313,187,2,0,54613195,1207448026
S,354,80,166,-0.49999988,-20.0,-4.000001,0.4,0.3,false,false,2,-2,-3,295,154,206,311,187,2,0,54613195,1207448026
S,355,80,165,-0.19999987,-20.0,-3.6000009,0.4,0.3,false,false,2,-4,-5,295,152,206,309,187,2,0,54613195,1207448026
S,356,80,165,0.10000014,-20.0,-3.2000008,0.4,0.3,false,false,2,-6,-7,295,150,206,307,187,2,0,54613195,1207448026
S,357,80,165,0.40000015,-20.0,-2.8000007,0.4,0.3,false,false,2,-8,-9,295,148,206,305,187,2,0,54613195,1207448026
S,358,80,165,0.70000017,-20.0,-2.4000006,0.4,0.3,false,false,2,-10,-11,295,146,206,303,187,2,0,54613195,1207448026
S,359,80,166,1.0000002,-20.0,-2.0000005,0.4,0.3,false,false,2,-12,-13,295,144,206,301,187,2,0,54613195,1207448026
S,360,80,167,1.3000002,-20.0,-1.6000005,0.4,0.3,false,false,2,-14,-15,295,142,206,299,187,2,0,54613195,1207448026
S,361,80,168,1.6000001,-20.0,-1.2000005,0.4,0.3,false,false,2,-16,-17,295,140,206,297,187,2,0,54613195,1207448026
S,362,80,169,1.9000001,-20.0,-0.80000055,0.4,0.3,false,false,2,-18,-19,295,138,206,295,187,2,0,54613195,1207448026
S,363,80,171,2.2,-20.0,-0.40000054,0.4,0.3,false,false,2,-20,-21,295,136,206,293,187,2,0,54613195,1207448026
I,364
S,364,80,166,-4.7,-20.0,-9.6,0.4,0.3,false,false,2,-22,-23,295,134,206,291,187,2,0,54613195,1207448026
S,365,80,161,-4.3999996,-20.0,-9.200001,0.4,0.3,false,false,2,0,-25,295,132,206,289,187,2,0,54613195,1207448026
S,366,80,156,-4.0999994,-20.0,-8.800001,0.4,0.3,false,false,2,-2,-27,295,130,206,287,187,2,0,54613195,1207448026
S,367,80,152,-3.7999995,-20.0,-8.400002,0.4,0.3,false,false,2,-4,-29,295,128,206,285,187,2,0,54613195,1207448026
S,368,80,148,-3.4999995,-20.0,-8.000002,0.4,0.3,false,false,2,-6,-31,295,126,206,283,187,2,0,54613195,1207448026
S,369,80,144,-3.1999996,-20.0,-7.600002,0.4,0.3,false,false,2,-8,-33,295,124,206,281,187,2,0,54613195,1207448026
S,370,80,141,-2.8999996,-20.0,-7.2000017,0.4,0.3,false,false,2,-10,-35,295,122,206,279,187,2,0,54613195,1207448026
S,371,80,138,-2.5999997,-20.0,-6.8000016,0.4,0.3,false,false,2,-12,-37,295,120,206,277,187,2,0,54613195,1207448026
S,372,80,135,-2.2999997,-20.0,-6.4000015,0.4,0.3,false,false,2,-14,-39,295,118,206,275,187,2,0,54613195,1207448026
S,373,80,133,-1.9999998,-20.0,-6.0000014,0.4,0.3,false,false,2,-16,-41,295,116,206,273,187,2,0,54613195,1207448026
S,374,80,131,-1.6999998,-20.0,-5.6000013,0.4,0.3,false,false,2,-18,-43,295,114,206,271,187,2,0,54613195,1207448026
S,375,80,129,-1.3999999,-20.0,-5.2000012,0.4,0.3,false,false,2,-20,-45,295,112,206,269,187,2,0,54613195,1207448026
S,376,80,127,-1.0999999,-20.0,-4.800001,0.4,0.3,false,false,2,-22,-47,295,110,206,267,187,2,0,54613195,1207448026
S,377,80,126,-0.7999999,-20.0,-4.400001,0.4,0.3,false,false,2,0,-49,295,108,206,265,187,2,0,54613195,1207448026
S,378,80,125,-0.49999988,-20.0,-4.000001,0.4,0.3,false,false,2,-2,-51,295,106,206,263,187,2,0,54613195,1207448026
S,379,80,124,-0.19999987,-20.0,-3.6000009,0.4,0.3,false,false,2,-4,104,206,261,187,418,241,2,0,390726833,471816802
S,380,80,124,0.10000014,-20.0,-3.2000008,0.4,0.3,false,false,2,-6,102,206,259,187,416,241,2,0,390726833,471816802
S,381,80,124,0.40000015,-20.0,-2.8000007,0.4,0.3,false,false,2,-8,100,206,257,187,414,241,2,0,390726833,471816802
S,382,80,124,0.70000017,-20.0,-2.4000006,0.4,0.3,false,false,2,-10,98,206,255,187,412,241,2,0,390726833,471816802
S,383,80,125,1.0000002,-20.0,-2.0000005,0.4,0.3,false,false,2,-12,96,206,253,187,410,241,2,0,390726833,471816802
S,384,80,126,1.3000002,-20.0,-1.6000005,0.4,0.3,false,false,2,-14,94,206,251,187,408,241,2,0,390726833,471816802
S,385,80,127,1.6000001,-20.0,-1.2000005,0.4,0.3,false,false,2,-16,92,206,249,187,406,241,2,0,390726833,471816802
S,386,80,128,1.9000001,-20.0,-0.80000055,0.4,0.3,false,false,2,-18,90,206,247,187,404,241,2,0,390726833,471816802
S,387,80,130,2.2,-20.0,-0.40000054,0.4,0.3,false,false,2,-20,88,206,245,187,402,241,2,0,390726833,471816802
S,388,80,132,2.5,-20.0,-5.364418E-7,0.4,0.3,false,false,2,-22,86,206,243,187,400,241,2,0,390726833,471816802
S,389,80,134,2.8,-20.0,0.39999947,0.4,0.3,false,false,2,0,84,206,241,187,398,241,2,0,390726833,471816802
S,390,80,137,3.1,-19.6,0.7999995,0.4,0.3,false,false,2,-2,82,206,239,187,396,241,2,0,390726833,471816802
S,391,80,140,3.3999999,-18.800001,1.1999995,0.4,0.3,false,false,3,-4,80,206,237,187,394,241,2,0,390726833,471816802
S,392,80,143,3.6999998,-17.600002,1.5999994,0.4,0.3,false,false,3,-6,78,206,235,187,392,241,2,0,390726833,471816802
S,393,80,147,3.9999998,-16.000004,1.9999994,0.4,0.3,false,false,3,-8,76,206,233,187,390,241,2,0,390726833,471816802
S,394,80,151,4.2999997,-14.000005,2.3999994,0.4,0.3,false,false,3,-10,74,206,231,187,388,241,2,0,390726833,471816802
S,395,80,155,4.6,-11.600005,2.7999995,0.4,0.3,false,false,3,-12,72,206,229,187,386,241,2,0,390726833,471816802
S,396,80,159,4.9,-8.800006,3.1999996,0.4,0.3,false,false,3,-14,70,206,227,187,384,241,2,0,390726833,471816802
S,397,80,164,5.2000003,-5.600006,3.5999997,0.4,0.3,false,false,3,-16,68,206,225,187,382,241,2,0,390726833,471816802
I,398
S,398,80,159,-4.7,-15.600006,-9.6,0.4,0.3,false,false,3,-18,66,206,223,187,380,241,2,0,390726833,471816802
S,399,80,154,-4.3999996,-20.0,-9.200001,0.4,0.3,false,false,3,-20,64,206,221,187,378,241,2,0,390726833,471816802
S,400,80,149,-4.0999994,-20.0,-8.800001,0.4,0.3,false,false,3,-22,62,206,219,187,376,241,2,0,390726833,471816802
S,401,80,145,-3.7999995,-20.0,-8.400002,0.4,0.3,false,false,3,0,60,206,217,187,374,241,2,0,390726833,471816802
S,402,80,141,-3.4999995,-20.0,-8.000002,0.4,0.3,false,false,3,-2,58,206,215,187,372,241,2,0,390726833,471816802
S,403,80,137,-3.1999996,-20.0,-7.600002,0.4,0.3,false,false,3,-4,56,206,213,187,370,241,2,0,390726833,471816802
S,404,80,134,-2.8999996,-20.0,-7.2000017,0.4,0.3,false,false,3,-6,54,206,211,187,368,241,2,0,390726833,471816802
S,405,80,131,-2.5999997,-20.0,-6.8000016,0.4,0.3,false,false,3,-8,52,206,209,187,366,241,2,0,390726833,471816802
S,406,80,128,-2.2999997,-20.0,-6.4000015,0.4,0.3,false,false,3,-10,50,206,207,187,364,241,2,0,390726833,471816802
S,407,80,126,-1.9999998,-20.0,-6.0000014,0.4,0.3,false,false,3,-12,48,206,205,187,362,241,2,0,390726833,471816802
S,408,80,124,-1.6999998,-20.0,-5.6000013,0.4,0.3,false,false,3,-14,46,206,203,187,360,241,2,0,390726833,471816802
S,409,80,122,-1.3999999,-20.0,-5.2000012,0.4,0.3,false,false,3,-16,44,206,201,187,358,241,2,0,390726833,471816802
S,410,80,120,-1.0999999,-20.0,-4.800001,0.4,0.3,false,false,3,-18,42,206,199,187,356,241,2,0,390726833,471816802
S,411,80,119,-0.7999999,-20.0,-4.400001,0.4,0.3,false,false,3,-20,40,206,197,187,354,241,2,0,390726833,471816802
S,412,80,118,-0.49999988,-20.0,-4.000001,0.4,0.3,false,false,3,-22,38,206,195,187,352,241,2,0,390726833,471816802
S,413,80,117,-0.19999987,-20.0,-3.6000009,0.4,0.3,false,false,3,0,36,206,193,187,350,241,2,0,390726833,471816802
S,414,80,117,0.10000014,-20.0,-3.2000008,0.4,0.3,false,false,3,-2,34,206,191,187,348,241,2,0,390726833,471816802
S,415,80,117,0.40000015,-20.0,-2.8000007,0.4,0.3,false,false,3,-4,32,206,189,187,346,241,2,0,390726833,471816802
S,416,80,117,0.70000017,-20.0,-2.4000006,0.4,0.3,false,false,3,-6,30,206,187,187,344,241,2,0,390726833,471816802
S,417,80,118,1.0000002,-20.0,-2.0000005,0.4,0.3,false,false,3,-8,28,206,185,187,342,241,2,0,390726833,471816802
S,418,80,119,1.3000002,-20.0,-1.6000005,0.4,0.3,false,false,3,-10,26,206,183,187,340,241,2,0,390726833,471816802
S,419,80,120,1.6000001,-20.0,-1.2000005,0.4,0.3,false,false,3,-12,24,206,181,187,338,241,2,0,390726833,471816802
S,420,80,121,1.9000001,-20.0,-0.80000055,0.4,0.3,false,false,3,-14,22,206,179,187,336,241,2,0,390726833,471816802
S,421,80,123,2.2,-20.0,-0.40000054,0.4,0.3,false,false,3,-16,20,206,177,187,334,241,2,0,390726833,471816802
S,422,80,125,2.5,-20.0,-5.364418E-7,0.4,0.3,false,false,3,-18,18,206,175,187,332,241,2,0,390726833,471816802
S,423,80,127,2.8,-20.0,0.39999947,0.4,0.3,false,false,3,-20,16,206,173,187,330,241,2,0,390726833,471816802
S,424,80,130,3.1,-19.6,0.7999995,0.4,0.3,false,false,3,-22,14,206,171,187,328,241,2,0,390726833,471816802
S,425,80,133,3.3999999,-18.800001,1.1999995,0.4,0.3,false,false,3,0,12,206,169,187,326,241,2,0,390726833,471816802
S,426,80,136,3.6999998,-17.600002,1.5999994,0.4,0.3,false,false,3,-2,10,206,167,187,324,241,2,0,390726833,471816802
S,427,80,140,3.9999998,-16.000004,1.9999994,0.4,0.3,false,false,3,-4,8,206,165,187,322,241,2,0,390726833,471816802
S,428,80,144,4.2999997,-14.000005,2.3999994,0.4,0.3,false,false,3,-6,6,206,163,187,320,241,2,0,390726833,471816802
I,429
S,429,80,139,-4.7,-20.0,-9.6,0.4,0.3,false,false,3,-8,4,206,161,187,318,241,2,0,390726833,471816802
S,430,80,134,-4.3999996,-20.0,-9.200001,0.4,0.3,false,false,3,-10,2,206,159,187,316,241,2,0,390726833,471816802
S,431,80,129,-4.0999994,-20.0,-8.800001,0.4,0.3,false,false,3,-12,0,206,157,187,314,241,2,0,390726833,471816802
S,432,80,125,-3.7999995,-20.0,-8.400002,0.4,0.3,false,false,3,-14,-2,206,155,187,312,241,2,0,390726833,471816802
S,433,80,121,-3.4999995,-20.0,-8.000002,0.4,0.3,false,false,3,-16,-4,206,153,187,310,241,2,0,390726833,471816802
S,434,80,117,-3.1999996,-20.0,-7.600002,0.4,0.3,false,false,3,-18,-6,206,151,187,308,241,2,0,390726833,471816802
S,435,80,114,-2.8999996,-20.0,-7.2000017,0.4,0.3,false,false,3,-20,-8,206,149,187,306,241,2,0,390726833,471816802
S,436,80,111,-2.5999997,-20.0,-6.8000016,0.4,0.3,false,false,3,-22,-10,206,147,187,304,241,2,0,390726833,471816802
S,437,80,108,-2.2999997,-20.0,-6.4000015,0.4,0.3,false,false,3,0,-12,206,145,187,302,241,2,0,390726833,471816802
S,438,80,106,-1.9999998,-20.0,-6.0000014,0.4,0.3,false,false,3,-2,-14,206,143,187,300,241,2,0,390726833,471816802
S,439,80,104,-1.6999998,-20.0,-5.6000013,0.4,0.3,false,false,3,-4,-16,206,141,187,298,241,2,0,390726833,471816802
S,440,80,102,-1.3999999,-20.0,-5.2000012,0.4,0.3,false,false,3,-6,-18,206,139,187,296,241,2,0,390726833,471816802
S,441,80,100,-1.0999999,-20.0,-4.800001,0.4,0.3,false,false,3,-8,-20,206,137,187,294,241,2,0,390726833,471816802
S,442,80,99,-0.7999999,-20.0,-4.400001,0.4,0.3,false,false,3,-10,-22,206,135,187,292,241,2,0,390726833,471816802
S,443,80,98,-0.49999988,-20.0,-4.000001,0.4,0.3,false,false,3,-12,-24,206,133,187,290,241,2,0,390726833,471816802
S,444,80,97,-0.19999987,-20.0,-3.6000009,0.4,0.3,false,false,3,-14,-26,206,131,187,288,241,2,0,390726833,471816802
S,445,80,97,0.10000014,-20.0,-3.2000008,0.4,0.3,false,false,3,-16,-28,206,129,187,286,241,2,0,390726833,471816802
S,446,80,97,0.40000015,-20.0,-2.8000007,0.4,0.3,false,false,3,-18,-30,206,127,187,284,241,2,0,390726833,471816802
S,447,80,97,0.70000017,-20.0,-2.4000006,0.4,0.3,false,false,3,-20,-32,206,125,187,282,241,2,0,390726833,471816802
S,448,80,98,1.0000002,-20.0,-2.0000005,0.4,0.3,false,false,3,-22,-34,206,123,187,280,241,2,0,390726833,471816802
S,449,80,99,1.3000002,-20.0,-1.6000005,0.4,0.3,false,false,3,0,-36,206,121,187,278,241,2,0,390726833,471816802
S,450,80,100,1.6000001,-20.0,-1.2000005,0.4,0.3,false,false,3,-2,-38,206,119,187,276,241,2,0,390726833,471816802
S,451,80,101,1.9000001,-20.0,-0.80000055,0.4,0.3,false,false,3,-4,-40,206,117,187,274,241,2,0,390726833,471816802
S,452,80,103,2.2,-20.0,-0.40000054,0.4,0.3,false,false,3,-6,-42,206,115,187,272,241,2,0,390726833,471816802
S,453,80,105,2.5,-20.0,-5.364418E-7,0.4,0.3,false,false,3,-8,-44,206,113,187,270,241,2,0,390726833,471816802
S,454,80,107,2.8,-20.0,0.39999947,0.4,0.3,false,false,3,-10,-46,206,111,187,268,241,2,0,390726833,471816802
S,455,80,110,3.1,-19.6,0.7999995,0.4,0.3,false,false,3,-12,-48,206,109,187,266,241,2,0,390726833,471816802
S,456,80,113,3.3999999,-18.800001,1.1999995,0.4,0.3,false,false,3,-14,-50,206,107,187,264,241,2,0,390726833,471816802
S,457,80,116,3.6999998,-17.600002,1.5999994,0.4,0.3,false,false,3,-16,-52,206,105,187,262,241,2,0,390726833,471816802
S,458,80,120,3.9999998,-16.000004,1.9999994,0.4,0.3,false,false,3,-18,103,187,260,241,417,226,2,0,21623962,855395921
S,459,80,124,4.2999997,-14.000005,2.3999994,0.4,0.3,false,false,3,-20,101,187,258,241,415,226,2,0,21623962,855395921
S,460,80,128,4.6,-11.600005,2.7999995,0.4,0.3,false,false,3,-22,99,187,256,241,413,226,2,0,21623962,855395921
S,461,80,132,4.9,-8.800006,3.1999996,0.4,0.3,false,false,3,0,97,187,254,241,411,226,2,0,21623962,855395921
S,462,80,137,5.2000003,-5.600006,3.5999997,0.4,0.3,false,false,3,-2,95,187,252,241,409,226,2,0,21623962,855395921
S,463,80,142,5.5000005,-2.0000064,3.9999998,0.4,0.3,false,false,3,-4,93,187,250,241,407,226,2,0,21623962,855395921
S,464,80,147,5.8000007,1.9999933,4.3999996,0.4,0.3,false,false,3,-6,91,187,248,241,405,226,2,0,21623962,855395921
I,465
S,465,80,142,-4.7,-8.000007,-9.6,0.4,0.3,false,false,3,-8,89,187,246,241,403,226,2,0,21623962,855395921
S,466,80,137,-4.3999996,-17.600006,-9.200001,0.4,0.3,false,false,3,-10,87,187,244,241,401,226,2,0,21623962,855395921
S,467,80,132,-4.0999994,-20.0,-8.800001,0.4,0.3,false,false,3,-12,85,187,242,241,399,226,2,0,21623962,855395921
S,468,80,128,-3.7999995,-20.0,-8.400002,0.4,0.3,false,false,3,-14,83,187,240,241,397,226,2,0,21623962,855395921
S,469,80,124,-3.4999995,-20.0,-8.000002,0.4,0.3,false,false,3,-16,81,187,238,241,395,226,2,0,21623962,855395921
S,470,80,120,-3.1999996,-20.0,-7.600002,0.4,0.3,false,false,4,-18,79,187,236,241,393,226,2,0,21623962,855395921
S,471,80,117,-2.8999996,-20.0,-7.2000017,0.4,0.3,false,false,4,-20,77,187,234,241,391,226,2,0,21623962,855395921
S,472,80,114,-2.5999997,-20.0,-6.8000016,0.4,0.3,false,false,4,-22,75,187,232,241,389,226,2,0,21623962,855395921
S,473,80,111,-2.2999997,-20.0,-6.4000015,0.4,0.3,false,false,4,0,73,187,230,241,387,226,2,0,21623962,855395921
S,474,80,109,-1.9999998,-20.0,-6.0000014,0.4,0.3,false,false,4,-2,71,187,228,241,385,226,2,0,21623962,855395921
S,475,80,107,-1.6999998,-20.0,-5.6000013,0.4,0.3,false,false,4,-4,69,187,226,241,383,226,2,0,21623962,855395921
S,476,80,105,-1.3999999,-20.0,-5.2000012,0.4,0.3,false,false,4,-6,67,187,224,241,381,226,2,0,21623962,855395921
S,477,80,103,-1.0999999,-20.0,-4.800001,0.4,0.3,false,false,4,-8,65,187,222,241,379,226,2,0,21623962,855395921
S,478,80,102,-0.7999999,-20.0,-4.400001,0.4,0.3,false,false,4,-10,63,187,220,241,377,226,2,0,21623962,855395921
S,479,80,101,-0.49999988,-20.0,-4.000001,0.4,0.3,false,false,4,-12,61,187,218,241,375,226,2,0,21623962,855395921
S,480,80,100,-0.19999987,-20.0,-3.6000009,0.4,0.3,false,false,4,-14,59,187,216,241,373,226,2,0,21623962,855395921
S,481,80,100,0.10000014,-20.0,-3.2000008,0.4,0.3,false,false,4,-16,57,187,214,241,371,226,2,0,21623962,855395921
S,482,80,100,0.40000015,-20.0,-2.8000007,0.4,0.3,false,false,4,-18,55,187,212,241,369,226,2,0,21623962,855395921
S,483,80,100,0.70000017,-20.0,-2.4000006,0.4,0.3,false,false,4,-20,53,187,210,241,367,226,2,0,21623962,855395921
S,484,80,101,1.0000002,-20.0,-2.0000005,0.4,0.3,false,false,4,-22,51,187,208,241,365,226,2,0,21623962,855395921
S,485,80,102,1.3000002,-20.0,-1.6000005,0.4,0.3,false,false,4,0,49,187,206,241,363,226,2,0,21623962,855395921
S,486,80,103,1.6000001,-20.0,-1.2000005,0.4,0.3,false,false,4,-2,47,187,204,241,361,226,2,0,21623962,855395921
S,487,80,104,1.9000001,-20.0,-0.80000055,0.4,0.3,false,false,4,-4,45,187,202,241,359,226,2,0,21623962,855395921
S,488,80,106,2.2,-20.0,-0.40000054,0.4,0.3,false,false,4,-6,43,187,200,241,357,226,2,0,21623962,855395921
S,489,80,108,2.5,-20.0,-5.364418E-7,0.4,0.3,false,false,4,-8,41,187,198,241,355,226,2,0,21623962,855395921
S,490,80,110,2.8,-20.0,0.39999947,0.4,0.3,false,false,4,-10,39,187,196,241,353,226,2,0,21623962,855395921
S,491,80,113,3.1,-19.6,0.7999995,0.4,0.3,false,false,4,-12,37,187,194,241,351,226,2,0,21623962,855395921
S,492,80,116,3.3999999,-18.800001,1.1999995,0.4,0.3,false,false,4,-14,35,187,192,241,349,226,2,0,21623962,855395921
S,493,80,119,3.6999998,-17.600002,1.5999994,0.4,0.3,false,false,4,-16,33,187,190,241,347,226,2,0,21623962,855395921
S,494,80,123,3.9999998,-16.000004,1.9999994,0.4,0.3,false,false,4,-18,31,187,188,241,345,226,2,0,21623962,855395921
S,495,80,127,4.2999997,-14.000005,2.3999994,0.4,0.3,false,false,4,-20,29,187,186,241,343,226,2,0,21623962,855395921
S,496,80,131,4.6,-11.600005,2.7999995,0.4,0.3,false,false,4,-22,27,187,184,241,341,226,2,0,21623962,855395921
S,497,80,135,4.9,-8.800006,3.1999996,0.4,0.3,false,false,4,0,25,187,182,241,339,226,2,0,21623962,855395921
S,498,80,140,5.2000003,-5.600006,3.5999997,0.4,0.3,false,false,4,-2,23,187,180,241,337,226,2,0,21623962,855395921
S,499,80,145,5.5000005,-2.0000064,3.9999998,0.4,0.3,false,false,4,-4,21,187,178,241,335,226,2,0,21623962,855395921
S,500,80,150,5.8000007,1.9999933,4.3999996,0.4,0.3,false,false,4,-6,19,187,176,241,333,226,2,0,21623962,855395921
S,501,80,156,6.100001,6.399993,4.7999997,0.4,0.3,false,false,4,-8,17,187,174,241,331,226,2,0,21623962,855395921
S,502,80,162,6.400001,11.199993,5.2,0.4,0.3,false,false,4,-10,15,187,172,241,329,226,2,0,21623962,855395921
S,503,80,168,6.7000012,16.399994,5.6,0.4,0.3,false,false,4,-12,13,187,170,241,327,226,2,0,21623962,855395921
S,504,80,175,7.0000014,21.999994,6.0,0.4,0.3,false,false,4,-14,11,187,168,241,325,226,2,0,21623962,855395921
S,505,80,182,7.3000016,27.999994,6.4,0.4,0.3,false,false,4,-16,9,187,166,241,323,226,2,0,21623962,855395921
S,506,80,189,7.600002,34.399994,6.8,0.4,0.3,false,false,4,-18,7,187,164,241,321,226,2,0,21623962,855395921
S,507,80,196,7.900002,41.199993,7.2000003,0.4,0.3,false,false,4,-20,5,187,162,241,319,226,2,0,21623962,855395921
S,508,80,204,8.0,48.399994,7.6000004,0.4,0.3,false,false,4,-22,3,187,160,241,317,226,2,0,21623962,855395921
I,509
S,509,80,199,-4.7,38.399994,-9.6,0.4,0.3,false,false,4,0,1,187,158,241,315,226,2,0,21623962,855395921
S,510,80,194,-4.3999996,28.799994,-9.200001,0.4,0.3,false,false,4,-2,-1,187,156,241,313,226,2,0,21623962,855395921
S,511,80,189,-4.0999994,19.599993,-8.800001,0.4,0.3,false,false,4,-4,-3,187,154,241,311,226,2,0,21623962,855395921
S,512,80,185,-3.7999995,10.799992,-8.400002,0.4,0.3,false,false,4,-6,-5,187,152,241,309,226,2,0,21623962,855395921
S,513,80,181,-3.4999995,2.39999,-8.000002,0.4,0.3,false,false,4,-8,-7,187,150,241,307,226,2,0,21623962,855395921
S,514,80,177,-3.1999996,-5.600012,-7.600002,0.4,0.3,false,false,4,-10,-9,187,148,241,305,226,2,0,21623962,855395921
S,515,80,174,-2.8999996,-13.200014,-7.2000017,0.4,0.3,false,false,4,-12,-11,187,146,241,303,226,2,0,21623962,855395921
S,516,80,171,-2.5999997,-20.0,-6.8000016,0.4,0.3,false,false,4,-14,-13,187,144,241,301,226,2,0,21623962,855395921
S,517,80,168,-2.2999997,-20.0,-6.4000015,0.4,0.3,false,false,4,-16,-15,187,142,241,299,226,2,0,21623962,855395921
S,518,80,166,-1.9999998,-20.0,-6.0000014,0.4,0.3,false,false,4,-18,-17,187,140,241,297,226,2,0,21623962,855395921
S,519,80,164,-1.6999998,-20.0,-5.6000013,0.4,0.3,false,false,4,-20,-19,187,138,241,295,226,2,0,21623962,855395921
S,520,80,162,-1.3999999,-20.0,-5.2000012,0.4,0.3,false,false,4,-22,-21,187,136,241,293,226,2,0,21623962,855395921
S,521,80,160,-1.0999999,-20.0,-4.800001,0.4,0.3,false,false,4,0,-23,187,134,241,291,226,2,0,21623962,855395921
S,522,80,159,-0.7999999,-20.0,-4.400001,0.4,0.3,false,false,4,-2,-25,187,132,241,289,226,2,0,21623962,855395921
S,523,80,158,-0.49999988,-20.0,-4.000001,0.4,0.3,false,false,4,-4,-27,187,130,241,287,226,2,0,21623962,855395921
S,524,80,157,-0.19999987,-20.0,-3.6000009,0.4,0.3,false,false,4,-6,-29,187,128,241,285,226,2,0,21623962,855395921
S,525,80,157,0.10000014,-20.0,-3.2000008,0.4,0.3,false,false,4,-8,-31,187,126,241,283,226,2,0,21623962,855395921
S,526,80,157,0.40000015,-20.0,-2.8000007,0.4,0.3,false,false,4,-10,-33,187,124,241,281,226,2,0,21623962,855395921
S,527,80,157,0.70000017,-20.0,-2.4000006,0.4,0.3,false,false,4,-12,-35,187,122,241,279,226,2,0,21623962,855395921
S,528,80,158,1.0000002,-20.0,-2.0000005,0.4,0.3,false,false,4,-14,-37,187,120,241,277,226,2,0,21623962,855395921
S,529,80,159,1.3000002,-20.0,-1.6000005,0.4,0.3,false,false,4,-16,-39,187,118,241,275,226,2,0,21623962,855395921
S,530,80,160,1.6000001,-20.0,-1.2000005,0.4,0.3,false,false,4,-18,-41,187,116,241,273,226,2,0,21623962,855395921
S,531,80,161,1.9000001,-20.0,-0.80000055,0.4,0.3,false,false,4,-20,-43,187,114,241,271,226,2,0,21623962,855395921
S,532,80,163,2.2,-20.0,-0.40000054,0.4,0.3,false,false,4,-22,-45,187,112,241,269,226,2,0,21623962,855395921
S,533,80,165,2.5,-20.0,-5.364418E-7,0.4,0.3,false,false,4,0,-47,187,110,241,267,226,2,0,21623962,855395921
S,534,80,167,2.8,-20.0,0.39999947,0.4,0.3,false,false,4,-2,-49,187,108,241,265,226,2,0,21623962,855395921
S,535,80,170,3.1,-19.6,0.7999995,0.4,0.3,false,false,4,-4,-51,187,106,241,263,226,2,0,21623962,855395921
S,536,80,173,3.3999999,-18.800001,1.1999995,0.4,0.3,false,false,4,-6,104,241,261,226,418,337,2,0,1127124329,741204533
S,537,80,176,3.6999998,-17.600002,1.5999994,0.4,0.3,false,false,4,-8,102,241,259,226,416,337,2,0,1127124329,741204533
S,538,80,180,3.9999998,-16.000004,1.9999994,0.4,0.3,false,false,4,-10,100,241,257,226,414,337,2,0,1127124329,741204533
S,539,80,184,4.2999997,-14.000005,2.3999994,0.4,0.3,false,false,4,-12,98,241,255,226,412,337,2,0,1127124329,741204533
S,540,80,188,4.6,-11.600005,2.7999995,0.4,0.3,false,false,4,-14,96,241,253,226,410,337,2,0,1127124329,741204533
S,541,80,192,4.9,-8.800006,3.1999996,0.4,0.3,false,false,4,-16,94,241,251,226,408,337,2,0,1127124329,741204533
S,542,80,197,5.2000003,-5.600006,3.5999997,0.4,0.3,false,false,4,-18,92,241,249,226,406,337,2,0,1127124329,741204533
S,543,80,202,5.5000005,-2.0000064,3.9999998,0.4,0.3,false,false,4,-20,90,241,247,226,404,337,2,0,1127124329,741204533
I,544
S,544,80,197,-4.7,-12.000007,-9.6,0.4,0.3,false,false,4,-22,88,241,245,226,402,337,2,0,1127124329,741204533
S,545,80,192,-4.3999996,-20.0,-9.200001,0.4,0.3,false,false,4,0,86,241,243,226,400,337,2,0,1127124329,741204533
S,546,80,187,-4.0999994,-20.0,-8.800001,0.4,0.3,false,false,4,-2,84,241,241,226,398,337,2,0,1127124329,741204533
S,547,80,183,-3.7999995,-20.0,-8.400002,0.4,0.3,false,false,4,-4,82,241,239,226,396,337,2,0,1127124329,741204533
S,548,80,179,-3.4999995,-20.0,-8.000002,0.4,0.3,false,false,5,-6,80,241,237,226,394,337,2,0,1127124329,741204533
S,549,80,175,-3.1999996,-20.0,-7.600002,0.4,0.3,false,false,5,-8,78,241,235,226,392,337,2,0,1127124329,741204533
S,550,80,172,-2.8999996,-20.0,-7.2000017,0.4,0.3,false,false,5,-10,76,241,233,226,390,337,2,0,1127124329,741204533
S,551,80,169,-2.5999997,-20.0,-6.8000016,0.4,0.3,false,false,5,-12,74,241,231,226,388,337,2,0,1127124329,741204533
S,552,80,166,-2.2999997,-20.0,-6.4000015,0.4,0.3,false,false,5,-14,72,241,229,226,386,337,2,0,1127124329,741204533
S,553,80,164,-1.9999998,-20.0,-6.0000014,0.4,0.3,false,false,5,-16,70,241,227,226,384,337,2,0,1127124329,741204533
S,554,80,162,-1.6999998,-20.0,-5.6000013,0.4,0.3,false,false,5,-18,68,241,225,226,382,337,2,0,1127124329,741204533
S,555,80,160,-1.3999999,-20.0,-5.2000012,0.4,0.3,false,false,5,-20,66,241,223,226,380,337,2,0,1127124329,741204533
S,556,80,158,-1.0999999,-20.0,-4.800001,0.4,0.3,false,false,5,-22,64,241,221,226,378,337,2,0,1127124329,741204533
S,557,80,157,-0.7999999,-20.0,-4.400001,0.4,0.3,false,false,5,0,62,241,219,226,376,337,2,0,1127124329,741204533
S,558,80,156,-0.49999988,-20.0,-4.000001,0.4,0.3,false,false,5,-2,60,241,217,226,374,337,2,0,1127124329,741204533
S,559,80,155,-0.19999987,-20.0,-3.6000009,0.4,0.3,false,false,5,-4,58,241,215,226,372,337,2,0,1127124329,741204533
S,560,80,155,0.10000014,-20.0,-3.2000008,0.4,0.3,false,false,5,-6,56,241,213,226,370,337,2,0,1127124329,741204533
S,561,80,155,0.40000015,-20.0,-2.8000007,0.4,0.3,false,false,5,-8,54,241,211,226,368,337,2,0,1127124329,741204533
S,562,80,155,0.70000017,-20.0,-2.4000006,0.4,0.3,false,false,5,-10,52,241,209,226,366,337,2,0,1127124329,741204533
S,563,80,156,1.0000002,-20.0,-2.0000005,0.4,0.3,false,false,5,-12,50,241,207,226,364,337,2,0,1127124329,741204533
S,564,80,157,1.3000002,-20.0,-1.6000005,0.4,0.3,false,false,5,-14,48,241,205,226,362,337,2,0,1127124329,741204533
S,565,80,158,1.6000001,-20.0,-1.2000005,0.4,0.3,false,false,5,-16,46,241,203,226,360,337,2,0,1127124329,741204533
S,566,80,159,1.9000001,-20.0,-0.80000055,0.4,0.3,false,false,5,-18,44,241,201,226,358,337,2,0,1127124329,741204533
S,567,80,161,2.2,-20.0,-0.40000054,0.4,0.3,false,false,5,-20,42,241,199,226,356,337,2,0,1127124329,741204533
S,568,80,163,2.5,-20.0,-5.364418E-7,0.4,0.3,false,false,5,-22,40,241,197,226,354,337,2,0,1127124329,741204533
S,569,80,165,2.8,-20.0,0.39999947,0.4,0.3,false,false,5,0,38,241,195,226,352,337,2,0,1127124329,741204533
S,570,80,168,3.1,-19.6,0.7999995,0.4,0.3,false,false,5,-2,36,241,193,226,350,337,2,0,1127124329,741204533
S,571,80,171,3.3999999,-18.800001,1.1999995,0.4,0.3,false,false,5,-4,34,241,191,226,348,337,2,0,1127124329,741204533
S,572,80,174,3.6999998,-17.600002,1.5999994,0.4,0.3,false,false,5,-6,32,241,189,226,346,337,2,0,1127124329,741204533
S,573,80,178,3.9999998,-16.000004,1.9999994,0.4,0.3,false,false,5,-8,30,241,187,226,344,337,2,0,1127124329,741204533
S,574,80,182,4.2999997,-14.000005,2.3999994,0.4,0.3,false,false,5,-10,28,241,185,226,342,337,2,0,1127124329,741204533
S,575,80,186,4.6,-11.600005,2.7999995,0.4,0.3,false,false,5,-12,26,241,183,226,340,337,2,0,1127124329,741204533
I,576
S,576,80,181,-4.7,-20.0,-9.6,0.4,0.3,false,false,5,-14,24,241,181,226,338,337,2,0,1127124329,741204533
S,577,80,176,-4.3999996,-20.0,-9.200001,0.4,0.3,false,false,5,-16,22,241,179,226,336,337,2,0,1127124329,741204533
S,578,80,171,-4.0999994,-20.0,-8.800001,0.4,0.3,false,false,5,-18,20,241,177,226,334,337,2,0,1127124329,741204533
S,579,80,167,-3.7999995,-20.0,-8.400002,0.4,0.3,false,false,5,-20,18,241,175,226,332,337,2,0,1127124329,741204533
S,580,80,163,-3.4999995,-20.0,-8.000002,0.4,0.3,false,false,5,-22,16,241,173,226,330,337,2,0,1127124329,741204533
S,581,80,159,-3.1999996,-20.0,-7.600002,0.4,0.3,false,false,5,0,14,241,171,226,328,337,2,0,1127124329,741204533
S,582,80,156,-2.8999996,-20.0,-7.2000017,0.4,0.3,false,false,5,-2,12,241,169,226,326,337,2,0,1127124329,741204533
S,583,80,153,-2.5999997,-20.0,-6.8000016,0.4,0.3,false,false,5,-4,10,241,167,226,324,337,2,0,1127124329,741204533
S,584,80,150,-2.2999997,-20.0,-6.4000015,0.4,0.3,false,false,5,-6,8,241,165,226,322,337,2,0,1127124329,741204533
S,585,80,148,-1.9999998,-20.0,-6.0000014,0.4,0.3,false,false,5,-8,6,241,163,226,320,337,2,0,1127124329,741204533
S,586,80,146,-1.6999998,-20.0,-5.6000013,0.4,0.3,false,false,5,-10,4,241,161,226,318,337,2,0,1127124329,741204533
S,587,80,144,-1.3999999,-20.0,-5.2000012,0.4,0.3,false,false,5,-12,2,241,159,226,316,337,2,0,1127124329,741204533
S,588,80,142,-1.0999999,-20.0,-4.800001,0.4,0.3,false,false,5,-14,0,241,157,226,314,337,2,0,1127124329,741204533
S,589,80,141,-0.7999999,-20.0,-4.400001,0.4,0.3,false,false,5,-16,-2,241,155,226,312,337,2,0,1127124329,741204533
S,590,80,140,-0.49999988,-20.0,-4.000001,0.4,0.3,false,false,5,-18,-4,241,153,226,310,337,2,0,1127124329,741204533
S,591,80,139,-0.19999987,-20.0,-3.6000009,0.4,0.3,false,false,5,-20,-6,241,151,226,308,337,2,0,1127124329,741204533
S,592,80,139,0.10000014,-20.0,-3.2000008,0.4,0.3,false,false,5,-22,-8,241,149,226,306,337,2,0,1127124329,741204533
S,593,80,139,0.40000015,-20.0,-2.8000007,0.4,0.3,false,false,5,0,-10,241,147,226,304,337,2,0,1127124329,741204533
S,594,80,139,0.70000017,-20.0,-2.4000006,0.4,0.3,false,false,5,-2,-12,241,145,226,302,337,2,0,1127124329,741204533
S,595,80,140,1.0000002,-20.0,-2.0000005,0.4,0.3,false,false,5,-4,-14,241,143,226,300,337,2,0,1127124329,741204533
S,596,80,141,1.3000002,-20.0,-1.6000005,0.4,0.3,false,false,5,-6,-16,241,141,226,298,337,2,0,1127124329,741204533
S,597,80,142,1.6000001,-20.0,-1.2000005,0.4,0.3,false,false,5,-8,-18,241,139,226,296,337,2,0,1127124329,741204533
S,598,80,143,1.9000001,-20.0,-0.80000055,0.4,0.3,false,false,5,-10,-20,241,137,226,294,337,2,0,1127124329,741204533
S,599,80,145,2.2,-20.0,-0.40000054,0.4,0.3,false,false,5,-12,-22,241,135,226,292,337,2,0,1127124329,741204533
S,600,80,147,2.5,-20.0,-5.364418E-7,0.4,0.3,false,false,5,-14,-24,241,133,226,290,337,2,0,1127124329,741204533
S,601,80,149,2.8,-20.0,0.39999947,0.4,0.3,false,false,5,-16,-26,241,131,226,288,337,2,0,1127124329,741204533
S,602,80,152,3.1,-19.6,0.7999995,0.4,0.3,false,false,5,-18,-28,241,129,226,286,337,2,0,1127124329,741204533
S,603,80,155,3.3999999,-18.800001,1.1999995,0.4,0.3,false,false,5,-20,-30,241,127,226,284,337,2,0,1127124329,741204533
S,604,80,158,3.6999998,-17.600002,1.5999994,0.4,0.3,false,false,5,-22,-32,241,125,226,282,337,2,0,1127124329,741204533
S,605,80,162,3.9999998,-16.000004,1.9999994,0.4,0.3,false,false,5,0,-34,241,123,226,280,337,2,0,1127124329,741204533
S,606,80,166,4.2999997,-14.000005,2.3999994,0.4,0.3,false,false,5,-2,-36,241,121,226,278,337,2,0,1127124329,741204533
S,607,80,170,4.6,-11.600005,2.7999995,0.4,0.3,false,false,5,-4,-38,241,119,226,276,337,2,0,1127124329,741204533
S,608,80,174,4.9,-8.800006,3.1999996,0.4,0.3,false,false,5,-6,-40,241,117,226,274,337,2,0,1127124329,741204533
S,609,80,179,5.2000003,-5.600006,3.5999997,0.4,0.3,false,false,5,-8,-42,241,115,226,272,337,2,0,1127124329,741204533
S,610,80,184,5.5000005,-2.0000064,3.9999998,0.4,0.3,false,false,5,-10,-44,241,113,226,270,337,2,0,1127124329,741204533
I,611
S,611,80,179,-4.7,-12.000007,-9.6,0.4,0.3,false,false,5,-12,-46,241,111,226,268,337,2,0,1127124329,741204533
S,612,80,174,-4.3999996,-20.0,-9.200001,0.4,0.3,false,false,5,-14,-48,241,109,226,266,337,2,0,1127124329,741204533
S,613,80,169,-4.0999994,-20.0,-8.800001,0.4,0.3,false,false,5,-16,-50,241,107,226,264,337,2,0,1127124329,741204533
S,614,80,165,-3.7999995,-20.0,-8.400002,0.4,0.3,false,false,5,-18,-52,241,105,226,262,337,2,0,1127124329,741204533
S,615,80,161,-3.4999995,-20.0,-8.000002,0.4,0.3,false,false,5,-20,103,226,260,337,417,314,2,0,651635198,2140849130
S,616,80,157,-3.1999996,-20.0,-7.600002,0.4,0.3,false,false,5,-22,101,226,258,337,415,314,2,0,651635198,2140849130
S,617,80,154,-2.8999996,-20.0,-7.2000017,0.4,0.3,false,false,5,0,99,226,256,337,413,314,2,0,651635198,2140849130
S,618,80,151,-2.5999997,-20.0,-6.8000016,0.4,0.3,false,false,5,-2,97,226,254,337,411,314,2,0,651635198,2140849130
S,619,80,148,-2.2999997,-20.0,-6.4000015,0.4,0.3,false,false,5,-4,95,226,252,337,409,314,2,0,651635198,2140849130
S,620,80,146,-1.9999998,-20.0,-6.0000014,0.4,0.3,false,false,5,-6,93,226,250,337,407,314,2,0,651635198,2140849130
S,621,80,144,-1.6999998,-20.0,-5.6000013,0.4,0.3,false,false,5,-8,91,226,248,337,405,314,2,0,651635198,2140849130
S,622,80,142,-1.3999999,-20.0,-5.2000012,0.4,0.3,false,false,5,-10,89,226,246,337,403,314,2,0,651635198,2140849130
S,623,80,140,-1.0999999,-20.0,-4.800001,0.4,0.3,false,false,5,-12,87,226,244,337,401,314,2,0,651635198,2140849130
S,624,80,139,-0.7999999,-20.0,-4.400001,0.4,0.3,false,false,5,-14,85,226,242,337,399,314,2,0,651635198,2140849130
S,625,80,138,-0.49999988,-20.0,-4.000001,0.4,0.3,false,false,5,-16,83,226,240,337,397,314,2,0,651635198,2140849130
S,626,80,137,-0.19999987,-20.0,-3.6000009,0.4,0.3,false,false,5,-18,81,226,238,337,395,314,2,0,651635198,2140849130
S,627,80,137,0.10000014,-20.0,-3.2000008,0.4,0.3,false,false,6,-20,79,226,236,337,393,314,2,0,651635198,2140849130
S,628,80,137,0.40000015,-20.0,-2.8000007,0.4,0.3,false,false,6,-22,77,226,234,337,391,314,2,0,651635198,2140849130
S,629,80,137,0.70000017,-20.0,-2.4000006,0.4,0.3,false,false,6,0,75,226,232,337,389,314,2,0,651635198,2140849130
S,630,80,138,1.0000002,-20.0,-2.0000005,0.4,0.3,false,false,6,-2,73,226,230,337,387,314,2,0,651635198,2140849130
S,631,80,139,1.3000002,-20.0,-1.6000005,0.4,0.3,false,false,6,-4,71,226,228,337,385,314,2,0,651635198,2140849130
S,632,80,140,1.6000001,-20.0,-1.2000005,0.4,0.3,false,false,6,-6,69,226,226,337,383,314,2,0,651635198,2140849130
S,633,80,141,1.9000001,-20.0,-0.80000055,0.4,0.3,false,false,6,-8,67,226,224,337,381,314,2,0,651635198,2140849130
S,634,80,143,2.2,-20.0,-0.40000054,0.4,0.3,false,false,6,-10,65,226,222,337,379,314,2,0,651635198,2140849130
S,635,80,145,2.5,-20.0,-5.364418E-7,0.4,0.3,false,false,6,-12,63,226,220,337,377,314,2,0,651635198,2140849130
S,636,80,147,2.8,-20.0,0.39999947,0.4,0.3,false,false,6,-14,61,226,218,337,375,314,2,0,651635198,2140849130
S,637,80,150,3.1,-19.6,0.7999995,0.4,0.3,false,false,6,-16,59,226,216,337,373,314,2,0,651635198,2140849130
S,638,80,153,3.3999999,-18.800001,1.1999995,0.4,0.3,false,false,6,-18,57,226,214,337,371,314,2,0,651635198,2140849130
S,639,80,156,3.6999998,-17.600002,1.5999994,0.4,0.3,false,false,6,-20,55,226,212,337,369,314,2,0,651635198,2140849130
S,640,80,160,3.9999998,-16.000004,1.9999994,0.4,0.3,false,false,6,-22,53,226,210,337,367,314,2,0,651635198,2140849130
S,641,80,164,4.2999997,-14.000005,2.3999994,0.4,0.3,false,false,6,0,51,226,208,337,365,314,2,0,651635198,2140849130
S,642,80,168,4.6,-11.600005,2.7999995,0.4,0.3,false,false,6,-2,49,226,206,337,363,314,2,0,651635198,2140849130
S,643,80,172,4.9,-8.800006,3.1999996,0.4,0.3,false,false,6,-4,47,226,204,337,361,314,2,0,651635198,2140849130
S,644,80,177,5.2000003,-5.600006,3.5999997,0.4,0.3,false,false,6,-6,45,226,202,337,359,314,2,0,651635198,2140849130
S,645,80,182,5.5000005,-2.0000064,3.9999998,0.4,0.3,false,false,6,-8,43,226,200,337,357,314,2,0,651635198,2140849130
S,646,80,187,5.8000007,1.9999933,4.3999996,0.4,0.3,false,false,6,-10,41,226,198,337,355,314,2,0,651635198,2140849130
I,647
S,647,80,182,-4.7,-8.000007,-9.6,0.4,0.3,false,false,6,-12,39,226,196,337,353,314,2,0,651635198,2140849130
S,648,80,177,-4.3999996,-17.600006,-9.200001,0.4,0.3,false,false,6,-14,37,226,194,337,351,314,2,0,651635198,2140849130
S,649,80,172,-4.0999994,-20.0,-8.800001,0.4,0.3,false,false,6,-16,35,226,192,337,349,314,2,0,651635198,2140849130
S,650,80,168,-3.7999995,-20.0,-8.400002,0.4,0.3,false,false,6,-18,33,226,190,337,347,314,2,0,651635198,2140849130
S,651,80,164,-3.4999995,-20.0,-8.000002,0.4,0.3,false,false,6,-20,31,226,188,337,345,314,2,0,651635198,2140849130
S,652,80,160,-3.1999996,-20.0,-7.600002,0.4,0.3,false,false,6,-22,29,226,186,337,343,314,2,0,651635198,2140849130
S,653,80,157,-2.8999996,-20.0,-7.2000017,0.4,0.3,false,false,6,0,27,226,184,337,341,314,2,0,651635198,2140849130
S,654,80,154,-2.5999997,-20.0,-6.8000016,0.4,0.3,false,false,6,-2,25,226,182,337,339,314,2,0,651635198,2140849130
S,655,80,151,-2.2999997,-20.0,-6.4000015,0.4,0.3,false,false,6,-4,23,226,180,337,337,314,2,0,651635198,2140849130
S,656,80,149,-1.9999998,-20.0,-6.0000014,0.4,0.3,false,false,6,-6,21,226,178,337,335,314,2,0,651635198,2140849130
S,657,80,147,-1.6999998,-20.0,-5.6000013,0.4,0.3,false,false,6,-8,19,226,176,337,333,314,2,0,651635198,2140849130
S,658,80,145,-1.3999999,-20.0,-5.2000012,0.4,0.3,false,false,6,-10,17,226,174,337,331,314,2,0,651635198,2140849130
S,659,80,143,-1.0999999,-20.0,-4.800001,0.4,0.3,false,false,6,-12,15,226,172,337,329,314,2,0,651635198,2140849130
S,660,80,142,-0.7999999,-20.0,-4.400001,0.4,0.3,false,false,6,-14,13,226,170,337,327,314,2,0,651635198,2140849130
S,661,80,141,-0.49999988,-20.0,-4.000001,0.4,0.3,false,false,6,-16,11,226,168,337,325,314,2,0,651635198,2140849130
S,662,80,140,-0.19999987,-20.0,-3.6000009,0.4,0.3,false,false,6,-18,9,226,166,337,323,314,2,0,651635198,2140849130
S,663,80,140,0.10000014,-20.0,-3.2000008,0.4,0.3,false,false,6,-20,7,226,164,337,321,314,2,0,651635198,2140849130
S,664,80,140,0.40000015,-20.0,-2.8000007,0.4,0.3,false,false,6,-22,5,226,162,337,319,314,2,0,651635198,2140849130
S,665,80,140,0.70000017,-20.0,-2.4000006,0.4,0.3,false,false,6,0,3,226,160,337,317,314,2,0,651635198,2140849130
S,666,80,141,1.0000002,-20.0,-2.0000005,0.4,0.3,false,false,6,-2,1,226,158,337,315,314,2,0,651635198,2140849130
S,667,80,142,1.3000002,-20.0,-1.6000005,0.4,0.3,false,false,6,-4,-1,226,156,337,313,314,2,0,651635198,2140849130
S,668,80,143,1.6000001,-20.0,-1.2000005,0.4,0.3,false,false,6,-6,-3,226,154,337,311,314,2,0,651635198,2140849130
S,669,80,144,1.9000001,-20.0,-0.80000055,0.4,0.3,false,false,6,-8,-5,226,152,337,309,314,2,0,651635198,2140849130
S,670,80,146,2.2,-20.0,-0.40000054,0.4,0.3,false,false,6,-10,-7,226,150,337,307,314,2,0,651635198,2140849130
S,671,80,148,2.5,-20.0,-5.364418E-7,0.4,0.3,false,false,6,-12,-9,226,148,337,305,314,2,0,651635198,2140849130
S,672,80,150,2.8,-20.0,0.39999947,0.4,0.3,false,false,6,-14,-11,226,146,337,303,314,2,0,651635198,2140849130
S,673,80,153,3.1,-19.6,0.7999995,0.4,0.3,false,false,6,-16,-13,226,144,337,301,314,2,0,651635198,2140849130
S,674,80,156,3.3999999,-18.800001,1.1999995,0.4,0.3,false,false,6,-18,-15,226,142,337,299,314,2,0,651635198,2140849130
S,675,80,159,3.6999998,-17.600002,1.5999994,0.4,0.3,false,false,6,-20,-17,226,140,337,297,314,2,0,651635198,2140849130
S,676,80,163,3.9999998,-16.000004,1.9999994,0.4,0.3,false,false,6,-22,-19,226,138,337,295,314,2,0,651635198,2140849130
S,677,80,167,4.2999997,-14.000005,2.3999994,0.4,0.3,false,false,6,0,-21,226,136,337,293,314,2,0,651635198,2140849130
S,678,80,171,4.6,-11.600005,2.7999995,0.4,0.3,false,false,6,-2,-23,226,134,337,291,314,2,0,651635198,2140849130
S,679,80,175,4.9,-8.800006,3.1999996,0.4,0.3,false,false,6,-4,-25,226,132,337,289,314,2,0,651635198,2140849130
S,680,80,180,5.2000003,-5.600006,3.5999997,0.4,0.3,false,false,6,-6,-27,226,130,337,287,314,2,0,651635198,2140849130
S,681,80,185,5.5000005,-2.0000064,3.9999998,0.4,0.3,false,false,6,-8,-29,226,128,337,285,314,2,0,651635198,2140849130
S,682,80,190,5.8000007,1.9999933,4.3999996,0.4,0.3,false,false,6,-10,-31,226,126,337,283,314,2,0,651635198,2140849130
S,683,80,196,6.100001,6.399993,4.7999997,0.4,0.3,false,false,6,-12,-33,226,124,337,281,314,2,0,651635198,2140849130
S,684,80,202,6.400001,11.199993,5.2,0.4,0.3,false,false,6,-14,-35,226,122,337,279,314,2,0,651635198,2140849130
S,685,80,208,6.7000012,16.399994,5.6,0.4,0.3,false,false,6,-16,-37,226,120,337,277,314,2,0,651635198,2140849130
S,686,80,215,7.0000014,21.999994,6.0,0.4,0.3,false,false,6,-18,-39,226,118,337,275,314,2,0,651635198,2140849130
S,687,80,222,7.3000016,27.999994,6.4,0.4,0.3,false,false,6,-20,-41,226,116,337,273,314,2,0,651635198,2140849130
S,688,80,229,7.600002,34.399994,6.8,0.4,0.3,false,false,6,-22,-43,226,114,337,271,314,2,0,651635198,2140849130
S,689,80,236,7.900002,41.199993,7.2000003,0.4,0.3,false,false,6,0,-45,226,112,337,269,314,2,0,651635198,2140849130
S,690,80,244,8.0,48.399994,7.6000004,0.4,0.3,false,false,6,-2,-47,226,110,337,267,314,2,0,651635198,2140849130
S,691,80,252,8.0,55.999992,8.0,0.4,0.3,false,false,6,-4,-49,226,108,337,265,314,2,0,651635198,2140849130
S,692,80,260,8.0,63.999992,8.4,0.4,0.3,false,false,6,-6,-51,226,106,337,263,314,2,0,651635198,2140849130
S,693,80,268,8.0,72.399994,8.799999,0.4,0.3,false,false,6,-8,104,337,261,314,418,333,2,0,193509943,1854175892
S,694,80,276,8.0,81.2,9.199999,0.4,0.3,false,false,6,-10,102,337,259,314,416,333,2,0,193509943,1854175892
S,695,80,284,8.0,90.0,9.599998,0.4,0.3,false,false,6,-12,100,337,257,314,414,333,2,0,193509943,1854175892
S,696,80,292,8.0,90.0,9.999998,0.4,0.3,false,false,6,-14,98,337,255,314,412,333,2,0,193509943,1854175892
S,697,80,300,8.0,90.0,10.399998,0.4,0.3,false,false,6,-16,96,337,253,314,410,333,2,0,193509943,1854175892
I,698
S,698,80,295,-4.7,80.0,-9.6,0.4,0.3,false,false,6,-18,94,337,251,314,408,333,2,0,193509943,1854175892
S,699,80,290,-4.3999996,70.4,-9.200001,0.4,0.3,false,false,6,-20,92,337,249,314,406,333,2,0,193509943,1854175892
S,700,80,285,-4.0999994,61.2,-8.800001,0.4,0.3,false,false,6,-22,90,337,247,314,404,333,2,0,193509943,1854175892
S,701,80,281,-3.7999995,52.4,-8.400002,0.4,0.3,false,false,6,0,88,337,245,314,402,333,2,0,193509943,1854175892
S,702,80,277,-3.4999995,44.0,-8.000002,0.4,0.3,false,false,6,-2,86,337,243,314,400,333,2,0,193509943,1854175892
S,703,80,273,-3.1999996,36.0,-7.600002,0.4,0.3,false,false,6,-4,84,337,241,314,398,333,2,0,193509943,1854175892
S,704,80,270,-2.8999996,28.399998,-7.2000017,0.4,0.3,false,false,6,-6,82,337,239,314,396,333,2,0,193509943,1854175892
S,705,80,267,-2.5999997,21.199997,-6.8000016,0.4,0.3,false,false,7,-8,80,337,237,314,394,333,2,0,193509943,1854175892
S,706,80,264,-2.2999997,14.399996,-6.4000015,0.4,0.3,false,false,7,-10,78,337,235,314,392,333,2,0,193509943,1854175892
S,707,80,262,-1.9999998,7.9999943,-6.0000014,0.4,0.3,false,false,7,-12,76,337,233,314,390,333,2,0,193509943,1854175892
S,708,80,260,-1.6999998,1.9999928,-5.6000013,0.4,0.3,false,false,7,-14,74,337,231,314,388,333,2,0,193509943,1854175892
S,709,80,258,-1.3999999,-3.6000085,-5.2000012,0.4,0.3,false,false,7,-16,72,337,229,314,386,333,2,0,193509943,1854175892
S,710,80,256,-1.0999999,-8.80001,-4.800001,0.4,0.3,false,false,7,-18,70,337,227,314,384,333,2,0,193509943,1854175892
S,711,80,255,-0.7999999,-13.600011,-4.400001,0.4,0.3,false,false,7,-20,68,337,225,314,382,333,2,0,193509943,1854175892
S,712,80,254,-0.49999988,-18.000011,-4.000001,0.4,0.3,false,false,7,-22,66,337,223,314,380,333,2,0,193509943,1854175892
S,713,80,253,-0.19999987,-20.0,-3.6000009,0.4,0.3,false,false,7,0,64,337,221,314,378,333,2,0,193509943,1854175892
S,714,80,253,0.10000014,-20.0,-3.2000008,0.4,0.3,false,false,7,-2,62,337,219,314,376,333,2,0,193509943,1854175892
S,715,80,253,0.40000015,-20.0,-2.8000007,0.4,0.3,false,false,7,-4,60,337,217,314,374,333,2,0,193509943,1854175892
S,716,80,253,0.70000017,-20.0,-2.4000006,0.4,0.3,false,false,7,-6,58,337,215,314,372,333,2,0,193509943,1854175892
S,717,80,254,1.0000002,-20.0,-2.0000005,0.4,0.3,false,false,7,-8,56,337,213,314,370,333,2,0,193509943,1854175892
S,718,80,255,1.3000002,-20.0,-1.6000005,0.4,0.3,false,false,7,-10,54,337,211,314,368,333,2,0,193509943,1854175892
S,719,80,256,1.6000001,-20.0,-1.2000005,0.4,0.3,false,false,7,-12,52,337,209,314,366,333,2,0,193509943,1854175892
S,720,80,257,1.9000001,-20.0,-0.80000055,0.4,0.3,false,false,7,-14,50,337,207,314,364,333,2,0,193509943,1854175892
S,721,80,259,2.2,-20.0,-0.40000054,0.4,0.3,false,false,7,-16,48,337,205,314,362,333,2,0,193509943,1854175892
S,722,80,261,2.5,-20.0,-5.364418E-7,0.4,0.3,false,false,7,-18,46,337,203,314,360,333,2,0,193509943,1854175892
S,723,80,263,2.8,-20.0,0.39999947,0.4,0.3,false,false,7,-20,44,337,201,314,358,333,2,0,193509943,1854175892
S,724,80,266,3.1,-19.6,0.7999995,0.4,0.3,false,false,7,-22,42,337,199,314,356,333,2,0,193509943,1854175892
S,725,80,269,3.3999999,-18.800001,1.1999995,0.4,0.3,false,false,7,0,40,337,197,314,354,333,2,0,193509943,1854175892
S,726,80,272,3.6999998,-17.600002,1.5999994,0.4,0.3,false,false,7,-2,38,337,195,314,352,333,2,0,193509943,1854175892
S,727,80,276,3.9999998,-16.000004,1.9999994,0.4,0.3,false,false,7,-4,36,337,193,314,350,333,2,0,193509943,1854175892
S,728,80,280,4.2999997,-14.000005,2.3999994,0.4,0.3,false,false,7,-6,34,337,191,314,348,333,2,0,193509943,1854175892
S,729,80,284,4.6,-11.600005,2.7999995,0.4,0.3,false,false,7,-8,32,337,189,314,346,333,2,0,193509943,1854175892
S,730,80,288,4.9,-8.800006,3.1999996,0.4,0.3,false,false,7,-10,30,337,187,314,344,333,2,0,193509943,1854175892
S,731,80,293,5.2000003,-5.600006,3.5999997,0.4,0.3,false,false,7,-12,28,337,185,314,342,333,2,0,193509943,1854175892
S,732,80,298,5.5000005,-2.0000064,3.9999998,0.4,0.3,false,false,7,-14,26,337,183,314,340,333,2,0,193509943,1854175892
I,733
S,733,80,293,-4.7,-12.000007,-9.6,0.4,0.3,false,false,7,-16,24,337,181,314,338,333,2,0,193509943,1854175892
S,734,80,288,-4.3999996,-20.0,-9.200001,0.4,0.3,false,false,7,-18,22,337,179,314,336,333,2,0,193509943,1854175892
S,735,80,283,-4.0999994,-20.0,-8.800001,0.4,0.3,false,false,7,-20,20,337,177,314,334,333,2,0,193509943,1854175892
S,736,80,279,-3.7999995,-20.0,-8.400002,0.4,0.3,false,false,7,-22,18,337,175,314,332,333,2,0,193509943,1854175892
S,737,80,275,-3.4999995,-20.0,-8.000002,0.4,0.3,false,false,7,0,16,337,173,314,330,333,2,0,193509943,1854175892
S,738,80,271,-3.1999996,-20.0,-7.600002,0.4,0.3,false,false,7,-2,14,337,171,314,328,333,2,0,193509943,1854175892
S,739,80,268,-2.8999996,-20.0,-7.2000017,0.4,0.3,false,false,7,-4,12,337,169,314,326,333,2,0,193509943,1854175892
S,740,80,265,-2.5999997,-20.0,-6.8000016,0.4,0.3,false,false,7,-6,10,337,167,314,324,333,2,0,193509943,1854175892
S,741,80,262,-2.2999997,-20.0,-6.4000015,0.4,0.3,false,false,7,-8,8,337,165,314,322,333,2,0,193509943,1854175892
S,742,80,260,-1.9999998,-20.0,-6.0000014,0.4,0.3,false,false,7,-10,6,337,163,314,320,333,2,0,193509943,1854175892
S,743,80,258,-1.6999998,-20.0,-5.6000013,0.4,0.3,false,false,7,-12,4,337,161,314,318,333,2,0,193509943,1854175892
S,744,80,256,-1.3999999,-20.0,-5.2000012,0.4,0.3,false,false,7,-14,2,337,159,314,316,333,2,0,193509943,1854175892
S,745,80,254,-1.0999999,-20.0,-4.800001,0.4,0.3,false,false,7,-16,0,337,157,314,314,333,2,0,193509943,1854175892
S,746,80,253,-0.7999999,-20.0,-4.400001,0.4,0.3,false,false,7,-18,-2,337,155,314,312,333,2,0,193509943,1854175892
S,747,80,252,-0.49999988,-20.0,-4.000001,0.4,0.3,false,false,7,-20,-4,337,153,314,310,333,2,0,193509943,1854175892
S,748,80,251,-0.19999987,-20.0,-3.6000009,0.4,0.3,false,false,7,-22,-6,337,151,314,308,333,2,0,193509943,1854175892
S,749,80,251,0.10000014,-20.0,-3.2000008,0.4,0.3,false,false,7,0,-8,337,149,314,306,333,2,0,193509943,1854175892
S,750,80,251,0.40000015,-20.0,-2.8000007,0.4,0.3,false,false,7,-2,-10,337,147,314,304,333,2,0,193509943,1854175892
S,751,80,251,0.70000017,-20.0,-2.4000006,0.4,0.3,false,false,7,-4,-12,337,145,314,302,333,2,0,193509943,1854175892
S,752,80,252,1.0000002,-20.0,-2.0000005,0.4,0.3,false,false,7,-6,-14,337,143,314,300,333,2,0,193509943,1854175892
S,753,80,253,1.3000002,-20.0,-1.6000005,0.4,0.3,false,false,7,-8,-16,337,141,314,298,333,2,0,193509943,1854175892
S,754,80,254,1.6000001,-20.0,-1.2000005,0.4,0.3,false,false,7,-10,-18,337,139,314,296,333,2,0,193509943,1854175892
S,755,80,255,1.9000001,-20.0,-0.80000055,0.4,0.3,false,false,7,-12,-20,337,137,314,294,333,2,0,193509943,1854175892
S,756,80,257,2.2,-20.0,-0.40000054,0.4,0.3,false,false,7,-14,-22,337,135,314,292,333,2,0,193509943,1854175892
S,757,80,259,2.5,-20.0,-5.364418E-7,0.4,0.3,false,false,7,-16,-24,337,133,314,290,333,2,0,193509943,1854175892
S,758,80,261,2.8,-20.0,0.39999947,0.4,0.3,false,false,7,-18,-26,337,131,314,288,333,2,0,193509943,1854175892
S,759,80,264,3.1,-19.6,0.7999995,0.4,0.3,false,false,7,-20,-28,337,129,314,286,333,2,0,193509943,1854175892
S,760,80,267,3.3999999,-18.800001,1.1999995,0.4,0.3,false,false,7,-22,-30,337,127,314,284,333,2,0,193509943,1854175892
S,761,80,270,3.6999998,-17.600002,1.5999994,0.4,0.3,false,false,7,0,-32,337,125,314,282,333,2,0,193509943,1854175892
S,762,80,274,3.9999998,-16.000004,1.9999994,0.4,0.3,false,false,7,-2,-34,337,123,314,280,333,2,0,193509943,1854175892
I,763
S,763,80,269,-4.7,-20.0,-9.6,0.4,0.3,false,false,7,-4,-36,337,121,314,278,333,2,0,193509943,1854175892
S,764,80,264,-4.3999996,-20.0,-9.200001,0.4,0.3,false,false,7,-6,-38,337,119,314,276,333,2,0,193509943,1854175892
S,765,80,259,-4.0999994,-20.0,-8.800001,0.4,0.3,false,false,7,-8,-40,337,117,314,274,333,2,0,193509943,1854175892
S,766,80,255,-3.7999995,-20.0,-8.400002,0.4,0.3,false,false,7,-10,-42,337,115,314,272,333,2,0,193509943,1854175892
S,767,80,251,-3.4999995,-20.0,-8.000002,0.4,0.3,false,false,7,-12,-44,337,113,314,270,333,2,0,193509943,1854175892
S,768,80,247,-3.1999996,-20.0,-7.600002,0.4,0.3,false,false,7,-14,-46,337,111,314,268,333,2,0,193509943,1854175892
S,769,80,244,-2.8999996,-20.0,-7.2000017,0.4,0.3,false,false,7,-16,-48,337,109,314,266,333,2,0,193509943,1854175892
S,770,80,241,-2.5999997,-20.0,-6.8000016,0.4,0.3,false,false,7,-18,-50,337,107,314,264,333,2,0,193509943,1854175892
S,771,80,238,-2.2999997,-20.0,-6.4000015,0.4,0.3,false,false,7,-20,-52,337,105,314,262,333,2,0,193509943,1854175892
S,772,80,236,-1.9999998,-20.0,-6.0000014,0.4,0.3,false,false,7,-22,103,314,260,333,417,192,2,0,858080952,1160115512
S,773,80,234,-1.6999998,-20.0,-5.6000013,0.4,0.3,false,false,7,0,101,314,258,333,415,192,2,0,858080952,1160115512
S,774,80,232,-1.3999999,-20.0,-5.2000012,0.4,0.3,false,false,7,-2,99,314,256,333,413,192,2,0,858080952,1160115512
S,775,80,230,-1.0999999,-20.0,-4.800001,0.4,0.3,false,false,7,-4,97,314,254,333,411,192,2,0,858080952,1160115512
S,776,80,229,-0.7999999,-20.0,-4.400001,0.4,0.3,false,false,7,-6,95,314,252,333,409,192,2,0,858080952,1160115512
S,777,80,228,-0.49999988,-20.0,-4.000001,0.4,0.3,false,false,7,-8,93,314,250,333,407,192,2,0,858080952,1160115512
S,778,80,227,-0.19999987,-20.0,-3.6000009,0.4,0.3,false,false,7,-10,91,314,248,333,405,192,2,0,858080952,1160115512
S,779,80,227,0.10000014,-20.0,-3.2000008,0.4,0.3,false,false,7,-12,89,314,246,333,403,192,2,0,858080952,1160115512
S,780,80,227,0.40000015,-20.0,-2.8000007,0.4,0.3,false,false,7,-14,87,314,244,333,401,192,2,0,858080952,1160115512
S,781,80,227,0.70000017,-20.0,-2.4000006,0.4,0.3,false,false,7,-16,85,314,242,333,399,192,2,0,858080952,1160115512
S,782,80,228,1.0000002,-20.0,-2.0000005,0.4,0.3,false,false,7,-18,83,314,240,333,397,192,2,0,858080952,1160115512
S,783,80,229,1.3000002,-20.0,-1.6000005,0.4,0.3,false,false,7,-20,81,314,238,333,395,192,2,0,858080952,1160115512
S,784,80,230,1.6000001,-20.0,-1.2000005,0.4,0.3,false,false,8,-22,79,314,236,333,393,192,2,0,858080952,1160115512
S,785,80,231,1.9000001,-20.0,-0.80000055,0.4,0.3,false,false,8,0,77,314,234,333,391,192,2,0,858080952,1160115512
S,786,80,233,2.2,-20.0,-0.40000054,0.4,0.3,false,false,8,-2,75,314,232,333,389,192,2,0,858080952,1160115512
S,787,80,235,2.5,-20.0,-5.364418E-7,0.4,0.3,false,false,8,-4,73,314,230,333,387,192,2,0,858080952,1160115512
S,788,80,237,2.8,-20.0,0.39999947,0.4,0.3,false,false,8,-6,71,314,228,333,385,192,2,0,858080952,1160115512
S,789,80,240,3.1,-19.6,0.7999995,0.4,0.3,false,false,8,-8,69,314,226,333,383,192,2,0,858080952,1160115512
S,790,80,243,3.3999999,-18.800001,1.1999995,0.4,0.3,false,false,8,-10,67,314,224,333,381,192,2,0,858080952,1160115512
S,791,80,246,3.6999998,-17.600002,1.5999994,0.4,0.3,false,false,8,-12,65,314,222,333,379,192,2,0,858080952,1160115512
S,792,80,250,3.9999998,-16.000004,1.9999994,0.4,0.3,false,false,8,-14,63,314,220,333,377,192,2,0,858080952,1160115512
S,793,80,254,4.2999997,-14.000005,2.3999994,0.4,0.3,false,false,8,-16,61,314,218,333,375,192,2,0,858080952,1160115512
S,794,80,258,4.6,-11.600005,2.7999995,0.4,0.3,false,false,8,-18,59,314,216,333,373,192,2,0,858080952,1160115512
S,795,80,262,4.9,-8.800006,3.1999996,0.4,0.3,false,false,8,-20,57,314,214,333,371,192,2,0,858080952,1160115512
S,796,80,267,5.2000003,-5.600006,3.5999997,0.4,0.3,false,false,8,-22,55,314,212,333,369,192,2,0,858080952,1160115512
S,797,80,272,5.5000005,-2.0000064,3.9999998,0.4,0.3,false,false,8,0,53,314,210,333,367,192,2,0,858080952,1160115512
I,798
S,798,80,267,-4.7,-12.000007,-9.6,0.4,0.3,false,false,8,-2,51,314,208,333,365,192,2,0,858080952,1160115512
S,799,80,262,-4.3999996,-20.0,-9.200001,0.4,0.3,false,false,8,-4,49,314,206,333,363,192,2,0,858080952,1160115512
S,800,80,257,-4.0999994,-20.0,-8.800001,0.4,0.3,false,false,8,-6,47,314,204,333,361,192,2,0,858080952,1160115512
S,801,80,253,-3.7999995,-20.0,-8.400002,0.4,0.3,false,false,8,-8,45,314,202,333,359,192,2,0,858080952,1160115512
S,802,80,249,-3.4999995,-20.0,-8.000002,0.4,0.3,false,false,8,-10,43,314,200,333,357,192,2,0,858080952,1160115512
S,803,80,245,-3.1999996,-20.0,-7.600002,0.4,0.3,false,false,8,-12,41,314,198,333,355,192,2,0,858080952,1160115512
S,804,80,242,-2.8999996,-20.0,-7.2000017,0.4,0.3,false,false,8,-14,39,314,196,333,353,192,2,0,858080952,1160115512
S,805,80,239,-2.5999997,-20.0,-6.8000016,0.4,0.3,false,false,8,-16,37,314,194,333,351,192,2,0,858080952,1160115512
S,806,80,236,-2.2999997,-20.0,-6.4000015,0.4,0.3,false,false,8,-18,35,314,192,333,349,192,2,0,858080952,1160115512
S,807,80,234,-1.9999998,-20.0,-6.0000014,0.4,0.3,false,false,8,-20,33,314,190,333,347,192,2,0,858080952,1160115512
S,808,80,232,-1.6999998,-20.0,-5.6000013,0.4,0.3,false,false,8,-22,31,314,188,333,345,192,2,0,858080952,1160115512
S,809,80,230,-1.3999999,-20.0,-5.2000012,0.4,0.3,false,false,8,0,29,314,186,333,343,192,2,0,858080952,1160115512
S,810,80,228,-1.0999999,-20.0,-4.800001,0.4,0.3,false,false,8,-2,27,314,184,333,341,192,2,0,858080952,1160115512
S,811,80,227,-0.7999999,-20.0,-4.400001,0.4,0.3,false,false,8,-4,25,314,182,333,339,192,2,0,858080952,1160115512
S,812,80,226,-0.49999988,-20.0,-4.000001,0.4,0.3,false,false,8,-6,23,314,180,333,337,192,2,0,858080952,1160115512
S,813,80,225,-0.19999987,-20.0,-3.6000009,0.4,0.3,false,false,8,-8,21,314,178,333,335,192,2,0,858080952,1160115512
S,814,80,225,0.10000014,-20.0,-3.2000008,0.4,0.3,false,false,8,-10,19,314,176,333,333,192,2,0,858080952,1160115512
S,815,80,225,0.40000015,-20.0,-2.8000007,0.4,0.3,false,false,8,-12,17,314,174,333,331,192,2,0,858080952,1160115512
S,816,80,225,0.70000017,-20.0,-2.4000006,0.4,0.3,false,false,8,-14,15,314,172,333,329,192,2,0,858080952,1160115512
S,817,80,226,1.0000002,-20.0,-2.0000005,0.4,0.3,false,false,8,-16,13,314,170,333,327,192,2,0,858080952,1160115512
S,818,80,227,1.3000002,-20.0,-1.6000005,0.4,0.3,false,false,8,-18,11,314,168,333,325,192,2,0,858080952,1160115512
S,819,80,228,1.6000001,-20.0,-1.2000005,0.4,0.3,false,false,8,-20,9,314,166,333,323,192,2,0,858080952,1160115512
S,820,80,229,1.9000001,-20.0,-0.80000055,0.4,0.3,false,false,8,-22,7,314,164,333,321,192,2,0,858080952,1160115512
S,821,80,231,2.2,-20.0,-0.40000054,0.4,0.3,false,false,8,0,5,314,162,333,319,192,2,0,858080952,1160115512
S,822,80,233,2.5,-20.0,-5.364418E-7,0.4,0.3,false,false,8,-2,3,314,160,333,317,192,2,0,858080952,1160115512
S,823,80,235,2.8,-20.0,0.39999947,0.4,0.3,false,false,8,-4,1,314,158,333,315,192,2,0,858080952,1160115512
S,824,80,238,3.1,-19.6,0.7999995,0.4,0.3,false,false,8,-6,-1,314,156,333,313,192,2,0,858080952,1160115512
S,825,80,241,3.3999999,-18.800001,1.1999995,0.4,0.3,false,false,8,-8,-3,314,154,333,311,192,2,0,858080952,1160115512
S,826,80,244,3.6999998,-17.600002,1.5999994,0.4,0.3,false,false,8,-10,-5,314,152,333,309,192,2,0,858080952,1160115512
S,827,80,248,3.9999998,-16.000004,1.9999994,0.4,0.3,false,false,8,-12,-7,314,150,333,307,192,2,0,858080952,1160115512
S,828,80,252,4.2999997,-14.000005,2.3999994,0.4,0.3,false,false,8,-14,-9,314,148,333,305,192,2,0,858080952,1160115512
S,829,80,256,4.6,-11.600005,2.7999995,0.4,0.3,false,false,8,-16,-11,314,146,333,303,192,2,0,858080952,1160115512
S,830,80,260,4.9,-8.800006,3.1999996,0.4,0.3,false,false,8,-18,-13,314,144,333,301,192,2,0,858080952,1160115512
S,831,80,265,5.2000003,-5.600006,3.5999997,0.4,0.3,false,false,8,-20,-15,314,142,333,299,192,2,0,858080952,1160115512
S,832,80,270,5.5000005,-2.0000064,3.9999998,0.4,0.3,false,false,8,-22,-17,314,140,333,297,192,2,0,858080952,1160115512
S,833,80,275,5.8000007,1.9999933,4.3999996,0.4,0.3,false,false,8,0,-19,314,138,333,295,192,2,0,858080952,1160115512
S,834,80,281,6.100001,6.399993,4.7999997,0.4,0.3,false,false,8,-2,-21,314,136,333,293,192,2,0,858080952,1160115512
S,835,80,287,6.400001,11.199993,5.2,0.4,0.3,false,false,8,-4,-23,314,134,333,291,192,2,0,858080952,1160115512
S,836,80,293,6.7000012,16.399994,5.6,0.4,0.3,false,false,8,-6,-25,314,132,333,289,192,2,0,858080952,1160115512
I,837
S,837,80,288,-4.7,6.399994,-9.6,0.4,0.3,false,false,8,-8,-27,314,130,333,287,192,2,0,858080952,1160115512
S,838,80,283,-4.3999996,-3.2000065,-9.200001,0.4,0.3,false,false,8,-10,-29,314,128,333,285,192,2,0,858080952,1160115512
S,839,80,278,-4.0999994,-12.400007,-8.800001,0.4,0.3,false,false,8,-12,-31,314,126,333,283,192,2,0,858080952,1160115512
S,840,80,274,-3.7999995,-20.0,-8.400002,0.4,0.3,false,false,8,-14,-33,314,124,333,281,192,2,0,858080952,1160115512
S,841,80,270,-3.4999995,-20.0,-8.000002,0.4,0.3,false,false,8,-16,-35,314,122,333,279,192,2,0,858080952,1160115512
S,842,80,266,-3.1999996,-20.0,-7.600002,0.4,0.3,false,false,8,-18,-37,314,120,333,277,192,2,0,858080952,1160115512
S,843,80,263,-2.8999996,-20.0,-7.2000017,0.4,0.3,false,false,8,-20,-39,314,118,333,275,192,2,0,858080952,1160115512
S,844,80,260,-2.5999997,-20.0,-6.8000016,0.4,0.3,false,false,8,-22,-41,314,116,333,273,192,2,0,858080952,1160115512
S,845,80,257,-2.2999997,-20.0,-6.4000015,0.4,0.3,false,false,8,0,-43,314,114,333,271,192,2,0,858080952,1160115512
S,846,80,255,-1.9999998,-20.0,-6.0000014,0.4,0.3,false,false,8,-2,-45,314,112,333,269,192,2,0,858080952,1160115512
S,847,80,253,-1.6999998,-20.0,-5.6000013,0.4,0.3,false,false,8,-4,-47,314,110,333,267,192,2,0,858080952,1160115512
S,848,80,251,-1.3999999,-20.0,-5.2000012,0.4,0.3,false,false,8,-6,-49,314,108,333,265,192,2,0,858080952,1160115512
S,849,80,249,-1.0999999,-20.0,-4.800001,0.4,0.3,false,false,8,-8,-51,314,106,333,263,192,2,0,858080952,1160115512
S,850,80,248,-0.7999999,-20.0,-4.400001,0.4,0.3,false,false,8,-10,104,333,261,192,418,281,2,0,325885093,-1974183651
S,851,80,247,-0.49999988,-20.0,-4.000001,0.4,0.3,false,false,8,-12,102,333,259,192,416,281,2,0,325885093,-1974183651
S,852,80,246,-0.19999987,-20.0,-3.6000009,0.4,0.3,false,false,8,-14,100,333,257,192,414,281,2,0,325885093,-1974183651
S,853,80,246,0.10000014,-20.0,-3.2000008,0.4,0.3,false,false,8,-16,98,333,255,192,412,281,2,0,325885093,-1974183651
S,854,80,246,0.40000015,-20.0,-2.8000007,0.4,0.3,false,false,8,-18,96,333,253,192,410,281,2,0,325885093,-1974183651
S,855,80,246,0.70000017,-20.0,-2.4000006,0.4,0.3,false,false,8,-20,94,333,251,192,408,281,2,0,325885093,-1974183651
S,856,80,247,1.0000002,-20.0,-2.0000005,0.4,0.3,false,false,8,-22,92,333,249,192,406,281,2,0,325885093,-1974183651
S,857,80,248,1.3000002,-20.0,-1.6000005,0.4,0.3,false,false,8,0,90,333,247,192,404,281,2,0,325885093,-1974183651
S,858,80,249,1.6000001,-20.0,-1.2000005,0.4,0.3,false,false,8,-2,88,333,245,192,402,281,2,0,325885093,-1974183651
S,859,80,250,1.9000001,-20.0,-0.80000055,0.4,0.3,false,false,8,-4,86,333,243,192,400,281,2,0,325885093,-1974183651
S,860,80,252,2.2,-20.0,-0.40000054,0.4,0.3,false,false,8,-6,84,333,241,192,398,281,2,0,325885093,-1974183651
S,861,80,254,2.5,-20.0,-5.364418E-7,0.4,0.3,false,false,8,-8,82,333,239,192,396,281,2,0,325885093,-1974183651
S,862,80,256,2.8,-20.0,0.39999947,0.4,0.3,false,false,9,-10,80,333,237,192,394,281,2,0,325885093,-1974183651
S,863,80,259,3.1,-19.6,0.7999995,0.4,0.3,false,false,9,-12,78,333,235,192,392,281,2,0,325885093,-1974183651
S,864,80,262,3.3999999,-18.800001,1.1999995,0.4,0.3,false,false,9,-14,76,333,233,192,390,281,2,0,325885093,-1974183651
S,865,80,265,3.6999998,-17.600002,1.5999994,0.4,0.3,false,false,9,-16,74,333,231,192,388,281,2,0,325885093,-1974183651
S,866,80,269,3.9999998,-16.000004,1.9999994,0.4,0.3,false,false,9,-18,72,333,229,192,386,281,2,0,325885093,-1974183651
S,867,80,273,4.2999997,-14.000005,2.3999994,0.4,0.3,false,false,9,-20,70,333,227,192,384,281,2,0,325885093,-1974183651
S,868,80,277,4.6,-11.600005,2.7999995,0.4,0.3,false,false,9,-22,68,333,225,192,382,281,2,0,325885093,-1974183651
S,869,80,281,4.9,-8.800006,3.1999996,0.4,0.3,false,false,9,0,66,333,223,192,380,281,2,0,325885093,-1974183651
S,870,80,286,5.2000003,-5.600006,3.5999997,0.4,0.3,false,false,9,-2,64,333,221,192,378,281,2,0,325885093,-1974183651
S,871,80,291,5.5000005,-2.0000064,3.9999998,0.4,0.3,false,false,9,-4,62,333,219,192,376,281,2,0,325885093,-1974183651
I,872
S,872,80,286,-4.7,-12.000007,-9.6,0.4,0.3,false,false,9,-6,60,333,217,192,374,281,2,0,325885093,-1974183651
S,873,80,281,-4.3999996,-20.0,-9.200001,0.4,0.3,false,false,9,-8,58,333,215,192,372,281,2,0,325885093,-1974183651
S,874,80,276,-4.0999994,-20.0,-8.800001,0.4,0.3,false,false,9,-10,56,333,213,192,370,281,2,0,325885093,-1974183651
S,875,80,272,-3.7999995,-20.0,-8.400002,0.4,0.3,false,false,9,-12,54,333,211,192,368,281,2,0,325885093,-1974183651
S,876,80,268,-3.4999995,-20.0,-8.000002,0.4,0.3,false,false,9,-14,52,333,209,192,366,281,2,0,325885093,-1974183651
S,877,80,264,-3.1999996,-20.0,-7.600002,0.4,0.3,false,false,9,-16,50,333,207,192,364,281,2,0,325885093,-1974183651
S,878,80,261,-2.8999996,-20.0,-7.2000017,0.4,0.3,false,false,9,-18,48,333,205,192,362,281,2,0,325885093,-1974183651
S,879,80,258,-2.5999997,-20.0,-6.8000016,0.4,0.3,false,false,9,-20,46,333,203,192,360,281,2,0,325885093,-1974183651
S,880,80,255,-2.2999997,-20.0,-6.4000015,0.4,0.3,false,false,9,-22,44,333,201,192,358,281,2,0,325885093,-1974183651
S,881,80,253,-1.9999998,-20.0,-6.0000014,0.4,0.3,false,false,9,0,42,333,199,192,356,281,2,0,325885093,-1974183651
S,882,80,251,-1.6999998,-20.0,-5.6000013,0.4,0.3,false,false,9,-2,40,333,197,192,354,281,2,0,325885093,-1974183651
S,883,80,249,-1.3999999,-20.0,-5.2000012,0.4,0.3,false,false,9,-4,38,333,195,192,352,281,2,0,325885093,-1974183651
S,884,80,247,-1.0999999,-20.0,-4.800001,0.4,0.3,false,false,9,-6,36,333,193,192,350,281,2,0,325885093,-1974183651
S,885,80,246,-0.7999999,-20.0,-4.400001,0.4,0.3,false,false,9,-8,34,333,191,192,348,281,2,0,325885093,-1974183651
S,886,80,245,-0.49999988,-20.0,-4.000001,0.4,0.3,false,false,9,-10,32,333,189,192,346,281,2,0,325885093,-1974183651
S,887,80,244,-0.19999987,-20.0,-3.6000009,0.4,0.3,false,false,9,-12,30,333,187,192,344,281,2,0,325885093,-1974183651
S,888,80,244,0.10000014,-20.0,-3.2000008,0.4,0.3,false,false,9,-14,28,333,185,192,342,281,2,0,325885093,-1974183651
S,889,80,244,0.40000015,-20.0,-2.8000007,0.4,0.3,false,false,9,-16,26,333,183,192,340,281,2,0,325885093,-1974183651
S,890,80,244,0.70000017,-20.0,-2.4000006,0.4,0.3,false,false,9,-18,24,333,181,192,338,281,2,0,325885093,-1974183651
S,891,80,245,1.0000002,-20.0,-2.0000005,0.4,0.3,false,false,9,-20,22,333,179,192,336,281,2,0,325885093,-1974183651
S,892,80,246,1.3000002,-20.0,-1.6000005,0.4,0.3,false,false,9,-22,20,333,177,192,334,281,2,0,325885093,-1974183651
S,893,80,247,1.6000001,-20.0,-1.2000005,0.4,0.3,false,false,9,0,18,333,175,192,332,281,2,0,325885093,-1974183651
S,894,80,248,1.9000001,-20.0,-0.80000055,0.4,0.3,false,false,9,-2,16,333,173,192,330,281,2,0,325885093,-1974183651
S,895,80,250,2.2,-20.0,-0.40000054,0.4,0.3,false,false,9,-4,14,333,171,192,328,281,2,0,325885093,-1974183651
I,896
S,896,80,245,-4.7,-20.0,-9.6,0.4,0.3,false,false,9,-6,12,333,169,192,326,281,2,0,325885093,-1974183651
S,897,80,240,-4.3999996,-20.0,-9.200001,0.4,0.3,false,false,9,-8,10,333,167,192,324,281,2,0,325885093,-1974183651
S,898,80,235,-4.0999994,-20.0,-8.800001,0.4,0.3,false,false,9,-10,8,333,165,192,322,281,2,0,325885093,-1974183651
S,899,80,231,-3.7999995,-20.0,-8.400002,0.4,0.3,false,false,9,-12,6,333,163,192,320,281,2,0,325885093,-1974183651
S,900,80,227,-3.4999995,-20.0,-8.000002,0.4,0.3,false,false,9,-14,4,333,161,192,318,281,2,0,325885093,-1974183651
S,901,80,223,-3.1999996,-20.0,-7.600002,0.4,0.3,false,false,9,-16,2,333,159,192,316,281,2,0,325885093,-1974183651
S,902,80,220,-2.8999996,-20.0,-7.2000017,0.4,0.3,false,false,9,-18,0,333,157,192,314,281,2,0,325885093,-1974183651
S,903,80,217,-2.5999997,-20.0,-6.8000016,0.4,0.3,false,false,9,-20,-2,333,155,192,312,281,2,0,325885093,-1974183651
S,904,80,214,-2.2999997,-20.0,-6.4000015,0.4,0.3,false,false,9,-22,-4,333,153,192,310,281,2,0,325885093,-1974183651
S,905,80,212,-1.9999998,-20.0,-6.0000014,0.4,0.3,false,false,9,0,-6,333,151,192,308,281,2,0,325885093,-1974183651
S,906,80,210,-1.6999998,-20.0,-5.6000013,0.4,0.3,false,false,9,-2,-8,333,149,192,306,281,2,0,325885093,-1974183651
S,907,80,208,-1.3999999,-20.0,-5.2000012,0.4,0.3,false,false,9,-4,-10,333,147,192,304,281,2,0,325885093,-1974183651
S,908,80,206,-1.0999999,-20.0,-4.800001,0.4,0.3,false,false,9,-6,-12,333,145,192,302,281,2,0,325885093,-1974183651
S,909,80,205,-0.7999999,-20.0,-4.400001,0.4,0.3,false,false,9,-8,-14,333,143,192,300,281,2,0,325885093,-1974183651
S,910,80,204,-0.49999988,-20.0,-4.000001,0.4,0.3,false,false,9,-10,-16,333,141,192,298,281,2,0,325885093,-1974183651
S,911,80,203,-0.19999987,-20.0,-3.6000009,0.4,0.3,false,false,9,-12,-18,333,139,192,296,281,2,0,325885093,-1974183651
S,912,80,203,0.10000014,-20.0,-3.2000008,0.4,0.3,false,false,9,-14,-20,333,137,192,294,281,2,0,325885093,-1974183651
S,913,80,203,0.40000015,-20.0,-2.8000007,0.4,0.3,false,false,9,-16,-22,333,135,192,292,281,2,0,325885093,-1974183651
S,914,80,203,0.70000017,-20.0,-2.4000006,0.4,0.3,false,false,9,-18,-24,333,133,192,290,281,2,0,325885093,-1974183651
S,915,80,204,1.0000002,-20.0,-2.0000005,0.4,0.3,false,false,9,-20,-26,333,131,192,288,281,2,0,325885093,-1974183651
S,916,80,205,1.3000002,-20.0,-1.6000005,0.4,0.3,false,false,9,-22,-28,333,129,192,286,281,2,0,325885093,-1974183651
S,917,80,206,1.6000001,-20.0,-1.2000005,0.4,0.3,false,false,9,0,-30,333,127,192,284,281,2,0,325885093,-1974183651
S,918,80,207,1.9000001,-20.0,-0.80000055,0.4,0.3,false,false,9,-2,-32,333,125,192,282,281,2,0,325885093,-1974183651
S,919,80,209,2.2,-20.0,-0.40000054,0.4,0.3,false,false,9,-4,-34,333,123,192,280,281,2,0,325885093,-1974183651
I,920
S,920,80,204,-4.7,-20.0,-9.6,0.4,0.3,false,false,9,-6,-36,333,121,192,278,281,2,0,325885093,-1974183651
S,921,80,199,-4.3999996,-20.0,-9.200001,0.4,0.3,false,false,9,-8,-38,333,119,192,276,281,2,0,325885093,-1974183651
S,922,80,194,-4.0999994,-20.0,-8.800001,0.4,0.3,false,false,9,-10,-40,333,117,192,274,281,2,0,325885093,-1974183651
S,923,80,190,-3.7999995,-20.0,-8.400002,0.4,0.3,false,false,9,-12,-42,333,115,192,272,281,2,0,325885093,-1974183651
S,924,80,186,-3.4999995,-20.0,-8.000002,0.4,0.3,false,false,9,-14,-44,333,113,192,270,281,2,0,325885093,-1974183651
S,925,80,182,-3.1999996,-20.0,-7.600002,0.4,0.3,false,false,9,-16,-46,333,111,192,268,281,2,0,325885093,-1974183651
S,926,80,179,-2.8999996,-20.0,-7.2000017,0.4,0.3,false,false,9,-18,-48,333,109,192,266,281,2,0,325885093,-1974183651
S,927,80,176,-2.5999997,-20.0,-6.8000016,0.4,0.3,false,false,9,-20,-50,333,107,192,264,281,2,0,325885093,-1974183651
S,928,80,173,-2.2999997,-20.0,-6.4000015,0.4,0.3,false,false,9,-22,-52,333,105,192,262,281,2,0,325885093,-1974183651
S,929,80,171,-1.9999998,-20.0,-6.0000014,0.4,0.3,false,false,9,0,103,192,260,281,417,344,2,0,721822972,843343673
S,930,80,169,-1.6999998,-20.0,-5.6000013,0.4,0.3,false,false,9,-2,101,192,258,281,415,344,2,0,721822972,843343673
S,931,80,167,-1.3999999,-20.0,-5.2000012,0.4,0.3,false,false,9,-4,99,192,256,281,413,344,2,0,721822972,843343673
S,932,80,165,-1.0999999,-20.0,-4.800001,0.4,0.3,false,false,9,-6,97,192,254,281,411,344,2,0,721822972,843343673
S,933,80,164,-0.7999999,-20.0,-4.400001,0.4,0.3,false,false,9,-8,95,192,252,281,409,344,2,0,721822972,843343673
S,934,80,163,-0.49999988,-20.0,-4.000001,0.4,0.3,false,false,9,-10,93,192,250,281,407,344,2,0,721822972,843343673
S,935,80,162,-0.19999987,-20.0,-3.6000009,0.4,0.3,false,false,9,-12,91,192,248,281,405,344,2,0,721822972,843343673
S,936,80,162,0.10000014,-20.0,-3.2000008,0.4,0.3,false,false,9,-14,89,192,246,281,403,344,2,0,721822972,843343673
S,937,80,162,0.40000015,-20.0,-2.8000007,0.4,0.3,false,false,9,-16,87,192,244,281,401,344,2,0,721822972,843343673
S,938,80,162,0.70000017,-20.0,-2.4000006,0.4,0.3,false,false,9,-18,85,192,242,281,399,344,2,0,721822972,843343673
S,939,80,163,1.0000002,-20.0,-2.0000005,0.4,0.3,false,false,9,-20,83,192,240,281,397,344,2,0,721822972,843343673
S,940,80,164,1.3000002,-20.0,-1.6000005,0.4,0.3,false,false,9,-22,81,192,238,281,395,344,2,0,721822972,843343673
S,941,80,165,1.6000001,-20.0,-1.2000005,0.4,0.3,false,false,10,0,79,192,236,281,393,344,2,0,721822972,843343673
S,942,80,166,1.9000001,-20.0,-0.80000055,0.4,0.3,false,false,10,-2,77,192,234,281,391,344,2,0,721822972,843343673
S,943,80,168,2.2,-20.0,-0.40000054,0.4,0.3,false,false,10,-4,75,192,232,281,389,344,2,0,721822972,843343673
I,944
S,944,80,163,-4.7,-20.0,-9.6,0.4,0.3,false,false,10,-6,73,192,230,281,387,344,2,0,721822972,843343673
S,945,80,158,-4.3999996,-20.0,-9.200001,0.4,0.3,false,false,10,-8,71,192,228,281,385,344,2,0,721822972,843343673
S,946,80,153,-4.0999994,-20.0,-8.800001,0.4,0.3,false,false,10,-10,69,192,226,281,383,344,2,0,721822972,843343673
S,947,80,149,-3.7999995,-20.0,-8.400002,0.4,0.3,false,false,10,-12,67,192,224,281,381,344,2,0,721822972,843343673
S,948,80,145,-3.4999995,-20.0,-8.000002,0.4,0.3,false,false,10,-14,65,192,222,281,379,344,2,0,721822972,843343673
S,949,80,141,-3.1999996,-20.0,-7.600002,0.4,0.3,false,false,10,-16,63,192,220,281,377,344,2,0,721822972,843343673
S,950,80,138,-2.8999996,-20.0,-7.2000017,0.4,0.3,false,false,10,-18,61,192,218,281,375,344,2,0,721822972,843343673
S,951,80,135,-2.5999997,-20.0,-6.8000016,0.4,0.3,false,false,10,-20,59,192,216,281,373,344,2,0,721822972,843343673
S,952,80,132,-2.2999997,-20.0,-6.4000015,0.4,0.3,false,false,10,-22,57,192,214,281,371,344,2,0,721822972,843343673
S,953,80,130,-1.9999998,-20.0,-6.0000014,0.4,0.3,false,false,10,0,55,192,212,281,369,344,2,0,721822972,843343673
S,954,80,128,-1.6999998,-20.0,-5.6000013,0.4,0.3,false,false,10,-2,53,192,210,281,367,344,2,0,721822972,843343673
S,955,80,126,-1.3999999,-20.0,-5.2000012,0.4,0.3,false,false,10,-4,51,192,208,281,365,344,2,0,721822972,843343673
S,956,80,124,-1.0999999,-20.0,-4.800001,0.4,0.3,false,false,10,-6,49,192,206,281,363,344,2,0,721822972,843343673
S,957,80,123,-0.7999999,-20.0,-4.400001,0.4,0.3,false,false,10,-8,47,192,204,281,361,344,2,0,721822972,843343673
S,958,80,122,-0.49999988,-20.0,-4.000001,0.4,0.3,false,false,10,-10,45,192,202,281,359,344,2,0,721822972,843343673
S,959,80,121,-0.19999987,-20.0,-3.6000009,0.4,0.3,false,false,10,-12,43,192,200,281,357,344,2,0,721822972,843343673
S,960,80,121,0.10000014,-20.0,-3.2000008,0.4,0.3,false,false,10,-14,41,192,198,281,355,344,2,0,721822972,843343673
S,961,80,121,0.40000015,-20.0,-2.8000007,0.4,0.3,false,false,10,-16,39,192,196,281,353,344,2,0,721822972,843343673
S,962,80,121,0.70000017,-20.0,-2.4000006,0.4,0.3,false,false,10,-18,37,192,194,281,351,344,2,0,721822972,843343673
S,963,80,122,1.0000002,-20.0,-2.0000005,0.4,0.3,false,false,10,-20,35,192,192,281,349,344,2,0,721822972,843343673
S,964,80,123,1.3000002,-20.0,-1.6000005,0.4,0.3,false,false,10,-22,33,192,190,281,347,344,2,0,721822972,843343673
S,965,80,124,1.6000001,-20.0,-1.2000005,0.4,0.3,false,false,10,0,31,192,188,281,345,344,2,0,721822972,843343673
S,966,80,125,1.9000001,-20.0,-0.80000055,0.4,0.3,false,false,10,-2,29,192,186,281,343,344,2,0,721822972,843343673
S,967,80,127,2.2,-20.0,-0.40000054,0.4,0.3,false,false,10,-4,27,192,184,281,341,344,2,0,721822972,843343673
S,968,80,129,2.5,-20.0,-5.364418E-7,0.4,0.3,false,false,10,-6,25,192,182,281,339,344,2,0,721822972,843343673
S,969,80,131,2.8,-20.0,0.39999947,0.4,0.3,false,false,10,-8,23,192,180,281,337,344,2,0,721822972,843343673
S,970,80,134,3.1,-19.6,0.7999995,0.4,0.3,false,false,10,-10,21,192,178,281,335,344,2,0,721822972,843343673
S,971,80,137,3.3999999,-18.800001,1.1999995,0.4,0.3,false,false,10,-12,19,192,176,281,333,344,2,0,721822972,843343673
S,972,80,140,3.6999998,-17.600002,1.5999994,0.4,0.3,false,false,10,-14,17,192,174,281,331,344,2,0,721822972,843343673
S,973,80,144,3.9999998,-16.000004,1.9999994,0.4,0.3,false,false,10,-16,15,192,172,281,329,344,2,0,721822972,843343673
S,974,80,148,4.2999997,-14.000005,2.3999994,0.4,0.3,false,false,10,-18,13,192,170,281,327,344,2,0,721822972,843343673
S,975,80,152,4.6,-11.600005,2.7999995,0.4,0.3,false,false,10,-20,11,192,168,281,325,344,2,0,721822972,843343673
S,976,80,156,4.9,-8.800006,3.1999996,0.4,0.3,false,false,10,-22,9,192,166,281,323,344,2,0,721822972,843343673
S,977,80,161,5.2000003,-5.600006,3.5999997,0.4,0.3,false,false,10,0,7,192,164,281,321,344,2,0,721822972,843343673
S,978,80,166,5.5000005,-2.0000064,3.9999998,0.4,0.3,false,false,10,-2,5,192,162,281,319,344,2,0,721822972,843343673
S,979,80,171,5.8000007,1.9999933,4.3999996,0.4,0.3,false,false,10,-4,3,192,160,281,317,344,2,0,721822972,843343673
S,980,80,177,6.100001,6.399993,4.7999997,0.4,0.3,false,false,10,-6,1,192,158,281,315,344,2,0,721822972,843343673
S,981,80,183,6.400001,11.199993,5.2,0.4,0.3,false,false,10,-8,-1,192,156,281,313,344,2,0,721822972,843343673
S,982,80,189,6.7000012,16.399994,5.6,0.4,0.3,false,false,10,-10,-3,192,154,281,311,344,2,0,721822972,843343673
S,983,80,196,7.0000014,21.999994,6.0,0.4,0.3,false,false,10,-12,-5,192,152,281,309,344,2,0,721822972,843343673
S,984,80,203,7.3000016,27.999994,6.4,0.4,0.3,false,false,10,-14,-7,192,150,281,307,344,2,0,721822972,843343673
S,985,80,210,7.600002,34.399994,6.8,0.4,0.3,false,false,10,-16,-9,192,148,281,305,344,2,0,721822972,843343673
S,986,80,217,7.900002,41.199993,7.2000003,0.4,0.3,false,false,10,-18,-11,192,146,281,303,344,2,0,721822972,843343673
S,987,80,225,8.0,48.399994,7.6000004,0.4,0.3,false,false,10,-20,-13,192,144,281,301,344,2,0,721822972,843343673
S,988,80,233,8.0,55.999992,8.0,0.4,0.3,false,false,10,-22,-15,192,142,281,299,344,2,0,721822972,843343673
S,989,80,241,8.0,63.999992,8.4,0.4,0.3,false,false,10,0,-17,192,140,281,297,344,2,0,721822972,843343673
I,990
S,990,80,236,-4.7,53.999992,-9.6,0.4,0.3,false,false,10,-2,-19,192,138,281,295,344,2,0,721822972,843343673
S,991,80,231,-4.3999996,44.399994,-9.200001,0.4,0.3,false,false,10,-4,-21,192,136,281,293,344,2,0,721822972,843343673
S,992,80,226,-4.0999994,35.199993,-8.800001,0.4,0.3,false,false,10,-6,-23,192,134,281,291,344,2,0,721822972,843343673
S,993,80,222,-3.7999995,26.399992,-8.400002,0.4,0.3,false,false,10,-8,-25,192,132,281,289,344,2,0,721822972,843343673
S,994,80,218,-3.4999995,17.99999,-8.000002,0.4,0.3,false,false,10,-10,-27,192,130,281,287,344,2,0,721822972,843343673
S,995,80,214,-3.1999996,9.999989,-7.600002,0.4,0.3,false,false,10,-12,-29,192,128,281,285,344,2,0,721822972,843343673
S,996,80,211,-2.8999996,2.3999867,-7.2000017,0.4,0.3,false,false,10,-14,-31,192,126,281,283,344,2,0,721822972,843343673
S,997,80,208,-2.5999997,-4.800015,-6.8000016,0.4,0.3,false,false,10,-16,-33,192,124,281,281,344,2,0,721822972,843343673
S,998,80,205,-2.2999997,-11.600017,-6.4000015,0.4,0.3,false,false,10,-18,-35,192,122,281,279,344,2,0,721822972,843343673
S,999,80,203,-1.9999998,-18.00002,-6.0000014,0.4,0.3,false,false,10,-20,-37,192,120,281,277,344,2,0,721822972,843343673
S,1000,80,201,-1.6999998,-20.0,-5.6000013,0.4,0.3,false,false,10,-22,-39,192,118,281,275,344,2,0,721822972,843343673
S,1001,80,199,-1.3999999,-20.0,-5.2000012,0.4,0.3,false,false,10,0,-41,192,116,281,273,344,2,0,721822972,843343673
S,1002,80,197,-1.0999999,-20.0,-4.800001,0.4,0.3,false,false,10,-2,-43,192,114,281,271,344,2,0,721822972,843343673
S,1003,80,196,-0.7999999,-20.0,-4.400001,0.4,0.3,false,false,10,-4,-45,192,112,281,269,344,2,0,721822972,843343673
S,1004,80,195,-0.49999988,-20.0,-4.000001,0.4,0.3,false,false,10,-6,-47,192,110,281,267,344,2,0,721822972,843343673
S,1005,80,194,-0.19999987,-20.0,-3.6000009,0.4,0.3,false,false,10,-8,-49,192,108,281,265,344,2,0,721822972,843343673
S,1006,80,194,0.10000014,-20.0,-3.2000008,0.4,0.3,false,false,10,-10,-51,192,106,281,263,344,2,0,721822972,843343673
S,1007,80,194,0.40000015,-20.0,-2.8000007,0.4,0.3,false,false,10,-12,104,281,261,344,418,310,2,0,170435014,976918693
S,1008,80,194,0.70000017,-20.0,-2.4000006,0.4,0.3,false,false,10,-14,102,281,259,344,416,310,2,0,170435014,976918693
S,1009,80,195,1.0000002,-20.0,-2.0000005,0.4,0.3,false,false,10,-16,100,281,257,344,414,310,2,0,170435014,976918693
S,1010,80,196,1.3000002,-20.0,-1.6000005,0.4,0.3,false,false,10,-18,98,281,255,344,412,310,2,0,170435014,976918693
S,1011,80,197,1.6000001,-20.0,-1.2000005,0.4,0.3,false,false,10,-20,96,281,253,344,410,310,2,0,170435014,976918693
S,1012,80,198,1.9000001,-20.0,-0.80000055,0.4,0.3,false,false,10,-22,94,281,251,344,408,310,2,0,170435014,976918693
S,1013,80,200,2.2,-20.0,-0.40000054,0.4,0.3,false,false,10,0,92,281,249,344,406,310,2,0,170435014,976918693
S,1014,80,202,2.5,-20.0,-5.364418E-7,0.4,0.3,false,false,10,-2,90,281,247,344,404,310,2,0,170435014,976918693
S,1015,80,204,2.8,-20.0,0.39999947,0.4,0.3,false,false,10,-4,88,281,245,344,402,310,2,0,170435014,976918693
S,1016,80,207,3.1,-19.6,0.7999995,0.4,0.3,false,false,10,-6,86,281,243,344,400,310,2,0,170435014,976918693
S,1017,80,210,3.3999999,-18.800001,1.1999995,0.4,0.3,false,false,10,-8,84,281,241,344,398,310,2,0,170435014,976918693
S,1018,80,213,3.6999998,-17.600002,1.5999994,0.4,0.3,false,false,10,-10,82,281,239,344,396,310,2,0,170435014,976918693
S,1019,80,217,3.9999998,-16.000004,1.9999994,0.4,0.3,false,false,11,-12,80,281,237,344,394,310,2,0,170435014,976918693
S,1020,80,221,4.2999997,-14.000005,2.3999994,0.4,0.3,false,false,11,-14,78,281,235,344,392,310,2,0,170435014,976918693
S,1021,80,225,4.6,-11.600005,2.7999995,0.4,0.3,false,false,11,-16,76,281,233,344,390,310,2,0,170435014,976918693
S,1022,80,229,4.9,-8.800006,3.1999996,0.4,0.3,false,false,11,-18,74,281,231,344,388,310,2,0,170435014,976918693
S,1023,80,234,5.2000003,-5.600006,3.5999997,0.4,0.3,false,false,11,-20,72,281,229,344,386,310,2,0,170435014,976918693
S,1024,80,239,5.5000005,-2.0000064,3.9999998,0.4,0.3,false,false,11,-22,70,281,227,344,384,310,2,0,170435014,976918693
I,1025
S,1025,80,234,-4.7,-12.000007,-9.6,0.4,0.3,false,false,11,0,68,281,225,344,382,310,2,0,170435014,976918693
S,1026,80,229,-4.3999996,-20.0,-9.200001,0.4,0.3,false,false,11,-2,66,281,223,344,380,310,2,0,170435014,976918693
S,1027,80,224,-4.0999994,-20.0,-8.800001,0.4,0.3,false,false,11,-4,64,281,221,344,378,310,2,0,170435014,976918693
S,1028,80,220,-3.7999995,-20.0,-8.400002,0.4,0.3,false,false,11,-6,62,281,219,344,376,310,2,0,170435014,976918693
S,1029,80,216,-3.4999995,-20.0,-8.000002,0.4,0.3,false,false,11,-8,60,281,217,344,374,310,2,0,170435014,976918693
S,1030,80,212,-3.1999996,-20.0,-7.600002,0.4,0.3,false,false,11,-10,58,281,215,344,372,310,2,0,170435014,976918693
S,1031,80,209,-2.8999996,-20.0,-7.2000017,0.4,0.3,false,false,11,-12,56,281,213,344,370,310,2,0,170435014,976918693
S,1032,80,206,-2.5999997,-20.0,-6.8000016,0.4,0.3,false,false,11,-14,54,281,211,344,368,310,2,0,170435014,976918693
S,1033,80,203,-2.2999997,-20.0,-6.4000015,0.4,0.3,false,false,11,-16,52,281,209,344,366,310,2,0,170435014,976918693
S,1034,80,201,-1.9999998,-20.0,-6.0000014,0.4,0.3,false,false,11,-18,50,281,207,344,364,310,2,0,170435014,976918693
S,1035,80,199,-1.6999998,-20.0,-5.6000013,0.4,0.3,false,false,11,-20,48,281,205,344,362,310,2,0,170435014,976918693
S,1036,80,197,-1.3999999,-20.0,-5.2000012,0.4,0.3,false,false,11,-22,46,281,203,344,360,310,2,0,170435014,976918693
S,1037,80,195,-1.0999999,-20.0,-4.800001,0.4,0.3,false,false,11,0,44,281,201,344,358,310,2,0,170435014,976918693
S,1038,80,194,-0.7999999,-20.0,-4.400001,0.4,0.3,false,false,11,-2,42,281,199,344,356,310,2,0,170435014,976918693
S,1039,80,193,-0.49999988,-20.0,-4.000001,0.4,0.3,false,false,11,-4,40,281,197,344,354,310,2,0,170435014,976918693
S,1040,80,192,-0.19999987,-20.0,-3.6000009,0.4,0.3,false,false,11,-6,38,281,195,344,352,310,2,0,170435014,976918693
S,1041,80,192,0.10000014,-20.0,-3.2000008,0.4,0.3,false,false,11,-8,36,281,193,344,350,310,2,0,170435014,976918693
S,1042,80,192,0.40000015,-20.0,-2.8000007,0.4,0.3,false,false,11,-10,34,281,191,344,348,310,2,0,170435014,976918693
S,1043,80,192,0.70000017,-20.0,-2.4000006,0.4,0.3,false,false,11,-12,32,281,189,344,346,310,2,0,170435014,976918693
S,1044,80,193,1.0000002,-20.0,-2.0000005,0.4,0.3,false,false,11,-14,30,281,187,344,344,310,2,0,170435014,976918693
S,1045,80,194,1.3000002,-20.0,-1.6000005,0.4,0.3,false,false,11,-16,28,281,185,344,342,310,2,0,170435014,976918693
S,1046,80,195,1.6000001,-20.0,-1.2000005,0.4,0.3,false,false,11,-18,26,281,183,344,340,310,2,0,170435014,976918693
S,1047,80,196,1.9000001,-20.0,-0.80000055,0.4,0.3,false,false,11,-20,24,281,181,344,338,310,2,0,170435014,976918693
S,1048,80,198,2.2,-20.0,-0.40000054,0.4,0.3,false,false,11,-22,22,281,179,344,336,310,2,0,170435014,976918693
S,1049,80,200,2.5,-20.0,-5.364418E-7,0.4,0.3,false,false,11,0,20,281,177,344,334,310,2,0,170435014,976918693
S,1050,80,202,2.8,-20.0,0.39999947,0.4,0.3,false,false,11,-2,18,281,175,344,332,310,2,0,170435014,976918693
S,1051,80,205,3.1,-19.6,0.7999995,0.4,0.3,false,false,11,-4,16,281,173,344,330,310,2,0,170435014,976918693
S,1052,80,208,3.3999999,-18.800001,1.1999995,0.4,0.3,false,false,11,-6,14,281,171,344,328,310,2,0,170435014,976918693
S,1053,80,211,3.6999998,-17.600002,1.5999994,0.4,0.3,false,false,11,-8,12,281,169,344,326,310,2,0,170435014,976918693
S,1054,80,215,3.9999998,-16.000004,1.9999994,0.4,0.3,false,false,11,-10,10,281,167,344,324,310,2,0,170435014,976918693
S,1055,80,219,4.2999997,-14.000005,2.3999994,0.4,0.3,false,false,11,-12,8,281,165,344,322,310,2,0,170435014,976918693
S,1056,80,223,4.6,-11.600005,2.7999995,0.4,0.3,false,false,11,-14,6,281,163,344,320,310,2,0,170435014,976918693
S,1057,80,227,4.9,-8.800006,3.1999996,0.4,0.3,false,false,11,-16,4,281,161,344,318,310,2,0,170435014,976918693
S,1058,80,232,5.2000003,-5.600006,3.5999997,0.4,0.3,false,false,11,-18,2,281,159,344,316,310,2,0,170435014,976918693
S,1059,80,237,5.5000005,-2.0000064,3.9999998,0.4,0.3,false,false,11,-20,0,281,157,344,314,310,2,0,170435014,976918693
S,1060,80,242,5.8000007,1.9999933,4.3999996,0.4,0.3,false,false,11,-22,-2,281,155,344,312,310,2,0,170435014,976918693
S,1061,80,248,6.100001,6.399993,4.7999997,0.4,0.3,false,false,11,0,-4,281,153,344,310,310,2,0,170435014,976918693
S,1062,80,254,6.400001,11.199993,5.2,0.4,0.3,false,false,11,-2,-6,281,151,344,308,310,2,0,170435014,976918693
S,1063,80,260,6.7000012,16.399994,5.6,0.4,0.3,false,false,11,-4,-8,281,149,344,306,310,2,0,170435014,976918693
S,1064,80,267,7.0000014,21.999994,6.0,0.4,0.3,false,false,11,-6,-10,281,147,344,304,310,2,0,170435014,976918693
S,1065,80,274,7.3000016,27.999994,6.4,0.4,0.3,false,false,11,-8,-12,281,145,344,302,310,2,0,170435014,976918693
S,1066,80,281,7.600002,34.399994,6.8,0.4,0.3,false,false,11,-10,-14,281,143,344,300,310,2,0,170435014,976918693
S,1067,80,288,7.900002,41.199993,7.2000003,0.4,0.3,false,false,11,-12,-16,281,141,344,298,310,2,0,170435014,976918693
S,1068,80,296,8.0,48.399994,7.6000004,0.4,0.3,false,false,11,-14,-18,281,139,344,296,310,2,0,170435014,976918693
S,1069,80,304,8.0,55.999992,8.0,0.4,0.3,false,false,11,-16,-20,281,137,344,294,310,2,0,170435014,976918693
I,1070
S,1070,80,299,-4.7,45.999992,-9.6,0.4,0.3,false,false,11,-18,-22,281,135,344,292,310,2,0,170435014,976918693
S,1071,80,294,-4.3999996,36.399994,-9.200001,0.4,0.3,false,false,11,-20,-24,281,133,344,290,310,2,0,170435014,976918693
S,1072,80,289,-4.0999994,27.199993,-8.800001,0.4,0.3,false,false,11,-22,-26,281,131,344,288,310,2,0,170435014,976918693
S,1073,80,285,-3.7999995,18.399992,-8.400002,0.4,0.3,false,false,11,0,-28,281,129,344,286,310,2,0,170435014,976918693
S,1074,80,281,-3.4999995,9.99999,-8.000002,0.4,0.3,false,false,11,-2,-30,281,127,344,284,310,2,0,170435014,976918693
S,1075,80,277,-3.1999996,1.9999886,-7.600002,0.4,0.3,false,false,11,-4,-32,281,125,344,282,310,2,0,170435014,976918693
S,1076,80,274,-2.8999996,-5.6000133,-7.2000017,0.4,0.3,false,false,11,-6,-34,281,123,344,280,310,2,0,170435014,976918693
S,1077,80,271,-2.5999997,-12.8000145,-6.8000016,0.4,0.3,false,false,11,-8,-36,281,121,344,278,310,2,0,170435014,976918693
S,1078,80,268,-2.2999997,-19.600016,-6.4000015,0.4,0.3,false,false,11,-10,-38,281,119,344,276,310,2,0,170435014,976918693
S,1079,80,266,-1.9999998,-20.0,-6.0000014,0.4,0.3,false,false,11,-12,-40,281,117,344,274,310,2,0,170435014,976918693
S,1080,80,264,-1.6999998,-20.0,-5.6000013,0.4,0.3,false,false,11,-14,-42,281,115,344,272,310,2,0,170435014,976918693
S,1081,80,262,-1.3999999,-20.0,-5.2000012,0.4,0.3,false,false,11,-16,-44,281,113,344,270,310,2,0,170435014,976918693
S,1082,80,260,-1.0999999,-20.0,-4.800001,0.4,0.3,false,false,11,-18,-46,281,111,344,268,310,2,0,170435014,976918693
S,1083,80,259,-0.7999999,-20.0,-4.400001,0.4,0.3,false,false,11,-20,-48,281,109,344,266,310,2,0,170435014,976918693
S,1084,80,258,-0.49999988,-20.0,-4.000001,0.4,0.3,false,false,11,-22,-50,281,107,344,264,310,2,0,170435014,976918693
S,1085,80,257,-0.19999987,-20.0,-3.6000009,0.4,0.3,false,false,11,0,-52,281,105,344,262,310,2,0,170435014,976918693
S,1086,80,257,0.10000014,-20.0,-3.2000008,0.4,0.3,false,false,11,-2,103,344,260,310,417,320,2,0,745454600,1444652519
S,1087,80,257,0.40000015,-20.0,-2.8000007,0.4,0.3,false,false,11,-4,101,344,258,310,415,320,2,0,745454600,1444652519
S,1088,80,257,0.70000017,-20.0,-2.4000006,0.4,0.3,false,false,11,-6,99,344,256,310,413,320,2,0,745454600,1444652519
S,1089,80,258,1.0000002,-20.0,-2.0000005,0.4,0.3,false,false,11,-8,97,344,254,310,411,320,2,0,745454600,1444652519
S,1090,80,259,1.3000002,-20.0,-1.6000005,0.4,0.3,false,false,11,-10,95,344,252,310,409,320,2,0,745454600,1444652519
S,1091,80,260,1.6000001,-20.0,-1.2000005,0.4,0.3,false,false,11,-12,93,344,250,310,407,320,2,0,745454600,1444652519
S,1092,80,261,1.9000001,-20.0,-0.80000055,0.4,0.3,false,false,11,-14,91,344,248,310,405,320,2,0,745454600,1444652519
S,1093,80,263,2.2,-20.0,-0.40000054,0.4,0.3,false,false,11,-16,89,344,246,310,403,320,2,0,745454600,1444652519
S,1094,80,265,2.5,-20.0,-5.364418E-7,0.4,0.3,false,false,11,-18,87,344,244,310,401,320,2,0,745454600,1444652519
S,1095,80,267,2.8,-20.0,0.39999947,0.4,0.3,false,false,11,-20,85,344,242,310,399,320,2,0,745454600,1444652519
S,1096,80,270,3.1,-19.6,0.7999995,0.4,0.3,false,false,11,-22,83,344,240,310,397,320,2,0,745454600,1444652519
S,1097,80,273,3.3999999,-18.800001,1.1999995,0.4,0.3,false,false,11,0,81,344,238,310,395,320,2,0,745454600,1444652519
S,1098,80,276,3.6999998,-17.600002,1.5999994,0.4,0.3,false,false,12,-2,79,344,236,310,393,320,2,0,745454600,1444652519
S,1099,80,280,3.9999998,-16.000004,1.9999994,0.4,0.3,false,false,12,-4,77,344,234,310,391,320,2,0,745454600,1444652519
S,1100,80,284,4.2999997,-14.000005,2.3999994,0.4,0.3,false,false,12,-6,75,344,232,310,389,320,2,0,745454600,1444652519
S,1101,80,288,4.6,-11.600005,2.7999995,0.4,0.3,false,false,12,-8,73,344,230,310,387,320,2,0,745454600,1444652519
S,1102,80,292,4.9,-8.800006,3.1999996,0.4,0.3,false,false,12,-10,71,344,228,310,385,320,2,0,745454600,1444652519
S,1103,80,297,5.2000003,-5.600006,3.5999997,0.4,0.3,false,false,12,-12,69,344,226,310,383,320,2,0,745454600,1444652519
S,1104,80,302,5.5000005,-2.0000064,3.9999998,0.4,0.3,false,false,12,-14,67,344,224,310,381,320,2,0,745454600,1444652519
I,1105
S,1105,80,297,-4.7,-12.000007,-9.6,0.4,0.3,false,false,12,-16,65,344,222,310,379,320,2,0,745454600,1444652519
S,1106,80,292,-4.3999996,-20.0,-9.200001,0.4,0.3,false,false,12,-18,63,344,220,310,377,320,2,0,745454600,1444652519
S,1107,80,287,-4.0999994,-20.0,-8.800001,0.4,0.3,false,false,12,-20,61,344,218,310,375,320,2,0,745454600,1444652519
S,1108,80,283,-3.7999995,-20.0,-8.400002,0.4,0.3,false,false,12,-22,59,344,216,310,373,320,2,0,745454600,1444652519
S,1109,80,279,-3.4999995,-20.0,-8.000002,0.4,0.3,false,false,12,0,57,344,214,310,371,320,2,0,745454600,1444652519
S,1110,80,275,-3.1999996,-20.0,-7.600002,0.4,0.3,false,false,12,-2,55,344,212,310,369,320,2,0,745454600,1444652519
S,1111,80,272,-2.8999996,-20.0,-7.2000017,0.4,0.3,false,false,12,-4,53,344,210,310,367,320,2,0,745454600,1444652519
S,1112,80,269,-2.5999997,-20.0,-6.8000016,0.4,0.3,false,false,12,-6,51,344,208,310,365,320,2,0,745454600,1444652519
S,1113,80,266,-2.2999997,-20.0,-6.4000015,0.4,0.3,false,false,12,-8,49,344,206,310,363,320,2,0,745454600,1444652519
S,1114,80,264,-1.9999998,-20.0,-6.0000014,0.4,0.3,false,false,12,-10,47,344,204,310,361,320,2,0,745454600,1444652519
S,1115,80,262,-1.6999998,-20.0,-5.6000013,0.4,0.3,false,false,12,-12,45,344,202,310,359,320,2,0,745454600,1444652519
S,1116,80,260,-1.3999999,-20.0,-5.2000012,0.4,0.3,false,false,12,-14,43,344,200,310,357,320,2,0,745454600,1444652519
S,1117,80,258,-1.0999999,-20.0,-4.800001,0.4,0.3,false,false,12,-16,41,344,198,310,355,320,2,0,745454600,1444652519
S,1118,80,257,-0.7999999,-20.0,-4.400001,0.4,0.3,false,false,12,-18,39,344,196,310,353,320,2,0,745454600,1444652519
S,1119,80,256,-0.49999988,-20.0,-4.000001,0.4,0.3,false,false,12,-20,37,344,194,310,351,320,2,0,745454600,1444652519
S,1120,80,255,-0.19999987,-20.0,-3.6000009,0.4,0.3,false,false,12,-22,35,344,192,310,349,320,2,0,745454600,1444652519
S,1121,80,255,0.10000014,-20.0,-3.2000008,0.4,0.3,false,false,12,0,33,344,190,310,347,320,2,0,745454600,1444652519
S,1122,80,255,0.40000015,-20.0,-2.8000007,0.4,0.3,false,false,12,-2,31,344,188,310,345,320,2,0,745454600,1444652519
S,1123,80,255,0.70000017,-20.0,-2.4000006,0.4,0.3,false,false,12,-4,29,344,186,310,343,320,2,0,745454600,1444652519
S,1124,80,256,1.0000002,-20.0,-2.0000005,0.4,0.3,false,false,12,-6,27,344,184,310,341,320,2,0,745454600,1444652519
S,1125,80,257,1.3000002,-20.0,-1.6000005,0.4,0.3,false,false,12,-8,25,344,182,310,339,320,2,0,745454600,1444652519
S,1126,80,258,1.6000001,-20.0,-1.2000005,0.4,0.3,false,false,12,-10,23,344,180,310,337,320,2,0,745454600,1444652519
S,1127,80,259,1.9000001,-20.0,-0.80000055,0.4,0.3,false,false,12,-12,21,344,178,310,335,320,2,0,745454600,1444652519
S,1128,80,261,2.2,-20.0,-0.40000054,0.4,0.3,false,false,12,-14,19,344,176,310,333,320,2,0,745454600,1444652519
S,1129,80,263,2.5,-20.0,-5.364418E-7,0.4,0.3,false,false,12,-16,17,344,174,310,331,320,2,0,745454600,1444652519
S,1130,80,265,2.8,-20.0,0.39999947,0.4,0.3,false,false,12,-18,15,344,172,310,329,320,2,0,745454600,1444652519
S,1131,80,268,3.1,-19.6,0.7999995,0.4,0.3,false,false,12,-20,13,344,170,310,327,320,2,0,745454600,1444652519
I,1132
S,1132,80,263,-4.7,-20.0,-9.6,0.4,0.3,false,false,12,-22,11,344,168,310,325,320,2,0,745454600,1444652519
S,1133,80,258,-4.3999996,-20.0,-9.200001,0.4,0.3,false,false,12,0,9,344,166,310,323,320,2,0,745454600,1444652519
S,1134,80,253,-4.0999994,-20.0,-8.800001,0.4,0.3,false,false,12,-2,7,344,164,310,321,320,2,0,745454600,1444652519
S,1135,80,249,-3.7999995,-20.0,-8.400002,0.4,0.3,false,false,12,-4,5,344,162,310,319,320,2,0,745454600,1444652519
S,1136,80,245,-3.4999995,-20.0,-8.000002,0.4,0.3,false,false,12,-6,3,344,160,310,317,320,2,0,745454600,1444652519
S,1137,80,241,-3.1999996,-20.0,-7.600002,0.4,0.3,false,false,12,-8,1,344,158,310,315,320,2,0,745454600,1444652519
S,1138,80,238,-2.8999996,-20.0,-7.2000017,0.4,0.3,false,false,12,-10,-1,344,156,310,313,320,2,0,745454600,1444652519
S,1139,80,235,-2.5999997,-20.0,-6.8000016,0.4,0.3,false,false,12,-12,-3,344,154,310,311,320,2,0,745454600,1444652519
S,1140,80,232,-2.2999997,-20.0,-6.4000015,0.4,0.3,false,false,12,-14,-5,344,152,310,309,320,2,0,745454600,1444652519
S,1141,80,230,-1.9999998,-20.0,-6.0000014,0.4,0.3,false,false,12,-16,-7,344,150,310,307,320,2,0,745454600,1444652519
S,1142,80,228,-1.6999998,-20.0,-5.6000013,0.4,0.3,false,false,12,-18,-9,344,148,310,305,320,2,0,745454600,1444652519
S,1143,80,226,-1.3999999,-20.0,-5.2000012,0.4,0.3,false,false,12,-20,-11,344,146,310,303,320,2,0,745454600,1444652519
S,1144,80,224,-1.0999999,-20.0,-4.800001,0.4,0.3,false,false,12,-22,-13,344,144,310,301,320,2,0,745454600,1444652519
S,1145,80,223,-0.7999999,-20.0,-4.400001,0.4,0.3,false,false,12,0,-15,344,142,310,299,320,2,0,745454600,1444652519
S,1146,80,222,-0.49999988,-20.0,-4.000001,0.4,0.3,false,false,12,-2,-17,344,140,310,297,320,2,0,745454600,1444652519
S,1147,80,221,-0.19999987,-20.0,-3.6000009,0.4,0.3,false,false,12,-4,-19,344,138,310,295,320,2,0,745454600,1444652519
S,1148,80,221,0.10000014,-20.0,-3.2000008,0.4,0.3,false,false,12,-6,-21,344,136,310,293,320,2,0,745454600,1444652519
S,1149,80,221,0.40000015,-20.0,-2.8000007,0.4,0.3,false,false,12,-8,-23,344,134,310,291,320,2,0,745454600,1444652519
S,1150,80,221,0.70000017,-20.0,-2.4000006,0.4,0.3,false,false,12,-10,-25,344,132,310,289,320,2,0,745454600,1444652519
S,1151,80,222,1.0000002,-20.0,-2.0000005,0.4,0.3,false,false,12,-12,-27,344,130,310,287,320,2,0,745454600,1444652519
S,1152,80,223,1.3000002,-20.0,-1.6000005,0.4,0.3,false,false,12,-14,-29,344,128,310,285,320,2,0,745454600,1444652519
S,1153,80,224,1.6000001,-20.0,-1.2000005,0.4,0.3,false,false,12,-16,-31,344,126,310,283,320,2,0,745454600,1444652519
S,1154,80,225,1.9000001,-20.0,-0.80000055,0.4,0.3,false,false,12,-18,-33,344,124,310,281,320,2,0,745454600,1444652519
S,1155,80,227,2.2,-20.0,-0.40000054,0.4,0.3,false,false,12,-20,-35,344,122,310,279,320,2,0,745454600,1444652519
S,1156,80,229,2.5,-20.0,-5.364418E-7,0.4,0.3,false,false,12,-22,-37,344,120,310,277,320,2,0,745454600,1444652519
S,1157,80,231,2.8,-20.0,0.39999947,0.4,0.3,false,false,12,0,-39,344,118,310,275,320,2,0,745454600,1444652519
S,1158,80,234,3.1,-19.6,0.7999995,0.4,0.3,false,false,12,-2,-41,344,116,310,273,320,2,0,745454600,1444652519
S,1159,80,237,3.3999999,-18.800001,1.1999995,0.4,0.3,false,false,12,-4,-43,344,114,310,271,320,2,0,745454600,1444652519
S,1160,80,240,3.6999998,-17.600002,1.5999994,0.4,0.3,false,false,12,-6,-45,344,112,310,269,320,2,0,745454600,1444652519
S,1161,80,244,3.9999998,-16.000004,1.9999994,0.4,0.3,false,false,12,-8,-47,344,110,310,267,320,2,0,745454600,1444652519
S,1162,80,248,4.2999997,-14.000005,2.3999994,0.4,0.3,false,false,12,-10,-49,344,108,310,265,320,2,0,745454600,1444652519
S,1163,80,252,4.6,-11.600005,2.7999995,0.4,0.3,false,false,12,-12,-51,344,106,310,263,320,2,0,745454600,1444652519
S,1164,80,256,4.9,-8.800006,3.1999996,0.4,0.3,false,false,12,-14,104,310,261,320,418,298,2,0,866459374,1570132442
S,1165,80,261,5.2000003,-5.600006,3.5999997,0.4,0.3,false,false,12,-16,102,310,259,320,416,298,2,0,866459374,1570132442
S,1166,80,266,5.5000005,-2.0000064,3.9999998,0.4,0.3,false,false,12,-18,100,310,257,320,414,298,2,0,866459374,1570132442
S,1167,80,271,5.8000007,1.9999933,4.3999996,0.4,0.3,false,false,12,-20,98,310,255,320,412,298,2,0,866459374,1570132442
I,1168
S,1168,80,266,-4.7,-8.000007,-9.6,0.4,0.3,false,false,12,-22,96,310,253,320,410,298,2,0,866459374,1570132442
S,1169,80,261,-4.3999996,-17.600006,-9.200001,0.4,0.3,false,false,12,0,94,310,251,320,408,298,2,0,866459374,1570132442
S,1170,80,256,-4.0999994,-20.0,-8.800001,0.4,0.3,false,false,12,-2,92,310,249,320,406,298,2,0,866459374,1570132442
S,1171,80,252,-3.7999995,-20.0,-8.400002,0.4,0.3,false,false,12,-4,90,310,247,320,404,298,2,0,866459374,1570132442
S,1172,80,248,-3.4999995,-20.0,-8.000002,0.4,0.3,false,false,12,-6,88,310,245,320,402,298,2,0,866459374,1570132442
S,1173,80,244,-3.1999996,-20.0,-7.600002,0.4,0.3,false,false,12,-8,86,310,243,320,400,298,2,0,866459374,1570132442
S,1174,80,241,-2.8999996,-20.0,-7.2000017,0.4,0.3,false,false,12,-10,84,310,241,320,398,298,2,0,866459374,1570132442
S,1175,80,238,-2.5999997,-20.0,-6.8000016,0.4,0.3,false,false,12,-12,82,310,239,320,396,298,2,0,866459374,1570132442
S,1176,80,235,-2.2999997,-20.0,-6.4000015,0.4,0.3,false,false,13,-14,80,310,237,320,394,298,2,0,866459374,1570132442
S,1177,80,233,-1.9999998,-20.0,-6.0000014,0.4,0.3,false,false,13,-16,78,310,235,320,392,298,2,0,866459374,1570132442
S,1178,80,231,-1.6999998,-20.0,-5.6000013,0.4,0.3,false,false,13,-18,76,310,233,320,390,298,2,0,866459374,1570132442
S,1179,80,229,-1.3999999,-20.0,-5.2000012,0.4,0.3,false,false,13,-20,74,310,231,320,388,298,2,0,866459374,1570132442
S,1180,80,227,-1.0999999,-20.0,-4.800001,0.4,0.3,false,false,13,-22,72,310,229,320,386,298,2,0,866459374,1570132442
S,1181,80,226,-0.7999999,-20.0,-4.400001,0.4,0.3,false,false,13,0,70,310,227,320,384,298,2,0,866459374,1570132442
S,1182,80,225,-0.49999988,-20.0,-4.000001,0.4,0.3,false,false,13,-2,68,310,225,320,382,298,2,0,866459374,1570132442
S,1183,80,224,-0.19999987,-20.0,-3.6000009,0.4,0.3,false,false,13,-4,66,310,223,320,380,298,2,0,866459374,1570132442
S,1184,80,224,0.10000014,-20.0,-3.2000008,0.4,0.3,false,false,13,-6,64,310,221,320,378,298,2,0,866459374,1570132442
S,1185,80,224,0.40000015,-20.0,-2.8000007,0.4,0.3,false,false,13,-8,62,310,219,320,376,298,2,0,866459374,1570132442
S,1186,80,224,0.70000017,-20.0,-2.4000006,0.4,0.3,false,false,13,-10,60,310,217,320,374,298,2,0,866459374,1570132442
S,1187,80,225,1.0000002,-20.0,-2.0000005,0.4,0.3,false,false,13,-12,58,310,215,320,372,298,2,0,866459374,1570132442
S,1188,80,226,1.3000002,-20.0,-1.6000005,0.4,0.3,false,false,13,-14,56,310,213,320,370,298,2,0,866459374,1570132442
S,1189,80,227,1.6000001,-20.0,-1.2000005,0.4,0.3,false,false,13,-16,54,310,211,320,368,298,2,0,866459374,1570132442
S,1190,80,228,1.9000001,-20.0,-0.80000055,0.4,0.3,false,false,13,-18,52,310,209,320,366,298,2,0,866459374,1570132442
S,1191,80,230,2.2,-20.0,-0.40000054,0.4,0.3,false,false,13,-20,50,310,207,320,364,298,2,0,866459374,1570132442
S,1192,80,232,2.5,-20.0,-5.364418E-7,0.4,0.3,false,false,13,-22,48,310,205,320,362,298,2,0,866459374,1570132442
S,1193,80,234,2.8,-20.0,0.39999947,0.4,0.3,false,false,13,0,46,310,203,320,360,298,2,0,866459374,1570132442
S,1194,80,237,3.1,-19.6,0.7999995,0.4,0.3,false,false,13,-2,44,310,201,320,358,298,2,0,866459374,1570132442
S,1195,80,240,3.3999999,-18.800001,1.1999995,0.4,0.3,false,false,13,-4,42,310,199,320,356,298,2,0,866459374,1570132442
S,1196,80,243,3.6999998,-17.600002,1.5999994,0.4,0.3,false,false,13,-6,40,310,197,320,354,298,2,0,866459374,1570132442
S,1197,80,247,3.9999998,-16.000004,1.9999994,0.4,0.3,false,false,13,-8,38,310,195,320,352,298,2,0,866459374,1570132442
S,1198,80,251,4.2999997,-14.000005,2.3999994,0.4,0.3,false,false,13,-10,36,310,193,320,350,298,2,0,866459374,1570132442
S,1199,80,255,4.6,-11.600005,2.7999995,0.4,0.3,false,false,13,-12,34,310,191,320,348,298,2,0,866459374,1570132442
S,1200,80,259,4.9,-8.800006,3.1999996,0.4,0.3,false,false,13,-14,32,310,189,320,346,298,2,0,866459374,1570132442
S,1201,80,264,5.2000003,-5.600006,3.5999997,0.4,0.3,false,false,13,-16,30,310,187,320,344,298,2,0,866459374,1570132442
S,1202,80,269,5.5000005,-2.0000064,3.9999998,0.4,0.3,false,false,13,-18,28,310,185,320,342,298,2,0,866459374,1570132442
I,1203
S,1203,80,264,-4.7,-12.000007,-9.6,0.4,0.3,false,false,13,-20,26,310,183,320,340,298,2,0,866459374,1570132442
S,1204,80,259,-4.3999996,-20.0,-9.200001,0.4,0.3,false,false,13,-22,24,310,181,320,338,298,2,0,866459374,1570132442
S,1205,80,254,-4.0999994,-20.0,-8.800001,0.4,0.3,false,false,13,0,22,310,179,320,336,298,2,0,866459374,1570132442
S,1206,80,250,-3.7999995,-20.0,-8.400002,0.4,0.3,false,false,13,-2,20,310,177,320,334,298,2,0,866459374,1570132442
S,1207,80,246,-3.4999995,-20.0,-8.000002,0.4,0.3,false,false,13,-4,18,310,175,320,332,298,2,0,866459374,1570132442
S,1208,80,242,-3.1999996,-20.0,-7.600002,0.4,0.3,false,false,13,-6,16,310,173,320,330,298,2,0,866459374,1570132442
S,1209,80,239,-2.8999996,-20.0,-7.2000017,0.4,0.3,false,false,13,-8,14,310,171,320,328,298,2,0,866459374,1570132442
S,1210,80,236,-2.5999997,-20.0,-6.8000016,0.4,0.3,false,false,13,-10,12,310,169,320,326,298,2,0,866459374,1570132442
S,1211,80,233,-2.2999997,-20.0,-6.4000015,0.4,0.3,false,false,13,-12,10,310,167,320,324,298,2,0,866459374,1570132442
S,1212,80,231,-1.9999998,-20.0,-6.0000014,0.4,0.3,false,false,13,-14,8,310,165,320,322,298,2,0,866459374,1570132442
S,1213,80,229,-1.6999998,-20.0,-5.6000013,0.4,0.3,false,false,13,-16,6,310,163,320,320,298,2,0,866459374,1570132442
S,1214,80,227,-1.3999999,-20.0,-5.2000012,0.4,0.3,false,false,13,-18,4,310,161,320,318,298,2,0,866459374,1570132442
S,1215,80,225,-1.0999999,-20.0,-4.800001,0.4,0.3,false,false,13,-20,2,310,159,320,316,298,2,0,866459374,1570132442
S,1216,80,224,-0.7999999,-20.0,-4.400001,0.4,0.3,false,false,13,-22,0,310,157,320,314,298,2,0,866459374,1570132442
S,1217,80,223,-0.49999988,-20.0,-4.000001,0.4,0.3,false,false,13,0,-2,310,155,320,312,298,2,0,866459374,1570132442
S,1218,80,222,-0.19999987,-20.0,-3.6000009,0.4,0.3,false,false,13,-2,-4,310,153,320,310,298,2,0,866459374,1570132442
S,1219,80,222,0.10000014,-20.0,-3.2000008,0.4,0.3,false,false,13,-4,-6,310,151,320,308,298,2,0,866459374,1570132442
S,1220,80,222,0.40000015,-20.0,-2.8000007,0.4,0.3,false,false,13,-6,-8,310,149,320,306,298,2,0,866459374,1570132442
S,1221,80,222,0.70000017,-20.0,-2.4000006,0.4,0.3,false,false,13,-8,-10,310,147,320,304,298,2,0,866459374,1570132442
S,1222,80,223,1.0000002,-20.0,-2.0000005,0.4,0.3,false,false,13,-10,-12,310,145,320,302,298,2,0,866459374,1570132442
S,1223,80,224,1.3000002,-20.0,-1.6000005,0.4,0.3,false,false,13,-12,-14,310,143,320,300,298,2,0,866459374,1570132442
S,1224,80,225,1.6000001,-20.0,-1.2000005,0.4,0.3,false,false,13,-14,-16,310,141,320,298,298,2,0,866459374,1570132442
S,1225,80,226,1.9000001,-20.0,-0.80000055,0.4,0.3,false,false,13,-16,-18,310,139,320,296,298,2,0,866459374,1570132442
S,1226,80,228,2.2,-20.0,-0.40000054,0.4,0.3,false,false,13,-18,-20,310,137,320,294,298,2,0,866459374,1570132442
S,1227,80,230,2.5,-20.0,-5.364418E-7,0.4,0.3,false,false,13,-20,-22,310,135,320,292,298,2,0,866459374,1570132442
S,1228,80,232,2.8,-20.0,0.39999947,0.4,0.3,false,false,13,-22,-24,310,133,320,290,298,2,0,866459374,1570132442
S,1229,80,235,3.1,-19.6,0.7999995,0.4,0.3,false,false,13,0,-26,310,131,320,288,298,2,0,866459374,1570132442
S,1230,80,238,3.3999999,-18.800001,1.1999995,0.4,0.3,false,false,13,-2,-28,310,129,320,286,298,2,0,866459374,1570132442
S,1231,80,241,3.6999998,-17.600002,1.5999994,0.4,0.3,false,false,13,-4,-30,310,127,320,284,298,2,0,866459374,1570132442
S,1232,80,245,3.9999998,-16.000004,1.9999994,0.4,0.3,false,false,13,-6,-32,310,125,320,282,298,2,0,866459374,1570132442
S,1233,80,249,4.2999997,-14.000005,2.3999994,0.4,0.3,false,false,13,-8,-34,310,123,320,280,298,2,0,866459374,1570132442
S,1234,80,253,4.6,-11.600005,2.7999995,0.4,0.3,false,false,13,-10,-36,310,121,320,278,298,2,0,866459374,1570132442
S,1235,80,257,4.9,-8.800006,3.1999996,0.4,0.3,false,false,13,-12,-38,310,119,320,276,298,2,0,866459374,1570132442
S,1236,80,262,5.2000003,-5.600006,3.5999997,0.4,0.3,false,false,13,-14,-40,310,117,320,274,298,2,0,866459374,1570132442
S,1237,80,267,5.5000005,-2.0000064,3.9999998,0.4,0.3,false,false,13,-16,-42,310,115,320,272,298,2,0,866459374,1570132442
S,1238,80,272,5.8000007,1.9999933,4.3999996,0.4,0.3,false,false,13,-18,-44,310,113,320,270,298,2,0,866459374,1570132442
S,1239,80,278,6.100001,6.399993,4.7999997,0.4,0.3,false,false,13,-20,-46,310,111,320,268,298,2,0,866459374,1570132442
I,1240
S,1240,80,273,-4.7,-3.600007,-9.6,0.4,0.3,false,false,13,-22,-48,310,109,320,266,298,2,0,866459374,1570132442
S,1241,80,268,-4.3999996,-13.200007,-9.200001,0.4,0.3,false,false,13,0,-50,310,107,320,264,298,2,0,866459374,1570132442
S,1242,80,263,-4.0999994,-20.0,-8.800001,0.4,0.3,false,false,13,-2,-52,310,105,320,262,298,2,0,866459374,1570132442
S,1243,80,259,-3.7999995,-20.0,-8.400002,0.4,0.3,false,false,13,-4,103,320,260,298,417,211,2,0,142537221,774672384
S,1244,80,255,-3.4999995,-20.0,-8.000002,0.4,0.3,false,false,13,-6,101,320,258,298,415,211,2,0,142537221,774672384
S,1245,80,251,-3.1999996,-20.0,-7.600002,0.4,0.3,false,false,13,-8,99,320,256,298,413,211,2,0,142537221,774672384
S,1246,80,248,-2.8999996,-20.0,-7.2000017,0.4,0.3,false,false,13,-10,97,320,254,298,411,211,2,0,142537221,774672384
S,1247,80,245,-2.5999997,-20.0,-6.8000016,0.4,0.3,false,false,13,-12,95,320,252,298,409,211,2,0,142537221,774672384
S,1248,80,242,-2.2999997,-20.0,-6.4000015,0.4,0.3,false,false,13,-14,93,320,250,298,407,211,2,0,142537221,774672384
S,1249,80,240,-1.9999998,-20.0,-6.0000014,0.4,0.3,false,false,13,-16,91,320,248,298,405,211,2,0,142537221,774672384
S,1250,80,238,-1.6999998,-20.0,-5.6000013,0.4,0.3,false,false,13,-18,89,320,246,298,403,211,2,0,142537221,774672384
S,1251,80,236,-1.3999999,-20.0,-5.2000012,0.4,0.3,false,false,13,-20,87,320,244,298,401,211,2,0,142537221,774672384
S,1252,80,234,-1.0999999,-20.0,-4.800001,0.4,0.3,false,false,13,-22,85,320,242,298,399,211,2,0,142537221,774672384
S,1253,80,233,-0.7999999,-20.0,-4.400001,0.4,0.3,false,false,13,0,83,320,240,298,397,211,2,0,142537221,774672384
S,1254,80,232,-0.49999988,-20.0,-4.000001,0.4,0.3,false,false,13,-2,81,320,238,298,395,211,2,0,142537221,774672384
S,1255,80,231,-0.19999987,-20.0,-3.6000009,0.4,0.3,false,false,14,-4,79,320,236,298,393,211,2,0,142537221,774672384
S,1256,80,231,0.10000014,-20.0,-3.2000008,0.4,0.3,false,false,14,-6,77,320,234,298,391,211,2,0,142537221,774672384
S,1257,80,231,0.40000015,-20.0,-2.8000007,0.4,0.3,false,false,14,-8,75,320,232,298,389,211,2,0,142537221,774672384
S,1258,80,231,0.70000017,-20.0,-2.4000006,0.4,0.3,false,false,14,-10,73,320,230,298,387,211,2,0,142537221,774672384
S,1259,80,232,1.0000002,-20.0,-2.0000005,0.4,0.3,false,false,14,-12,71,320,228,298,385,211,2,0,142537221,774672384
S,1260,80,233,1.3000002,-20.0,-1.6000005,0.4,0.3,false,false,14,-14,69,320,226,298,383,211,2,0,142537221,774672384
S,1261,80,234,1.6000001,-20.0,-1.2000005,0.4,0.3,false,false,14,-16,67,320,224,298,381,211,2,0,142537221,774672384
S,1262,80,235,1.9000001,-20.0,-0.80000055,0.4,0.3,false,false,14,-18,65,320,222,298,379,211,2,0,142537221,774672384
S,1263,80,237,2.2,-20.0,-0.40000054,0.4,0.3,false,false,14,-20,63,320,220,298,377,211,2,0,142537221,774672384
S,1264,80,239,2.5,-20.0,-5.364418E-7,0.4,0.3,false,false,14,-22,61,320,218,298,375,211,2,0,142537221,774672384
S,1265,80,241,2.8,-20.0,0.39999947,0.4,0.3,false,false,14,0,59,320,216,298,373,211,2,0,142537221,774672384
S,1266,80,244,3.1,-19.6,0.7999995,0.4,0.3,false,false,14,-2,57,320,214,298,371,211,2,0,142537221,774672384
S,1267,80,247,3.3999999,-18.800001,1.1999995,0.4,0.3,false,false,14,-4,55,320,212,298,369,211,2,0,142537221,774672384
S,1268,80,250,3.6999998,-17.600002,1.5999994,0.4,0.3,false,false,14,-6,53,320,210,298,367,211,2,0,142537221,774672384
S,1269,80,254,3.9999998,-16.000004,1.9999994,0.4,0.3,false,false,14,-8,51,320,208,298,365,211,2,0,142537221,774672384
S,1270,80,258,4.2999997,-14.000005,2.3999994,0.4,0.3,false,false,14,-10,49,320,206,298,363,211,2,0,142537221,774672384
S,1271,80,262,4.6,-11.600005,2.7999995,0.4,0.3,false,false,14,-12,47,320,204,298,361,211,2,0,142537221,774672384
S,1272,80,266,4.9,-8.800006,3.1999996,0.4,0.3,false,false,14,-14,45,320,202,298,359,211,2,0,142537221,774672384
S,1273,80,271,5.2000003,-5.600006,3.5999997,0.4,0.3,false,false,14,-16,43,320,200,298,357,211,2,0,142537221,774672384
S,1274,80,276,5.5000005,-2.0000064,3.9999998,0.4,0.3,false,false,14,-18,41,320,198,298,355,211,2,0,142537221,774672384
S,1275,80,281,5.8000007,1.9999933,4.3999996,0.4,0.3,false,false,14,-20,39,320,196,298,353,211,2,0,142537221,774672384
I,1276
S,1276,80,276,-4.7,-8.000007,-9.6,0.4,0.3,false,false,14,-22,37,320,194,298,351,211,2,0,142537221,774672384
S,1277,80,271,-4.3999996,-17.600006,-9.200001,0.4,0.3,false,false,14,0,35,320,192,298,349,211,2,0,142537221,774672384
S,1278,80,266,-4.0999994,-20.0,-8.800001,0.4,0.3,false,false,14,-2,33,320,190,298,347,211,2,0,142537221,774672384
S,1279,80,262,-3.7999995,-20.0,-8.400002,0.4,0.3,false,false,14,-4,31,320,188,298,345,211,2,0,142537221,774672384
S,1280,80,258,-3.4999995,-20.0,-8.000002,0.4,0.3,false,false,14,-6,29,320,186,298,343,211,2,0,142537221,774672384
S,1281,80,254,-3.1999996,-20.0,-7.600002,0.4,0.3,false,false,14,-8,27,320,184,298,341,211,2,0,142537221,774672384
S,1282,80,251,-2.8999996,-20.0,-7.2000017,0.4,0.3,false,false,14,-10,25,320,182,298,339,211,2,0,142537221,774672384
S,1283,80,248,-2.5999997,-20.0,-6.8000016,0.4,0.3,false,false,14,-12,23,320,180,298,337,211,2,0,142537221,774672384
S,1284,80,245,-2.2999997,-20.0,-6.4000015,0.4,0.3,false,false,14,-14,21,320,178,298,335,211,2,0,142537221,774672384
S,1285,80,243,-1.9999998,-20.0,-6.0000014,0.4,0.3,false,false,14,-16,19,320,176,298,333,211,2,0,142537221,774672384
S,1286,80,241,-1.6999998,-20.0,-5.6000013,0.4,0.3,false,false,14,-18,17,320,174,298,331,211,2,0,142537221,774672384
S,1287,80,239,-1.3999999,-20.0,-5.2000012,0.4,0.3,false,false,14,-20,15,320,172,298,329,211,2,0,142537221,774672384
S,1288,80,237,-1.0999999,-20.0,-4.800001,0.4,0.3,false,false,14,-22,13,320,170,298,327,211,2,0,142537221,774672384
S,1289,80,236,-0.7999999,-20.0,-4.400001,0.4,0.3,false,false,14,0,11,320,168,298,325,211,2,0,142537221,774672384
S,1290,80,235,-0.49999988,-20.0,-4.000001,0.4,0.3,false,false,14,-2,9,320,166,298,323,211,2,0,142537221,774672384
S,1291,80,234,-0.19999987,-20.0,-3.6000009,0.4,0.3,false,false,14,-4,7,320,164,298,321,211,2,0,142537221,774672384
S,1292,80,234,0.10000014,-20.0,-3.2000008,0.4,0.3,false,false,14,-6,5,320,162,298,319,211,2,0,142537221,774672384
S,1293,80,234,0.40000015,-20.0,-2.8000007,0.4,0.3,false,false,14,-8,3,320,160,298,317,211,2,0,142537221,774672384
S,1294,80,234,0.70000017,-20.0,-2.4000006,0.4,0.3,false,false,14,-10,1,320,158,298,315,211,2,0,142537221,774672384
S,1295,80,235,1.0000002,-20.0,-2.0000005,0.4,0.3,false,false,14,-12,-1,320,156,298,313,211,2,0,142537221,774672384
S,1296,80,236,1.3000002,-20.0,-1.6000005,0.4,0.3,false,false,14,-14,-3,320,154,298,311,211,2,0,142537221,774672384
S,1297,80,237,1.6000001,-20.0,-1.2000005,0.4,0.3,false,false,14,-16,-5,320,152,298,309,211,2,0,142537221,774672384
S,1298,80,238,1.9000001,-20.0,-0.80000055,0.4,0.3,false,false,14,-18,-7,320,150,298,307,211,2,0,142537221,774672384
S,1299,80,240,2.2,-20.0,-0.40000054,0.4,0.3,false,false,14,-20,-9,320,148,298,305,211,2,0,142537221,774672384
S,1300,80,242,2.5,-20.0,-5.364418E-7,0.4,0.3,false,false,14,-22,-11,320,146,298,303,211,2,0,142537221,774672384
S,1301,80,244,2.8,-20.0,0.39999947,0.4,0.3,false,false,14,0,-13,320,144,298,301,211,2,0,142537221,774672384
S,1302,80,247,3.1,-19.6,0.7999995,0.4,0.3,false,false,14,-2,-15,320,142,298,299,211,2,0,142537221,774672384
S,1303,80,250,3.3999999,-18.800001,1.1999995,0.4,0.3,false,false,14,-4,-17,320,140,298,297,211,2,0,142537221,774672384
S,1304,80,253,3.6999998,-17.600002,1.5999994,0.4,0.3,false,false,14,-6,-19,320,138,298,295,211,2,0,142537221,774672384
S,1305,80,257,3.9999998,-16.000004,1.9999994,0.4,0.3,false,false,14,-8,-21,320,136,298,293,211,2,0,142537221,774672384
I,1306
S,1306,80,252,-4.7,-20.0,-9.6,0.4,0.3,false,false,14,-10,-23,320,134,298,291,211,2,0,142537221,774672384
S,1307,80,247,-4.3999996,-20.0,-9.200001,0.4,0.3,false,false,14,-12,-25,320,132,298,289,211,2,0,142537221,774672384
S,1308,80,242,-4.0999994,-20.0,-8.800001,0.4,0.3,false,false,14,-14,-27,320,130,298,287,211,2,0,142537221,774672384
S,1309,80,238,-3.7999995,-20.0,-8.400002,0.4,0.3,false,false,14,-16,-29,320,128,298,285,211,2,0,142537221,774672384
S,1310,80,234,-3.4999995,-20.0,-8.000002,0.4,0.3,false,false,14,-18,-31,320,126,298,283,211,2,0,142537221,774672384
S,1311,80,230,-3.1999996,-20.0,-7.600002,0.4,0.3,false,false,14,-20,-33,320,124,298,281,211,2,0,142537221,774672384
S,1312,80,227,-2.8999996,-20.0,-7.2000017,0.4,0.3,false,false,14,-22,-35,320,122,298,279,211,2,0,142537221,774672384
S,1313,80,224,-2.5999997,-20.0,-6.8000016,0.4,0.3,false,false,14,0,-37,320,120,298,277,211,2,0,142537221,774672384
S,1314,80,221,-2.2999997,-20.0,-6.4000015,0.4,0.3,false,false,14,-2,-39,320,118,298,275,211,2,0,142537221,774672384
S,1315,80,219,-1.9999998,-20.0,-6.0000014,0.4,0.3,false,false,14,-4,-41,320,116,298,273,211,2,0,142537221,774672384
S,1316,80,217,-1.6999998,-20.0,-5.6000013,0.4,0.3,false,false,14,-6,-43,320,114,298,271,211,2,0,142537221,774672384
S,1317,80,215,-1.3999999,-20.0,-5.2000012,0.4,0.3,false,false,14,-8,-45,320,112,298,269,211,2,0,142537221,774672384
S,1318,80,213,-1.0999999,-20.0,-4.800001,0.4,0.3,false,false,14,-10,-47,320,110,298,267,211,2,0,142537221,774672384
S,1319,80,212,-0.7999999,-20.0,-4.400001,0.4,0.3,false,false,14,-12,-49,320,108,298,265,211,2,0,142537221,774672384
S,1320,80,211,-0.49999988,-20.0,-4.000001,0.4,0.3,false,false,14,-14,-51,320,106,298,263,211,2,0,142537221,774672384
S,1321,80,210,-0.19999987,-20.0,-3.6000009,0.4,0.3,false,false,14,-16,104,298,261,211,418,286,2,0,1115228174,1362837036
S,1322,80,210,0.10000014,-20.0,-3.2000008,0.4,0.3,false,false,14,-18,102,298,259,211,416,286,2,0,1115228174,1362837036
S,1323,80,210,0.40000015,-20.0,-2.8000007,0.4,0.3,false,false,14,-20,100,298,257,211,414,286,2,0,1115228174,1362837036
S,1324,80,210,0.70000017,-20.0,-2.4000006,0.4,0.3,false,false,14,-22,98,298,255,211,412,286,2,0,1115228174,1362837036
S,1325,80,211,1.0000002,-20.0,-2.0000005,0.4,0.3,false,false,14,0,96,298,253,211,410,286,2,0,1115228174,1362837036
S,1326,80,212,1.3000002,-20.0,-1.6000005,0.4,0.3,false,false,14,-2,94,298,251,211,408,286,2,0,1115228174,1362837036
S,1327,80,213,1.6000001,-20.0,-1.2000005,0.4,0.3,false,false,14,-4,92,298,249,211,406,286,2,0,1115228174,1362837036
S,1328,80,214,1.9000001,-20.0,-0.80000055,0.4,0.3,false,false,14,-6,90,298,247,211,404,286,2,0,1115228174,1362837036
S,1329,80,216,2.2,-20.0,-0.40000054,0.4,0.3,false,false,14,-8,88,298,245,211,402,286,2,0,1115228174,1362837036
S,1330,80,218,2.5,-20.0,-5.364418E-7,0.4,0.3,false,false,14,-10,86,298,243,211,400,286,2,0,1115228174,1362837036
S,1331,80,220,2.8,-20.0,0.39999947,0.4,0.3,false,false,14,-12,84,298,241,211,398,286,2,0,1115228174,1362837036
S,1332,80,223,3.1,-19.6,0.7999995,0.4,0.3,false,false,14,-14,82,298,239,211,396,286,2,0,1115228174,1362837036
S,1333,80,226,3.3999999,-18.800001,1.1999995,0.4,0.3,false,false,15,-16,80,298,237,211,394,286,2,0,1115228174,1362837036
S,1334,80,229,3.6999998,-17.600002,1.5999994,0.4,0.3,false,false,15,-18,78,298,235,211,392,286,2,0,1115228174,1362837036
S,1335,80,233,3.9999998,-16.000004,1.9999994,0.4,0.3,false,false,15,-20,76,298,233,211,390,286,2,0,1115228174,1362837036
S,1336,80,237,4.2999997,-14.000005,2.3999994,0.4,0.3,false,false,15,-22,74,298,231,211,388,286,2,0,1115228174,1362837036
S,1337,80,241,4.6,-11.600005,2.7999995,0.4,0.3,false,false,15,0,72,298,229,211,386,286,2,0,1115228174,1362837036
S,1338,80,245,4.9,-8.800006,3.1999996,0.4,0.3,false,false,15,-2,70,298,227,211,384,286,2,0,1115228174,1362837036
S,1339,80,250,5.2000003,-5.600006,3.5999997,0.4,0.3,false,false,15,-4,68,298,225,211,382,286,2,0,1115228174,1362837036
S,1340,80,255,5.5000005,-2.0000064,3.9999998,0.4,0.3,false,false,15,-6,66,298,223,211,380,286,2,0,1115228174,1362837036
I,1341
S,1341,80,250,-4.7,-12.000007,-9.6,0.4,0.3,false,false,15,-8,64,298,221,211,378,286,2,0,1115228174,1362837036
S,1342,80,245,-4.3999996,-20.0,-9.200001,0.4,0.3,false,false,15,-10,62,298,219,211,376,286,2,0,1115228174,1362837036
S,1343,80,240,-4.0999994,-20.0,-8.800001,0.4,0.3,false,false,15,-12,60,298,217,211,374,286,2,0,1115228174,1362837036
S,1344,80,236,-3.7999995,-20.0,-8.400002,0.4,0.3,false,false,15,-14,58,298,215,211,372,286,2,0,1115228174,1362837036
S,1345,80,232,-3.4999995,-20.0,-8.000002,0.4,0.3,false,false,15,-16,56,298,213,211,370,286,2,0,1115228174,1362837036
S,1346,80,228,-3.1999996,-20.0,-7.600002,0.4,0.3,false,false,15,-18,54,298,211,211,368,286,2,0,1115228174,1362837036
S,1347,80,225,-2.8999996,-20.0,-7.2000017,0.4,0.3,false,false,15,-20,52,298,209,211,366,286,2,0,1115228174,1362837036
S,1348,80,222,-2.5999997,-20.0,-6.8000016,0.4,0.3,false,false,15,-22,50,298,207,211,364,286,2,0,1115228174,1362837036
S,1349,80,219,-2.2999997,-20.0,-6.4000015,0.4,0.3,false,false,15,0,48,298,205,211,362,286,2,0,1115228174,1362837036
S,1350,80,217,-1.9999998,-20.0,-6.0000014,0.4,0.3,false,false,15,-2,46,298,203,211,360,286,2,0,1115228174,1362837036
S,1351,80,215,-1.6999998,-20.0,-5.6000013,0.4,0.3,false,false,15,-4,44,298,201,211,358,286,2,0,1115228174,1362837036
S,1352,80,213,-1.3999999,-20.0,-5.2000012,0.4,0.3,false,false,15,-6,42,298,199,211,356,286,2,0,1115228174,1362837036
S,1353,80,211,-1.0999999,-20.0,-4.800001,0.4,0.3,false,false,15,-8,40,298,197,211,354,286,2,0,1115228174,1362837036
S,1354,80,210,-0.7999999,-20.0,-4.400001,0.4,0.3,false,false,15,-10,38,298,195,211,352,286,2,0,1115228174,1362837036
S,1355,80,209,-0.49999988,-20.0,-4.000001,0.4,0.3,false,false,15,-12,36,298,193,211,350,286,2,0,1115228174,1362837036
S,1356,80,208,-0.19999987,-20.0,-3.6000009,0.4,0.3,false,false,15,-14,34,298,191,211,348,286,2,0,1115228174,1362837036
S,1357,80,208,0.10000014,-20.0,-3.2000008,0.4,0.3,false,false,15,-16,32,298,189,211,346,286,2,0,1115228174,1362837036
S,1358,80,208,0.40000015,-20.0,-2.8000007,0.4,0.3,false,false,15,-18,30,298,187,211,344,286,2,0,1115228174,1362837036
S,1359,80,208,0.70000017,-20.0,-2.4000006,0.4,0.3,false,false,15,-20,28,298,185,211,342,286,2,0,1115228174,1362837036
S,1360,80,209,1.0000002,-20.0,-2.0000005,0.4,0.3,false,false,15,-22,26,298,183,211,340,286,2,0,1115228174,1362837036
S,1361,80,210,1.3000002,-20.0,-1.6000005,0.4,0.3,false,false,15,0,24,298,181,211,338,286,2,0,1115228174,1362837036
S,1362,80,211,1.6000001,-20.0,-1.2000005,0.4,0.3,false,false,15,-2,22,298,179,211,336,286,2,0,1115228174,1362837036
S,1363,80,212,1.9000001,-20.0,-0.80000055,0.4,0.3,false,false,15,-4,20,298,177,211,334,286,2,0,1115228174,1362837036
S,1364,80,214,2.2,-20.0,-0.40000054,0.4,0.3,false,false,15,-6,18,298,175,211,332,286,2,0,1115228174,1362837036
I,1365
S,1365,80,209,-4.7,-20.0,-9.6,0.4,0.3,false,false,15,-8,16,298,173,211,330,286,2,0,1115228174,1362837036
S,1366,80,204,-4.3999996,-20.0,-9.200001,0.4,0.3,false,false,15,-10,14,298,171,211,328,286,2,0,1115228174,1362837036
S,1367,80,199,-4.0999994,-20.0,-8.800001,0.4,0.3,false,false,15,-12,12,298,169,211,326,286,2,0,1115228174,1362837036
S,1368,80,195,-3.7999995,-20.0,-8.400002,0.4,0.3,false,false,15,-14,10,298,167,211,324,286,2,0,1115228174,1362837036
S,1369,80,191,-3.4999995,-20.0,-8.000002,0.4,0.3,false,false,15,-16,8,298,165,211,322,286,2,0,1115228174,1362837036
S,1370,80,187,-3.1999996,-20.0,-7.600002,0.4,0.3,false,false,15,-18,6,298,163,211,320,286,2,0,1115228174,1362837036
S,1371,80,184,-2.8999996,-20.0,-7.2000017,0.4,0.3,false,false,15,-20,4,298,161,211,318,286,2,0,1115228174,1362837036
S,1372,80,181,-2.5999997,-20.0,-6.8000016,0.4,0.3,false,false,15,-22,2,298,159,211,316,286,2,0,1115228174,1362837036
S,1373,80,178,-2.2999997,-20.0,-6.4000015,0.4,0.3,false,false,15,0,0,298,157,211,314,286,2,0,1115228174,1362837036
S,1374,80,176,-1.9999998,-20.0,-6.0000014,0.4,0.3,false,false,15,-2,-2,298,155,211,312,286,2,0,1115228174,1362837036
S,1375,80,174,-1.6999998,-20.0,-5.6000013,0.4,0.3,false,false,15,-4,-4,298,153,211,310,286,2,0,1115228174,1362837036
S,1376,80,172,-1.3999999,-20.0,-5.2000012,0.4,0.3,false,false,15,-6,-6,298,151,211,308,286,2,0,1115228174,1362837036
S,1377,80,170,-1.0999999,-20.0,-4.800001,0.4,0.3,false,false,15,-8,-8,298,149,211,306,286,2,0,1115228174,1362837036
S,1378,80,169,-0.7999999,-20.0,-4.400001,0.4,0.3,false,false,15,-10,-10,298,147,211,304,286,2,0,1115228174,1362837036
S,1379,80,168,-0.49999988,-20.0,-4.000001,0.4,0.3,false,false,15,-12,-12,298,145,211,302,286,2,0,1115228174,1362837036
S,1380,80,167,-0.19999987,-20.0,-3.6000009,0.4,0.3,false,false,15,-14,-14,298,143,211,300,286,2,0,1115228174,1362837036
S,1381,80,167,0.10000014,-20.0,-3.2000008,0.4,0.3,false,false,15,-16,-16,298,141,211,298,286,2,0,1115228174,1362837036
S,1382,80,167,0.40000015,-20.0,-2.8000007,0.4,0.3,false,false,15,-18,-18,298,139,211,296,286,2,0,1115228174,1362837036
S,1383,80,167,0.70000017,-20.0,-2.4000006,0.4,0.3,false,false,15,-20,-20,298,137,211,294,286,2,0,1115228174,1362837036
S,1384,80,168,1.0000002,-20.0,-2.0000005,0.4,0.3,false,false,15,-22,-22,298,135,211,292,286,2,0,1115228174,1362837036
S,1385,80,169,1.3000002,-20.0,-1.6000005,0.4,0.3,false,false,15,0,-24,298,133,211,290,286,2,0,1115228174,1362837036
S,1386,80,170,1.6000001,-20.0,-1.2000005,0.4,0.3,false,false,15,-2,-26,298,131,211,288,286,2,0,1115228174,1362837036
S,1387,80,171,1.9000001,-20.0,-0.80000055,0.4,0.3,false,false,15,-4,-28,298,129,211,286,286,2,0,1115228174,1362837036
S,1388,80,173,2.2,-20.0,-0.40000054,0.4,0.3,false,false,15,-6,-30,298,127,211,284,286,2,0,1115228174,1362837036
I,1389
S,1389,80,168,-4.7,-20.0,-9.6,0.4,0.3,false,false,15,-8,-32,298,125,211,282,286,2,0,1115228174,1362837036
S,1390,80,163,-4.3999996,-20.0,-9.200001,0.4,0.3,false,false,15,-10,-34,298,123,211,280,286,2,0,1115228174,1362837036
S,1391,80,158,-4.0999994,-20.0,-8.800001,0.4,0.3,false,false,15,-12,-36,298,121,211,278,286,2,0,1115228174,1362837036
S,1392,80,154,-3.7999995,-20.0,-8.400002,0.4,0.3,false,false,15,-14,-38,298,119,211,276,286,2,0,1115228174,1362837036
S,1393,80,150,-3.4999995,-20.0,-8.000002,0.4,0.3,false,false,15,-16,-40,298,117,211,274,286,2,0,1115228174,1362837036
S,1394,80,146,-3.1999996,-20.0,-7.600002,0.4,0.3,false,false,15,-18,-42,298,115,211,272,286,2,0,1115228174,1362837036
S,1395,80,143,-2.8999996,-20.0,-7.2000017,0.4,0.3,false,false,15,-20,-44,298,113,211,270,286,2,0,1115228174,1362837036
S,1396,80,140,-2.5999997,-20.0,-6.8000016,0.4,0.3,false,false,15,-22,-46,298,111,211,268,286,2,0,1115228174,1362837036
S,1397,80,137,-2.2999997,-20.0,-6.4000015,0.4,0.3,false,false,15,0,-48,298,109,211,266,286,2,0,1115228174,1362837036
S,1398,80,135,-1.9999998,-20.0,-6.0000014,0.4,0.3,false,false,15,-2,-50,298,107,211,264,286,2,0,1115228174,1362837036
S,1399,80,133,-1.6999998,-20.0,-5.6000013,0.4,0.3,false,false,15,-4,-52,298,105,211,262,286,2,0,1115228174,1362837036
S,1400,80,131,-1.3999999,-20.0,-5.2000012,0.4,0.3,false,false,15,-6,103,211,260,286,417,183,2,0,37133017,588419399
S,1401,80,129,-1.0999999,-20.0,-4.800001,0.4,0.3,false,false,15,-8,101,211,258,286,415,183,2,0,37133017,588419399
S,1402,80,128,-0.7999999,-20.0,-4.400001,0.4,0.3,false,false,15,-10,99,211,256,286,413,183,2,0,37133017,588419399
S,1403,80,127,-0.49999988,-20.0,-4.000001,0.4,0.3,false,false,15,-12,97,211,254,286,411,183,2,0,37133017,588419399
S,1404,80,126,-0.19999987,-20.0,-3.6000009,0.4,0.3,false,false,15,-14,95,211,252,286,409,183,2,0,37133017,588419399
S,1405,80,126,0.10000014,-20.0,-3.2000008,0.4,0.3,false,false,15,-16,93,211,250,286,407,183,2,0,37133017,588419399
S,1406,80,126,0.40000015,-20.0,-2.8000007,0.4,0.3,false,false,15,-18,91,211,248,286,405,183,2,0,37133017,588419399
S,1407,80,126,0.70000017,-20.0,-2.4000006,0.4,0.3,false,false,15,-20,89,211,246,286,403,183,2,0,37133017,588419399
S,1408,80,127,1.0000002,-20.0,-2.0000005,0.4,0.3,false,false,15,-22,87,211,244,286,401,183,2,0,37133017,588419399
S,1409,80,128,1.3000002,-20.0,-1.6000005,0.4,0.3,false,false,15,0,85,211,242,286,399,183,2,0,37133017,588419399
S,1410,80,129,1.6000001,-20.0,-1.2000005,0.4,0.3,false,false,15,-2,83,211,240,286,397,183,2,0,37133017,588419399
S,1411,80,130,1.9000001,-20.0,-0.80000055,0.4,0.3,false,false,15,-4,81,211,238,286,395,183,2,0,37133017,588419399
S,1412,80,132,2.2,-20.0,-0.40000054,0.4,0.3,false,false,16,-6,79,211,236,286,393,183,2,0,37133017,588419399
S,1413,80,134,2.5,-20.0,-5.364418E-7,0.4,0.3,false,false,16,-8,77,211,234,286,391,183,2,0,37133017,588419399
S,1414,80,136,2.8,-20.0,0.39999947,0.4,0.3,false,false,16,-10,75,211,232,286,389,183,2,0,37133017,588419399
S,1415,80,139,3.1,-19.6,0.7999995,0.4,0.3,false,false,16,-12,73,211,230,286,387,183,2,0,37133017,588419399
S,1416,80,142,3.3999999,-18.800001,1.1999995,0.4,0.3,false,false,16,-14,71,211,228,286,385,183,2,0,37133017,588419399
S,1417,80,145,3.6999998,-17.600002,1.5999994,0.4,0.3,false,false,16,-16,69,211,226,286,383,183,2,0,37133017,588419399
S,1418,80,149,3.9999998,-16.000004,1.9999994,0.4,0.3,false,false,16,-18,67,211,224,286,381,183,2,0,37133017,588419399
S,1419,80,153,4.2999997,-14.000005,2.3999994,0.4,0.3,false,false,16,-20,65,211,222,286,379,183,2,0,37133017,588419399
S,1420,80,157,4.6,-11.600005,2.7999995,0.4,0.3,false,false,16,-22,63,211,220,286,377,183,2,0,37133017,588419399
S,1421,80,161,4.9,-8.800006,3.1999996,0.4,0.3,false,false,16,0,61,211,218,286,375,183,2,0,37133017,588419399
S,1422,80,166,5.2000003,-5.600006,3.5999997,0.4,0.3,false,false,16,-2,59,211,216,286,373,183,2,0,37133017,588419399
S,1423,80,171,5.5000005,-2.0000064,3.9999998,0.4,0.3,false,false,16,-4,57,211,214,286,371,183,2,0,37133017,588419399
I,1424
S,1424,80,166,-4.7,-12.000007,-9.6,0.4,0.3,false,false,16,-6,55,211,212,286,369,183,2,0,37133017,588419399
S,1425,80,161,-4.3999996,-20.0,-9.200001,0.4,0.3,false,false,16,-8,53,211,210,286,367,183,2,0,37133017,588419399
S,1426,80,156,-4.0999994,-20.0,-8.800001,0.4,0.3,false,false,16,-10,51,211,208,286,365,183,2,0,37133017,588419399
S,1427,80,152,-3.7999995,-20.0,-8.400002,0.4,0.3,false,false,16,-12,49,211,206,286,363,183,2,0,37133017,588419399
S,1428,80,148,-3.4999995,-20.0,-8.000002,0.4,0.3,false,false,16,-14,47,211,204,286,361,183,2,0,37133017,588419399
S,1429,80,144,-3.1999996,-20.0,-7.600002,0.4,0.3,false,false,16,-16,45,211,202,286,359,183,2,0,37133017,588419399
S,1430,80,141,-2.8999996,-20.0,-7.2000017,0.4,0.3,false,false,16,-18,43,211,200,286,357,183,2,0,37133017,588419399
S,1431,80,138,-2.5999997,-20.0,-6.8000016,0.4,0.3,false,false,16,-20,41,211,198,286,355,183,2,0,37133017,588419399
S,1432,80,135,-2.2999997,-20.0,-6.4000015,0.4,0.3,false,false,16,-22,39,211,196,286,353,183,2,0,37133017,588419399
S,1433,80,133,-1.9999998,-20.0,-6.0000014,0.4,0.3,false,false,16,0,37,211,194,286,351,183,2,0,37133017,588419399
S,1434,80,131,-1.6999998,-20.0,-5.6000013,0.4,0.3,false,false,16,-2,35,211,192,286,349,183,2,0,37133017,588419399
S,1435,80,129,-1.3999999,-20.0,-5.2000012,0.4,0.3,false,false,16,-4,33,211,190,286,347,183,2,0,37133017,588419399
S,1436,80,127,-1.0999999,-20.0,-4.800001,0.4,0.3,false,false,16,-6,31,211,188,286,345,183,2,0,37133017,588419399
S,1437,80,126,-0.7999999,-20.0,-4.400001,0.4,0.3,false,false,16,-8,29,211,186,286,343,183,2,0,37133017,588419399
S,1438,80,125,-0.49999988,-20.0,-4.000001,0.4,0.3,false,false,16,-10,27,211,184,286,341,183,2,0,37133017,588419399
S,1439,80,124,-0.19999987,-20.0,-3.6000009,0.4,0.3,false,false,16,-12,25,211,182,286,339,183,2,0,37133017,588419399
S,1440,80,124,0.10000014,-20.0,-3.2000008,0.4,0.3,false,false,16,-14,23,211,180,286,337,183,2,0,37133017,588419399
S,1441,80,124,0.40000015,-20.0,-2.8000007,0.4,0.3,false,false,16,-16,21,211,178,286,335,183,2,0,37133017,588419399
S,1442,80,124,0.70000017,-20.0,-2.4000006,0.4,0.3,false,false,16,-18,19,211,176,286,333,183,2,0,37133017,588419399
S,1443,80,125,1.0000002,-20.0,-2.0000005,0.4,0.3,false,false,16,-20,17,211,174,286,331,183,2,0,37133017,588419399
S,1444,80,126,1.3000002,-20.0,-1.6000005,0.4,0.3,false,false,16,-22,15,211,172,286,329,183,2,0,37133017,588419399
S,1445,80,127,1.6000001,-20.0,-1.2000005,0.4,0.3,false,false,16,0,13,211,170,286,327,183,2,0,37133017,588419399
S,1446,80,128,1.9000001,-20.0,-0.80000055,0.4,0.3,false,false,16,-2,11,211,168,286,325,183,2,0,37133017,588419399
S,1447,80,130,2.2,-20.0,-0.40000054,0.4,0.3,false,false,16,-4,9,211,166,286,323,183,2,0,37133017,588419399
S,1448,80,132,2.5,-20.0,-5.364418E-7,0.4,0.3,false,false,16,-6,7,211,164,286,321,183,2,0,37133017,588419399
S,1449,80,134,2.8,-20.0,0.39999947,0.4,0.3,false,false,16,-8,5,211,162,286,319,183,2,0,37133017,588419399
S,1450,80,137,3.1,-19.6,0.7999995,0.4,0.3,false,false,16,-10,3,211,160,286,317,183,2,0,37133017,588419399
S,1451,80,140,3.3999999,-18.800001,1.1999995,0.4,0.3,false,false,16,-12,1,211,158,286,315,183,2,0,37133017,588419399
S,1452,80,143,3.6999998,-17.600002,1.5999994,0.4,0.3,false,false,16,-14,-1,211,156,286,313,183,2,0,37133017,588419399
S,1453,80,147,3.9999998,-16.000004,1.9999994,0.4,0.3,false,false,16,-16,-3,211,154,286,311,183,2,0,37133017,588419399
S,1454,80,151,4.2999997,-14.000005,2.3999994,0.4,0.3,false,false,16,-18,-5,211,152,286,309,183,2,0,37133017,588419399
S,1455,80,155,4.6,-11.600005,2.7999995,0.4,0.3,false,false,16,-20,-7,211,150,286,307,183,2,0,37133017,588419399
S,1456,80,159,4.9,-8.800006,3.1999996,0.4,0.3,false,false,16,-22,-9,211,148,286,305,183,2,0,37133017,588419399
S,1457,80,164,5.2000003,-5.600006,3.5999997,0.4,0.3,false,false,16,0,-11,211,146,286,303,183,2,0,37133017,588419399
S,1458,80,169,5.5000005,-2.0000064,3.9999998,0.4,0.3,false,false,16,-2,-13,211,144,286,301,183,2,0,37133017,588419399
S,1459,80,174,5.8000007,1.9999933,4.3999996,0.4,0.3,false,false,16,-4,-15,211,142,286,299,183,2,0,37133017,588419399
S,1460,80,180,6.100001,6.399993,4.7999997,0.4,0.3,false,false,16,-6,-17,211,140,286,297,183,2,0,37133017,588419399
S,1461,80,186,6.400001,11.199993,5.2,0.4,0.3,false,false,16,-8,-19,211,138,286,295,183,2,0,37133017,588419399
S,1462,80,192,6.7000012,16.399994,5.6,0.4,0.3,false,false,16,-10,-21,211,136,286,293,183,2,0,37133017,588419399
S,1463,80,199,7.0000014,21.999994,6.0,0.4,0.3,false,false,16,-12,-23,211,134,286,291,183,2,0,37133017,588419399
S,1464,80,206,7.3000016,27.999994,6.4,0.4,0.3,false,false,16,-14,-25,211,132,286,289,183,2,0,37133017,588419399
S,1465,80,213,7.600002,34.399994,6.8,0.4,0.3,false,false,16,-16,-27,211,130,286,287,183,2,0,37133017,588419399
S,1466,80,220,7.900002,41.199993,7.2000003,0.4,0.3,false,false,16,-18,-29,211,128,286,285,183,2,0,37133017,588419399
S,1467,80,228,8.0,48.399994,7.6000004,0.4,0.3,false,false,16,-20,-31,211,126,286,283,183,2,0,37133017,588419399
S,1468,80,236,8.0,55.999992,8.0,0.4,0.3,false,false,16,-22,-33,211,124,286,281,183,2,0,37133017,588419399
S,1469,80,244,8.0,63.999992,8.4,0.4,0.3,false,false,16,0,-35,211,122,286,279,183,2,0,37133017,588419399
I,1470
S,1470,80,239,-4.7,53.999992,-9.6,0.4,0.3,false,false,16,-2,-37,211,120,286,277,183,2,0,37133017,588419399
S,1471,80,234,-4.3999996,44.399994,-9.200001,0.4,0.3,false,false,16,-4,-39,211,118,286,275,183,2,0,37133017,588419399
S,1472,80,229,-4.0999994,35.199993,-8.800001,0.4,0.3,false,false,16,-6,-41,211,116,286,273,183,2,0,37133017,588419399
S,1473,80,225,-3.7999995,26.399992,-8.400002,0.4,0.3,false,false,16,-8,-43,211,114,286,271,183,2,0,37133017,588419399
S,1474,80,221,-3.4999995,17.99999,-8.000002,0.4,0.3,false,false,16,-10,-45,211,112,286,269,183,2,0,37133017,588419399
S,1475,80,217,-3.1999996,9.999989,-7.600002,0.4,0.3,false,false,16,-12,-47,211,110,286,267,183,2,0,37133017,588419399
S,1476,80,214,-2.8999996,2.3999867,-7.2000017,0.4,0.3,false,false,16,-14,-49,211,108,286,265,183,2,0,37133017,588419399
S,1477,80,211,-2.5999997,-4.800015,-6.8000016,0.4,0.3,false,false,16,-16,-51,211,106,286,263,183,2,0,37133017,588419399
S,1478,80,208,-2.2999997,-11.600017,-6.4000015,0.4,0.3,false,false,16,-18,104,286,261,183,418,222,2,0,713538566,1374923057
S,1479,80,206,-1.9999998,-18.00002,-6.0000014,0.4,0.3,false,false,16,-20,102,286,259,183,416,222,2,0,713538566,1374923057
S,1480,80,204,-1.6999998,-20.0,-5.6000013,0.4,0.3,false,false,16,-22,100,286,257,183,414,222,2,0,713538566,1374923057
S,1481,80,202,-1.3999999,-20.0,-5.2000012,0.4,0.3,false,false,16,0,98,286,255,183,412,222,2,0,713538566,1374923057
S,1482,80,200,-1.0999999,-20.0,-4.800001,0.4,0.3,false,false,16,-2,96,286,253,183,410,222,2,0,713538566,1374923057
S,1483,80,199,-0.7999999,-20.0,-4.400001,0.4,0.3,false,false,16,-4,94,286,251,183,408,222,2,0,713538566,1374923057
S,1484,80,198,-0.49999988,-20.0,-4.000001,0.4,0.3,false,false,16,-6,92,286,249,183,406,222,2,0,713538566,1374923057
S,1485,80,197,-0.19999987,-20.0,-3.6000009,0.4,0.3,false,false,16,-8,90,286,247,183,404,222,2,0,713538566,1374923057
S,1486,80,197,0.10000014,-20.0,-3.2000008,0.4,0.3,false,false,16,-10,88,286,245,183,402,222,2,0,713538566,1374923057
S,1487,80,197,0.40000015,-20.0,-2.8000007,0.4,0.3,false,false,16,-12,86,286,243,183,400,222,2,0,713538566,1374923057
S,1488,80,197,0.70000017,-20.0,-2.4000006,0.4,0.3,false,false,16,-14,84,286,241,183,398,222,2,0,713538566,1374923057
S,1489,80,198,1.0000002,-20.0,-2.0000005,0.4,0.3,false,false,16,-16,82,286,239,183,396,222,2,0,713538566,1374923057
S,1490,80,199,1.3000002,-20.0,-1.6000005,0.4,0.3,false,false,17,-18,80,286,237,183,394,222,2,0,713538566,1374923057
S,1491,80,200,1.6000001,-20.0,-1.2000005,0.4,0.3,false,false,17,-20,78,286,235,183,392,222,2,0,713538566,1374923057
S,1492,80,201,1.9000001,-20.0,-0.80000055,0.4,0.3,false,false,17,-22,76,286,233,183,390,222,2,0,713538566,1374923057
S,1493,80,203,2.2,-20.0,-0.40000054,0.4,0.3,false,false,17,0,74,286,231,183,388,222,2,0,713538566,1374923057
S,1494,80,205,2.5,-20.0,-5.364418E-7,0.4,0.3,false,false,17,-2,72,286,229,183,386,222,2,0,713538566,1374923057
S,1495,80,207,2.8,-20.0,0.39999947,0.4,0.3,false,false,17,-4,70,286,227,183,384,222,2,0,713538566,1374923057
S,1496,80,210,3.1,-19.6,0.7999995,0.4,0.3,false,false,17,-6,68,286,225,183,382,222,2,0,713538566,1374923057
S,1497,80,213,3.3999999,-18.800001,1.1999995,0.4,0.3,false,false,17,-8,66,286,223,183,380,222,2,0,713538566,1374923057
S,1498,80,216,3.6999998,-17.600002,1.5999994,0.4,0.3,false,false,17,-10,64,286,221,183,378,222,2,0,713538566,1374923057
S,1499,80,220,3.9999998,-16.000004,1.9999994,0.4,0.3,false,false,17,-12,62,286,219,183,376,222,2,0,713538566,1374923057
S,1500,80,224,4.2999997,-14.000005,2.3999994,0.4,0.3,false,false,17,-14,60,286,217,183,374,222,2,0,713538566,1374923057
S,1501,80,228,4.6,-11.600005,2.7999995,0.4,0.3,false,false,17,-16,58,286,215,183,372,222,2,0,713538566,1374923057
S,1502,80,232,4.9,-8.800006,3.1999996,0.4,0.3,false,false,17,-18,56,286,213,183,370,222,2,0,713538566,1374923057
S,1503,80,237,5.2000003,-5.600006,3.5999997,0.4,0.3,false,false,17,-20,54,286,211,183,368,222,2,0,713538566,1374923057
S,1504,80,242,5.5000005,-2.0000064,3.9999998,0.4,0.3,false,false,17,-22,52,286,209,183,366,222,2,0,713538566,1374923057
S,1505,80,247,5.8000007,1.9999933,4.3999996,0.4,0.3,false,false,17,0,50,286,207,183,364,222,2,0,713538566,1374923057
I,1506
S,1506,80,242,-4.7,-8.000007,-9.6,0.4,0.3,false,false,17,-2,48,286,205,183,362,222,2,0,713538566,1374923057
S,1507,80,237,-4.3999996,-17.600006,-9.200001,0.4,0.3,false,false,17,-4,46,286,203,183,360,222,2,0,713538566,1374923057
S,1508,80,232,-4.0999994,-20.0,-8.800001,0.4,0.3,false,false,17,-6,44,286,201,183,358,222,2,0,713538566,1374923057
S,1509,80,228,-3.7999995,-20.0,-8.400002,0.4,0.3,false,false,17,-8,42,286,199,183,356,222,2,0,713538566,1374923057
S,1510,80,224,-3.4999995,-20.0,-8.000002,0.4,0.3,false,false,17,-10,40,286,197,183,354,222,2,0,713538566,1374923057
S,1511,80,220,-3.1999996,-20.0,-7.600002,0.4,0.3,false,false,17,-12,38,286,195,183,352,222,2,0,713538566,1374923057
S,1512,80,217,-2.8999996,-20.0,-7.2000017,0.4,0.3,false,false,17,-14,36,286,193,183,350,222,2,0,713538566,1374923057
S,1513,80,214,-2.5999997,-20.0,-6.8000016,0.4,0.3,false,false,17,-16,34,286,191,183,348,222,2,0,713538566,1374923057
S,1514,80,211,-2.2999997,-20.0,-6.4000015,0.4,0.3,false,false,17,-18,32,286,189,183,346,222,2,0,713538566,1374923057
S,1515,80,209,-1.9999998,-20.0,-6.0000014,0.4,0.3,false,false,17,-20,30,286,187,183,344,222,2,0,713538566,1374923057
S,1516,80,207,-1.6999998,-20.0,-5.6000013,0.4,0.3,false,false,17,-22,28,286,185,183,342,222,2,0,713538566,1374923057
S,1517,80,205,-1.3999999,-20.0,-5.2000012,0.4,0.3,false,false,17,0,26,286,183,183,340,222,2,0,713538566,1374923057
S,1518,80,203,-1.0999999,-20.0,-4.800001,0.4,0.3,false,false,17,-2,24,286,181,183,338,222,2,0,713538566,1374923057
S,1519,80,202,-0.7999999,-20.0,-4.400001,0.4,0.3,false,false,17,-4,22,286,179,183,336,222,2,0,713538566,1374923057
S,1520,80,201,-0.49999988,-20.0,-4.000001,0.4,0.3,false,false,17,-6,20,286,177,183,334,222,2,0,713538566,1374923057
S,1521,80,200,-0.19999987,-20.0,-3.6000009,0.4,0.3,false,false,17,-8,18,286,175,183,332,222,2,0,713538566,1374923057
S,1522,80,200,0.10000014,-20.0,-3.2000008,0.4,0.3,false,false,17,-10,16,286,173,183,330,222,2,0,713538566,1374923057
S,1523,80,200,0.40000015,-20.0,-2.8000007,0.4,0.3,false,false,17,-12,14,286,171,183,328,222,2,0,713538566,1374923057
S,1524,80,200,0.70000017,-20.0,-2.4000006,0.4,0.3,false,false,17,-14,12,286,169,183,326,222,2,0,713538566,1374923057
S,1525,80,201,1.0000002,-20.0,-2.0000005,0.4,0.3,false,false,17,-16,10,286,167,183,324,222,2,0,713538566,1374923057
S,1526,80,202,1.3000002,-20.0,-1.6000005,0.4,0.3,false,false,17,-18,8,286,165,183,322,222,2,0,713538566,1374923057
S,1527,80,203,1.6000001,-20.0,-1.2000005,0.4,0.3,false,false,17,-20,6,286,163,183,320,222,2,0,713538566,1374923057
S,1528,80,204,1.9000001,-20.0,-0.80000055,0.4,0.3,false,false,17,-22,4,286,161,183,318,222,2,0,713538566,1374923057
S,1529,80,206,2.2,-20.0,-0.40000054,0.4,0.3,false,false,17,0,2,286,159,183,316,222,2,0,713538566,1374923057
I,1530
S,1530,80,201,-4.7,-20.0,-9.6,0.4,0.3,false,false,17,-2,0,286,157,183,314,222,2,0,713538566,1374923057
S,1531,80,196,-4.3999996,-20.0,-9.200001,0.4,0.3,false,false,17,-4,-2,286,155,183,312,222,2,0,713538566,1374923057
S,1532,80,191,-4.0999994,-20.0,-8.800001,0.4,0.3,false,false,17,-6,-4,286,153,183,310,222,2,0,713538566,1374923057
S,1533,80,187,-3.7999995,-20.0,-8.400002,0.4,0.3,false,false,17,-8,-6,286,151,183,308,222,2,0,713538566,1374923057
S,1534,80,183,-3.4999995,-20.0,-8.000002,0.4,0.3,false,false,17,-10,-8,286,149,183,306,222,2,0,713538566,1374923057
S,1535,80,179,-3.1999996,-20.0,-7.600002,0.4,0.3,false,false,17,-12,-10,286,147,183,304,222,2,0,713538566,1374923057
S,1536,80,176,-2.8999996,-20.0,-7.2000017,0.4,0.3,false,false,17,-14,-12,286,145,183,302,222,2,0,713538566,1374923057
S,1537,80,173,-2.5999997,-20.0,-6.8000016,0.4,0.3,false,false,17,-16,-14,286,143,183,300,222,2,0,713538566,1374923057
S,1538,80,170,-2.2999997,-20.0,-6.4000015,0.4,0.3,false,false,17,-18,-16,286,141,183,298,222,2,0,713538566,1374923057
S,1539,80,168,-1.9999998,-20.0,-6.0000014,0.4,0.3,false,false,17,-20,-18,286,139,183,296,222,2,0,713538566,1374923057
S,1540,80,166,-1.6999998,-20.0,-5.6000013,0.4,0.3,false,false,17,-22,-20,286,137,183,294,222,2,0,713538566,1374923057
S,1541,80,164,-1.3999999,-20.0,-5.2000012,0.4,0.3,false,false,17,0,-22,286,135,183,292,222,2,0,713538566,1374923057
S,1542,80,162,-1.0999999,-20.0,-4.800001,0.4,0.3,false,false,17,-2,-24,286,133,183,290,222,2,0,713538566,1374923057
S,1543,80,161,-0.7999999,-20.0,-4.400001,0.4,0.3,false,false,17,-4,-26,286,131,183,288,222,2,0,713538566,1374923057
S,1544,80,160,-0.49999988,-20.0,-4.000001,0.4,0.3,false,false,17,-6,-28,286,129,183,286,222,2,0,713538566,1374923057
S,1545,80,159,-0.19999987,-20.0,-3.6000009,0.4,0.3,false,false,17,-8,-30,286,127,183,284,222,2,0,713538566,1374923057
S,1546,80,159,0.10000014,-20.0,-3.2000008,0.4,0.3,false,false,17,-10,-32,286,125,183,282,222,2,0,713538566,1374923057
S,1547,80,159,0.40000015,-20.0,-2.8000007,0.4,0.3,false,false,17,-12,-34,286,123,183,280,222,2,0,713538566,1374923057
S,1548,80,159,0.70000017,-20.0,-2.4000006,0.4,0.3,false,false,17,-14,-36,286,121,183,278,222,2,0,713538566,1374923057
S,1549,80,160,1.0000002,-20.0,-2.0000005,0.4,0.3,false,false,17,-16,-38,286,119,183,276,222,2,0,713538566,1374923057
S,1550,80,161,1.3000002,-20.0,-1.6000005,0.4,0.3,false,false,17,-18,-40,286,117,183,274,222,2,0,713538566,1374923057
S,1551,80,162,1.6000001,-20.0,-1.2000005,0.4,0.3,false,false,17,-20,-42,286,115,183,272,222,2,0,713538566,1374923057
S,1552,80,163,1.9000001,-20.0,-0.80000055,0.4,0.3,false,false,17,-22,-44,286,113,183,270,222,2,0,713538566,1374923057
S,1553,80,165,2.2,-20.0,-0.40000054,0.4,0.3,false,false,17,0,-46,286,111,183,268,222,2,0,713538566,1374923057
I,1554
S,1554,80,160,-4.7,-20.0,-9.6,0.4,0.3,false,false,17,-2,-48,286,109,183,266,222,2,0,713538566,1374923057
S,1555,80,155,-4.3999996,-20.0,-9.200001,0.4,0.3,false,false,17,-4,-50,286,107,183,264,222,2,0,713538566,1374923057
S,1556,80,150,-4.0999994,-20.0,-8.800001,0.4,0.3,false,false,17,-6,-52,286,105,183,262,222,2,0,713538566,1374923057
S,1557,80,146,-3.7999995,-20.0,-8.400002,0.4,0.3,false,false,17,-8,103,183,260,222,417,215,2,0,866422887,1601259276
S,1558,80,142,-3.4999995,-20.0,-8.000002,0.4,0.3,false,false,17,-10,101,183,258,222,415,215,2,0,866422887,1601259276
S,1559,80,138,-3.1999996,-20.0,-7.600002,0.4,0.3,false,false,17,-12,99,183,256,222,413,215,2,0,866422887,1601259276
S,1560,80,135,-2.8999996,-20.0,-7.2000017,0.4,0.3,false,false,17,-14,97,183,254,222,411,215,2,0,866422887,1601259276
S,1561,80,132,-2.5999997,-20.0,-6.8000016,0.4,0.3,false,false,17,-16,95,183,252,222,409,215,2,0,866422887,1601259276
S,1562,80,129,-2.2999997,-20.0,-6.4000015,0.4,0.3,false,false,17,-18,93,183,250,222,407,215,2,0,866422887,1601259276
S,1563,80,127,-1.9999998,-20.0,-6.0000014,0.4,0.3,false,false,17,-20,91,183,248,222,405,215,2,0,866422887,1601259276
S,1564,80,125,-1.6999998,-20.0,-5.6000013,0.4,0.3,false,false,17,-22,89,183,246,222,403,215,2,0,866422887,1601259276
S,1565,80,123,-1.3999999,-20.0,-5.2000012,0.4,0.3,false,false,17,0,87,183,244,222,401,215,2,0,866422887,1601259276
S,1566,80,121,-1.0999999,-20.0,-4.800001,0.4,0.3,false,false,17,-2,85,183,242,222,399,215,2,0,866422887,1601259276
S,1567,80,120,-0.7999999,-20.0,-4.400001,0.4,0.3,false,false,17,-4,83,183,240,222,397,215,2,0,866422887,1601259276
S,1568,80,119,-0.49999988,-20.0,-4.000001,0.4,0.3,false,false,17,-6,81,183,238,222,395,215,2,0,866422887,1601259276
S,1569,80,118,-0.19999987,-20.0,-3.6000009,0.4,0.3,false,false,18,-8,79,183,236,222,393,215,2,0,866422887,1601259276
S,1570,80,118,0.10000014,-20.0,-3.2000008,0.4,0.3,false,false,18,-10,77,183,234,222,391,215,2,0,866422887,1601259276
S,1571,80,118,0.40000015,-20.0,-2.8000007,0.4,0.3,false,false,18,-12,75,183,232,222,389,215,2,0,866422887,1601259276
S,1572,80,118,0.70000017,-20.0,-2.4000006,0.4,0.3,false,false,18,-14,73,183,230,222,387,215,2,0,866422887,1601259276
S,1573,80,119,1.0000002,-20.0,-2.0000005,0.4,0.3,false,false,18,-16,71,183,228,222,385,215,2,0,866422887,1601259276
S,1574,80,120,1.3000002,-20.0,-1.6000005,0.4,0.3,false,false,18,-18,69,183,226,222,383,215,2,0,866422887,1601259276
S,1575,80,121,1.6000001,-20.0,-1.2000005,0.4,0.3,false,false,18,-20,67,183,224,222,381,215,2,0,866422887,1601259276
S,1576,80,122,1.9000001,-20.0,-0.80000055,0.4,0.3,false,false,18,-22,65,183,222,222,379,215,2,0,866422887,1601259276
S,1577,80,124,2.2,-20.0,-0.40000054,0.4,0.3,false,false,18,0,63,183,220,222,377,215,2,0,866422887,1601259276
S,1578,80,126,2.5,-20.0,-5.364418E-7,0.4,0.3,false,false,18,-2,61,183,218,222,375,215,2,0,866422887,1601259276
S,1579,80,128,2.8,-20.0,0.39999947,0.4,0.3,false,false,18,-4,59,183,216,222,373,215,2,0,866422887,1601259276
S,1580,80,131,3.1,-19.6,0.7999995,0.4,0.3,false,false,18,-6,57,183,214,222,371,215,2,0,866422887,1601259276
S,1581,80,134,3.3999999,-18.800001,1.1999995,0.4,0.3,false,false,18,-8,55,183,212,222,369,215,2,0,866422887,1601259276
S,1582,80,137,3.6999998,-17.600002,1.5999994,0.4,0.3,false,false,18,-10,53,183,210,222,367,215,2,0,866422887,1601259276
S,1583,80,141,3.9999998,-16.000004,1.9999994,0.4,0.3,false,false,18,-12,51,183,208,222,365,215,2,0,866422887,1601259276
I,1584
S,1584,80,136,-4.7,-20.0,-9.6,0.4,0.3,false,false,18,-14,49,183,206,222,363,215,2,0,866422887,1601259276
S,1585,80,131,-4.3999996,-20.0,-9.200001,0.4,0.3,false,false,18,-16,47,183,204,222,361,215,2,0,866422887,1601259276
S,1586,80,126,-4.0999994,-20.0,-8.800001,0.4,0.3,false,false,18,-18,45,183,202,222,359,215,2,0,866422887,1601259276
S,1587,80,122,-3.7999995,-20.0,-8.400002,0.4,0.3,false,false,18,-20,43,183,200,222,357,215,2,0,866422887,1601259276
S,1588,80,118,-3.4999995,-20.0,-8.000002,0.4,0.3,false,false,18,-22,41,183,198,222,355,215,2,0,866422887,1601259276
S,1589,80,114,-3.1999996,-20.0,-7.600002,0.4,0.3,false,false,18,0,39,183,196,222,353,215,2,0,866422887,1601259276
S,1590,80,111,-2.8999996,-20.0,-7.2000017,0.4,0.3,false,false,18,-2,37,183,194,222,351,215,2,0,866422887,1601259276
S,1591,80,108,-2.5999997,-20.0,-6.8000016,0.4,0.3,false,false,18,-4,35,183,192,222,349,215,2,0,866422887,1601259276
S,1592,80,105,-2.2999997,-20.0,-6.4000015,0.4,0.3,false,false,18,-6,33,183,190,222,347,215,2,0,866422887,1601259276
S,1593,80,103,-1.9999998,-20.0,-6.0000014,0.4,0.3,false,false,18,-8,31,183,188,222,345,215,2,0,866422887,1601259276
S,1594,80,101,-1.6999998,-20.0,-5.6000013,0.4,0.3,false,false,18,-10,29,183,186,222,343,215,2,0,866422887,1601259276
S,1595,80,99,-1.3999999,-20.0,-5.2000012,0.4,0.3,false,false,18,-12,27,183,184,222,341,215,2,0,866422887,1601259276
S,1596,80,97,-1.0999999,-20.0,-4.800001,0.4,0.3,false,false,18,-14,25,183,182,222,339,215,2,0,866422887,1601259276
S,1597,80,96,-0.7999999,-20.0,-4.400001,0.4,0.3,false,false,18,-16,23,183,180,222,337,215,2,0,866422887,1601259276
S,1598,80,95,-0.49999988,-20.0,-4.000001,0.4,0.3,false,false,18,-18,21,183,178,222,335,215,2,0,866422887,1601259276
S,1599,80,94,-0.19999987,-20.0,-3.6000009,0.4,0.3,false,false,18,-20,19,183,176,222,333,215,2,0,866422887,1601259276
S,1600,80,94,0.10000014,-20.0,-3.2000008,0.4,0.3,false,false,18,-22,17,183,174,222,331,215,2,0,866422887,1601259276
S,1601,80,94,0.40000015,-20.0,-2.8000007,0.4,0.3,false,false,18,0,15,183,172,222,329,215,2,0,866422887,1601259276
S,1602,80,94,0.70000017,-20.0,-2.4000006,0.4,0.3,false,false,18,-2,13,183,170,222,327,215,2,0,866422887,1601259276
S,1603,80,95,1.0000002,-20.0,-2.0000005,0.4,0.3,false,false,18,-4,11,183,168,222,325,215,2,0,866422887,1601259276
S,1604,80,96,1.3000002,-20.0,-1.6000005,0.4,0.3,false,false,18,-6,9,183,166,222,323,215,2,0,866422887,1601259276
S,1605,80,97,1.6000001,-20.0,-1.2000005,0.4,0.3,false,false,18,-8,7,183,164,222,321,215,2,0,866422887,1601259276
S,1606,80,98,1.9000001,-20.0,-0.80000055,0.4,0.3,false,false,18,-10,5,183,162,222,319,215,2,0,866422887,1601259276
S,1607,80,100,2.2,-20.0,-0.40000054,0.4,0.3,false,false,18,-12,3,183,160,222,317,215,2,0,866422887,1601259276
S,1608,80,102,2.5,-20.0,-5.364418E-7,0.4,0.3,false,false,18,-14,1,183,158,222,315,215,2,0,866422887,1601259276
S,1609,80,104,2.8,-20.0,0.39999947,0.4,0.3,false,false,18,-16,-1,183,156,222,313,215,2,0,866422887,1601259276
S,1610,80,107,3.1,-19.6,0.7999995,0.4,0.3,false,false,18,-18,-3,183,154,222,311,215,2,0,866422887,1601259276
S,1611,80,110,3.3999999,-18.800001,1.1999995,0.4,0.3,false,false,18,-20,-5,183,152,222,309,215,2,0,866422887,1601259276
S,1612,80,113,3.6999998,-17.600002,1.5999994,0.4,0.3,false,false,18,-22,-7,183,150,222,307,215,2,0,866422887,1601259276
S,1613,80,117,3.9999998,-16.000004,1.9999994,0.4,0.3,false,false,18,0,-9,183,148,222,305,215,2,0,866422887,1601259276
S,1614,80,121,4.2999997,-14.000005,2.3999994,0.4,0.3,false,false,18,-2,-11,183,146,222,303,215,2,0,866422887,1601259276
S,1615,80,125,4.6,-11.600005,2.7999995,0.4,0.3,false,false,18,-4,-13,183,144,222,301,215,2,0,866422887,1601259276
S,1616,80,129,4.9,-8.800006,3.1999996,0.4,0.3,false,false,18,-6,-15,183,142,222,299,215,2,0,866422887,1601259276
S,1617,80,134,5.2000003,-5.600006,3.5999997,0.4,0.3,false,false,18,-8,-17,183,140,222,297,215,2,0,866422887,1601259276
S,1618,80,139,5.5000005,-2.0000064,3.9999998,0.4,0.3,false,false,18,-10,-19,183,138,222,295,215,2,0,866422887,1601259276
S,1619,80,144,5.8000007,1.9999933,4.3999996,0.4,0.3,false,false,18,-12,-21,183,136,222,293,215,2,0,866422887,1601259276
S,1620,80,150,6.100001,6.399993,4.7999997,0.4,0.3,false,false,18,-14,-23,183,134,222,291,215,2,0,866422887,1601259276
S,1621,80,156,6.400001,11.199993,5.2,0.4,0.3,false,false,18,-16,-25,183,132,222,289,215,2,0,866422887,1601259276
S,1622,80,162,6.7000012,16.399994,5.6,0.4,0.3,false,false,18,-18,-27,183,130,222,287,215,2,0,866422887,1601259276
S,1623,80,169,7.0000014,21.999994,6.0,0.4,0.3,false,false,18,-20,-29,183,128,222,285,215,2,0,866422887,1601259276
S,1624,80,176,7.3000016,27.999994,6.4,0.4,0.3,false,false,18,-22,-31,183,126,222,283,215,2,0,866422887,1601259276
S,1625,80,183,7.600002,34.399994,6.8,0.4,0.3,false,false,18,0,-33,183,124,222,281,215,2,0,866422887,1601259276
I,1626
S,1626,80,178,-4.7,24.399994,-9.6,0.4,0.3,false,false,18,-2,-35,183,122,222,279,215,2,0,866422887,1601259276
S,1627,80,173,-4.3999996,14.7999935,-9.200001,0.4,0.3,false,false,18,-4,-37,183,120,222,277,215,2,0,866422887,1601259276
S,1628,80,168,-4.0999994,5.5999928,-8.800001,0.4,0.3,false,false,18,-6,-39,183,118,222,275,215,2,0,866422887,1601259276
S,1629,80,164,-3.7999995,-3.2000084,-8.400002,0.4,0.3,false,false,18,-8,-41,183,116,222,273,215,2,0,866422887,1601259276
S,1630,80,160,-3.4999995,-11.60001,-8.000002,0.4,0.3,false,false,18,-10,-43,183,114,222,271,215,2,0,866422887,1601259276
S,1631,80,156,-3.1999996,-19.600012,-7.600002,0.4,0.3,false,false,18,-12,-45,183,112,222,269,215,2,0,866422887,1601259276
S,1632,80,153,-2.8999996,-20.0,-7.2000017,0.4,0.3,false,false,18,-14,-47,183,110,222,267,215,2,0,866422887,1601259276
S,1633,80,150,-2.5999997,-20.0,-6.8000016,0.4,0.3,false,false,18,-16,-49,183,108,222,265,215,2,0,866422887,1601259276
S,1634,80,147,-2.2999997,-20.0,-6.4000015,0.4,0.3,false,false,18,-18,-51,183,106,222,263,215,2,0,866422887,1601259276
S,1635,80,145,-1.9999998,-20.0,-6.0000014,0.4,0.3,false,false,18,-20,104,222,261,215,418,240,2,0,665419220,672416605
S,1636,80,143,-1.6999998,-20.0,-5.6000013,0.4,0.3,false,false,18,-22,102,222,259,215,416,240,2,0,665419220,672416605
S,1637,80,141,-1.3999999,-20.0,-5.2000012,0.4,0.3,false,false,18,0,100,222,257,215,414,240,2,0,665419220,672416605
S,1638,80,139,-1.0999999,-20.0,-4.800001,0.4,0.3,false,false,18,-2,98,222,255,215,412,240,2,0,665419220,672416605
S,1639,80,138,-0.7999999,-20.0,-4.400001,0.4,0.3,false,false,18,-4,96,222,253,215,410,240,2,0,665419220,672416605
S,1640,80,137,-0.49999988,-20.0,-4.000001,0.4,0.3,false,false,18,-6,94,222,251,215,408,240,2,0,665419220,672416605
S,1641,80,136,-0.19999987,-20.0,-3.6000009,0.4,0.3,false,false,18,-8,92,222,249,215,406,240,2,0,665419220,672416605
S,1642,80,136,0.10000014,-20.0,-3.2000008,0.4,0.3,false,false,18,-10,90,222,247,215,404,240,2,0,665419220,672416605
S,1643,80,136,0.40000015,-20.0,-2.8000007,0.4,0.3,false,false,18,-12,88,222,245,215,402,240,2,0,665419220,672416605
S,1644,80,136,0.70000017,-20.0,-2.4000006,0.4,0.3,false,false,18,-14,86,222,243,215,400,240,2,0,665419220,672416605
S,1645,80,137,1.0000002,-20.0,-2.0000005,0.4,0.3,false,false,18,-16,84,222,241,215,398,240,2,0,665419220,672416605
S,1646,80,138,1.3000002,-20.0,-1.6000005,0.4,0.3,false,false,18,-18,82,222,239,215,396,240,2,0,665419220,672416605
S,1647,80,139,1.6000001,-20.0,-1.2000005,0.4,0.3,false,false,19,-20,80,222,237,215,394,240,2,0,665419220,672416605
S,1648,80,140,1.9000001,-20.0,-0.80000055,0.4,0.3,false,false,19,-22,78,222,235,215,392,240,2,0,665419220,672416605
S,1649,80,142,2.2,-20.0,-0.40000054,0.4,0.3,false,false,19,0,76,222,233,215,390,240,2,0,665419220,672416605
S,1650,80,144,2.5,-20.0,-5.364418E-7,0.4,0.3,false,false,19,-2,74,222,231,215,388,240,2,0,665419220,672416605
S,1651,80,146,2.8,-20.0,0.39999947,0.4,0.3,false,false,19,-4,72,222,229,215,386,240,2,0,665419220,672416605
S,1652,80,149,3.1,-19.6,0.7999995,0.4,0.3,false,false,19,-6,70,222,227,215,384,240,2,0,665419220,672416605
S,1653,80,152,3.3999999,-18.800001,1.1999995,0.4,0.3,false,false,19,-8,68,222,225,215,382,240,2,0,665419220,672416605
S,1654,80,155,3.6999998,-17.600002,1.5999994,0.4,0.3,false,false,19,-10,66,222,223,215,380,240,2,0,665419220,672416605
S,1655,80,159,3.9999998,-16.000004,1.9999994,0.4,0.3,false,false,19,-12,64,222,221,215,378,240,2,0,665419220,672416605
S,1656,80,163,4.2999997,-14.000005,2.3999994,0.4,0.3,false,false,19,-14,62,222,219,215,376,240,2,0,665419220,672416605
S,1657,80,167,4.6,-11.600005,2.7999995,0.4,0.3,false,false,19,-16,60,222,217,215,374,240,2,0,665419220,672416605
S,1658,80,171,4.9,-8.800006,3.1999996,0.4,0.3,false,false,19,-18,58,222,215,215,372,240,2,0,665419220,672416605
S,1659,80,176,5.2000003,-5.600006,3.5999997,0.4,0.3,false,false,19,-20,56,222,213,215,370,240,2,0,665419220,672416605
S,1660,80,181,5.5000005,-2.0000064,3.9999998,0.4,0.3,false,false,19,-22,54,222,211,215,368,240,2,0,665419220,672416605
I,1661
S,1661,80,176,-4.7,-12.000007,-9.6,0.4,0.3,false,false,19,0,52,222,209,215,366,240,2,0,665419220,672416605
S,1662,80,171,-4.3999996,-20.0,-9.200001,0.4,0.3,false,false,19,-2,50,222,207,215,364,240,2,0,665419220,672416605
S,1663,80,166,-4.0999994,-20.0,-8.800001,0.4,0.3,false,false,19,-4,48,222,205,215,362,240,2,0,665419220,672416605
S,1664,80,162,-3.7999995,-20.0,-8.400002,0.4,0.3,false,false,19,-6,46,222,203,215,360,240,2,0,665419220,672416605
S,1665,80,158,-3.4999995,-20.0,-8.000002,0.4,0.3,false,false,19,-8,44,222,201,215,358,240,2,0,665419220,672416605
S,1666,80,154,-3.1999996,-20.0,-7.600002,0.4,0.3,false,false,19,-10,42,222,199,215,356,240,2,0,665419220,672416605
S,1667,80,151,-2.8999996,-20.0,-7.2000017,0.4,0.3,false,false,19,-12,40,222,197,215,354,240,2,0,665419220,672416605
S,1668,80,148,-2.5999997,-20.0,-6.8000016,0.4,0.3,false,false,19,-14,38,222,195,215,352,240,2,0,665419220,672416605
S,1669,80,145,-2.2999997,-20.0,-6.4000015,0.4,0.3,false,false,19,-16,36,222,193,215,350,240,2,0,665419220,672416605
S,1670,80,143,-1.9999998,-20.0,-6.0000014,0.4,0.3,false,false,19,-18,34,222,191,215,348,240,2,0,665419220,672416605
S,1671,80,141,-1.6999998,-20.0,-5.6000013,0.4,0.3,false,false,19,-20,32,222,189,215,346,240,2,0,665419220,672416605
S,1672,80,139,-1.3999999,-20.0,-5.2000012,0.4,0.3,false,false,19,-22,30,222,187,215,344,240,2,0,665419220,672416605
S,1673,80,137,-1.0999999,-20.0,-4.800001,0.4,0.3,false,false,19,0,28,222,185,215,342,240,2,0,665419220,672416605
S,1674,80,136,-0.7999999,-20.0,-4.400001,0.4,0.3,false,false,19,-2,26,222,183,215,340,240,2,0,665419220,672416605
S,1675,80,135,-0.49999988,-20.0,-4.000001,0.4,0.3,false,false,19,-4,24,222,181,215,338,240,2,0,665419220,672416605
S,1676,80,134,-0.19999987,-20.0,-3.6000009,0.4,0.3,false,false,19,-6,22,222,179,215,336,240,2,0,665419220,672416605
S,1677,80,134,0.10000014,-20.0,-3.2000008,0.4,0.3,false,false,19,-8,20,222,177,215,334,240,2,0,665419220,672416605
S,1678,80,134,0.40000015,-20.0,-2.8000007,0.4,0.3,false,false,19,-10,18,222,175,215,332,240,2,0,665419220,672416605
S,1679,80,134,0.70000017,-20.0,-2.4000006,0.4,0.3,false,false,19,-12,16,222,173,215,330,240,2,0,665419220,672416605
S,1680,80,135,1.0000002,-20.0,-2.0000005,0.4,0.3,false,false,19,-14,14,222,171,215,328,240,2,0,665419220,672416605
S,1681,80,136,1.3000002,-20.0,-1.6000005,0.4,0.3,false,false,19,-16,12,222,169,215,326,240,2,0,665419220,672416605
S,1682,80,137,1.6000001,-20.0,-1.2000005,0.4,0.3,false,false,19,-18,10,222,167,215,324,240,2,0,665419220,672416605
S,1683,80,138,1.9000001,-20.0,-0.80000055,0.4,0.3,false,false,19,-20,8,222,165,215,322,240,2,0,665419220,672416605
S,1684,80,140,2.2,-20.0,-0.40000054,0.4,0.3,false,false,19,-22,6,222,163,215,320,240,2,0,665419220,672416605
S,1685,80,142,2.5,-20.0,-5.364418E-7,0.4,0.3,false,false,19,0,4,222,161,215,318,240,2,0,665419220,672416605
S,1686,80,144,2.8,-20.0,0.39999947,0.4,0.3,false,false,19,-2,2,222,159,215,316,240,2,0,665419220,672416605
S,1687,80,147,3.1,-19.6,0.7999995,0.4,0.3,false,false,19,-4,0,222,157,215,314,240,2,0,665419220,672416605
S,1688,80,150,3.3999999,-18.800001,1.1999995,0.4,0.3,false,false,19,-6,-2,222,155,215,312,240,2,0,665419220,672416605
S,1689,80,153,3.6999998,-17.600002,1.5999994,0.4,0.3,false,false,19,-8,-4,222,153,215,310,240,2,0,665419220,672416605
S,1690,80,157,3.9999998,-16.000004,1.9999994,0.4,0.3,false,false,19,-10,-6,222,151,215,308,240,2,0,665419220,672416605
S,1691,80,161,4.2999997,-14.000005,2.3999994,0.4,0.3,false,false,19,-12,-8,222,149,215,306,240,2,0,665419220,672416605
S,1692,80,165,4.6,-11.600005,2.7999995,0.4,0.3,false,false,19,-14,-10,222,147,215,304,240,2,0,665419220,672416605
S,1693,80,169,4.9,-8.800006,3.1999996,0.4,0.3,false,false,19,-16,-12,222,145,215,302,240,2,0,665419220,672416605
S,1694,80,174,5.2000003,-5.600006,3.5999997,0.4,0.3,false,false,19,-18,-14,222,143,215,300,240,2,0,665419220,672416605
I,1695
S,1695,80,169,-4.7,-15.600006,-9.6,0.4,0.3,false,false,19,-20,-16,222,141,215,298,240,2,0,665419220,672416605
S,1696,80,164,-4.3999996,-20.0,-9.200001,0.4,0.3,false,false,19,-22,-18,222,139,215,296,240,2,0,665419220,672416605
S,1697,80,159,-4.0999994,-20.0,-8.800001,0.4,0.3,false,false,19,0,-20,222,137,215,294,240,2,0,665419220,672416605
S,1698,80,155,-3.7999995,-20.0,-8.400002,0.4,0.3,false,false,19,-2,-22,222,135,215,292,240,2,0,665419220,672416605
S,1699,80,151,-3.4999995,-20.0,-8.000002,0.4,0.3,false,false,19,-4,-24,222,133,215,290,240,2,0,665419220,672416605
S,1700,80,147,-3.1999996,-20.0,-7.600002,0.4,0.3,false,false,19,-6,-26,222,131,215,288,240,2,0,665419220,672416605
S,1701,80,144,-2.8999996,-20.0,-7.2000017,0.4,0.3,false,false,19,-8,-28,222,129,215,286,240,2,0,665419220,672416605
S,1702,80,141,-2.5999997,-20.0,-6.8000016,0.4,0.3,false,false,19,-10,-30,222,127,215,284,240,2,0,665419220,672416605
S,1703,80,138,-2.2999997,-20.0,-6.4000015,0.4,0.3,false,false,19,-12,-32,222,125,215,282,240,2,0,665419220,672416605
S,1704,80,136,-1.9999998,-20.0,-6.0000014,0.4,0.3,false,false,19,-14,-34,222,123,215,280,240,2,0,665419220,672416605
S,1705,80,134,-1.6999998,-20.0,-5.6000013,0.4,0.3,false,false,19,-16,-36,222,121,215,278,240,2,0,665419220,672416605
S,1706,80,132,-1.3999999,-20.0,-5.2000012,0.4,0.3,false,false,19,-18,-38,222,119,215,276,240,2,0,665419220,672416605
S,1707,80,130,-1.0999999,-20.0,-4.800001,0.4,0.3,false,false,19,-20,-40,222,117,215,274,240,2,0,665419220,672416605
S,1708,80,129,-0.7999999,-20.0,-4.400001,0.4,0.3,false,false,19,-22,-42,222,115,215,272,240,2,0,665419220,672416605
S,1709,80,128,-0.49999988,-20.0,-4.000001,0.4,0.3,false,false,19,0,-44,222,113,215,270,240,2,0,665419220,672416605
S,1710,80,127,-0.19999987,-20.0,-3.6000009,0.4,0.3,false,false,19,-2,-46,222,111,215,268,240,2,0,665419220,672416605
S,1711,80,127,0.10000014,-20.0,-3.2000008,0.4,0.3,false,false,19,-4,-48,222,109,215,266,240,2,0,665419220,672416605
S,1712,80,127,0.40000015,-20.0,-2.8000007,0.4,0.3,false,false,19,-6,-50,222,107,215,264,240,2,0,665419220,672416605
S,1713,80,127,0.70000017,-20.0,-2.4000006,0.4,0.3,false,false,19,-8,-52,222,105,215,262,240,2,0,665419220,672416605
S,1714,80,128,1.0000002,-20.0,-2.0000005,0.4,0.3,false,false,19,-10,103,215,260,240,417,245,2,0,579826153,637540665
S,1715,80,129,1.3000002,-20.0,-1.6000005,0.4,0.3,false,false,19,-12,101,215,258,240,415,245,2,0,579826153,637540665
S,1716,80,130,1.6000001,-20.0,-1.2000005,0.4,0.3,false,false,19,-14,99,215,256,240,413,245,2,0,579826153,637540665
S,1717,80,131,1.9000001,-20.0,-0.80000055,0.4,0.3,false,false,19,-16,97,215,254,240,411,245,2,0,579826153,637540665
S,1718,80,133,2.2,-20.0,-0.40000054,0.4,0.3,false,false,19,-18,95,215,252,240,409,245,2,0,579826153,637540665
S,1719,80,135,2.5,-20.0,-5.364418E-7,0.4,0.3,false,false,19,-20,93,215,250,240,407,245,2,0,579826153,637540665
S,1720,80,137,2.8,-20.0,0.39999947,0.4,0.3,false,false,19,-22,91,215,248,240,405,245,2,0,579826153,637540665
S,1721,80,140,3.1,-19.6,0.7999995,0.4,0.3,false,false,19,0,89,215,246,240,403,245,2,0,579826153,637540665
S,1722,80,143,3.3999999,-18.800001,1.1999995,0.4,0.3,false,false,19,-2,87,215,244,240,401,245,2,0,579826153,637540665
S,1723,80,146,3.6999998,-17.600002,1.5999994,0.4,0.3,false,false,19,-4,85,215,242,240,399,245,2,0,579826153,637540665
S,1724,80,150,3.9999998,-16.000004,1.9999994,0.4,0.3,false,false,19,-6,83,215,240,240,397,245,2,0,579826153,637540665
S,1725,80,154,4.2999997,-14.000005,2.3999994,0.4,0.3,false,false,19,-8,81,215,238,240,395,245,2,0,579826153,637540665
S,1726,80,158,4.6,-11.600005,2.7999995,0.4,0.3,false,false,20,-10,79,215,236,240,393,245,2,0,579826153,637540665
S,1727,80,162,4.9,-8.800006,3.1999996,0.4,0.3,false,false,20,-12,77,215,234,240,391,245,2,0,579826153,637540665
S,1728,80,167,5.2000003,-5.600006,3.5999997,0.4,0.3,false,false,20,-14,75,215,232,240,389,245,2,0,579826153,637540665
S,1729,80,172,5.5000005,-2.0000064,3.9999998,0.4,0.3,false,false,20,-16,73,215,230,240,387,245,2,0,579826153,637540665
S,1730,80,177,5.8000007,1.9999933,4.3999996,0.4,0.3,false,false,20,-18,71,215,228,240,385,245,2,0,579826153,637540665
S,1731,80,183,6.100001,6.399993,4.7999997,0.4,0.3,false,false,20,-20,69,215,226,240,383,245,2,0,579826153,637540665
S,1732,80,189,6.400001,11.199993,5.2,0.4,0.3,false,false,20,-22,67,215,224,240,381,245,2,0,579826153,637540665
S,1733,80,195,6.7000012,16.399994,5.6,0.4,0.3,true,false,20,0,65,215,222,240,379,245,0,0,579826153,637540665
END,1733,score=20
